duration,count,energy(kT),concentration(uM)
1,142333,1.0,10.0
2,92429,1.0,10.0
3,72216,1.0,10.0
4,58183,1.0,10.0
5,46558,1.0,10.0
6,37829,1.0,10.0
7,30887,1.0,10.0
8,25188,1.0,10.0
9,20340,1.0,10.0
10,16951,1.0,10.0
11,13944,1.0,10.0
12,11495,1.0,10.0
13,9609,1.0,10.0
14,8143,1.0,10.0
15,6648,1.0,10.0
16,5529,1.0,10.0
17,4731,1.0,10.0
18,4111,1.0,10.0
19,3434,1.0,10.0
20,2948,1.0,10.0
21,2376,1.0,10.0
22,2143,1.0,10.0
23,1777,1.0,10.0
24,1630,1.0,10.0
25,1404,1.0,10.0
26,1170,1.0,10.0
27,978,1.0,10.0
28,943,1.0,10.0
29,761,1.0,10.0
30,737,1.0,10.0
31,641,1.0,10.0
32,497,1.0,10.0
33,439,1.0,10.0
34,362,1.0,10.0
35,356,1.0,10.0
36,343,1.0,10.0
37,280,1.0,10.0
38,261,1.0,10.0
39,226,1.0,10.0
40,177,1.0,10.0
41,168,1.0,10.0
42,155,1.0,10.0
43,126,1.0,10.0
44,113,1.0,10.0
45,111,1.0,10.0
46,106,1.0,10.0
47,78,1.0,10.0
48,68,1.0,10.0
49,55,1.0,10.0
50,49,1.0,10.0
51,56,1.0,10.0
52,49,1.0,10.0
53,35,1.0,10.0
54,30,1.0,10.0
55,29,1.0,10.0
56,34,1.0,10.0
57,29,1.0,10.0
58,16,1.0,10.0
59,21,1.0,10.0
60,28,1.0,10.0
61,17,1.0,10.0
62,16,1.0,10.0
63,21,1.0,10.0
64,14,1.0,10.0
65,13,1.0,10.0
66,12,1.0,10.0
67,6,1.0,10.0
68,4,1.0,10.0
69,6,1.0,10.0
70,4,1.0,10.0
71,5,1.0,10.0
72,8,1.0,10.0
73,4,1.0,10.0
74,7,1.0,10.0
75,4,1.0,10.0
76,6,1.0,10.0
77,2,1.0,10.0
78,1,1.0,10.0
79,2,1.0,10.0
80,3,1.0,10.0
81,5,1.0,10.0
82,2,1.0,10.0
83,1,1.0,10.0
85,2,1.0,10.0
86,3,1.0,10.0
91,2,1.0,10.0
93,1,1.0,10.0
95,1,1.0,10.0
97,1,1.0,10.0
1,261598,1.0,20.0
2,164720,1.0,20.0
3,128329,1.0,20.0
4,102797,1.0,20.0
5,83068,1.0,20.0
6,67549,1.0,20.0
7,55417,1.0,20.0
8,45476,1.0,20.0
9,37653,1.0,20.0
10,31655,1.0,20.0
11,26325,1.0,20.0
12,22348,1.0,20.0
13,18479,1.0,20.0
14,15691,1.0,20.0
15,13587,1.0,20.0
16,11739,1.0,20.0
17,9792,1.0,20.0
18,8608,1.0,20.0
19,7311,1.0,20.0
20,6302,1.0,20.0
21,5544,1.0,20.0
22,4884,1.0,20.0
23,4226,1.0,20.0
24,3825,1.0,20.0
25,3324,1.0,20.0
26,3001,1.0,20.0
27,2479,1.0,20.0
28,2256,1.0,20.0
29,1971,1.0,20.0
30,1805,1.0,20.0
31,1610,1.0,20.0
32,1418,1.0,20.0
33,1258,1.0,20.0
34,1128,1.0,20.0
35,983,1.0,20.0
36,894,1.0,20.0
37,805,1.0,20.0
38,703,1.0,20.0
39,621,1.0,20.0
40,639,1.0,20.0
41,490,1.0,20.0
42,523,1.0,20.0
43,384,1.0,20.0
44,389,1.0,20.0
45,358,1.0,20.0
46,297,1.0,20.0
47,270,1.0,20.0
48,249,1.0,20.0
49,245,1.0,20.0
50,186,1.0,20.0
51,196,1.0,20.0
52,151,1.0,20.0
53,139,1.0,20.0
54,119,1.0,20.0
55,124,1.0,20.0
56,80,1.0,20.0
57,104,1.0,20.0
58,95,1.0,20.0
59,64,1.0,20.0
60,66,1.0,20.0
61,68,1.0,20.0
62,49,1.0,20.0
63,39,1.0,20.0
64,40,1.0,20.0
65,48,1.0,20.0
66,47,1.0,20.0
67,37,1.0,20.0
68,35,1.0,20.0
69,42,1.0,20.0
70,29,1.0,20.0
71,19,1.0,20.0
72,28,1.0,20.0
73,23,1.0,20.0
74,24,1.0,20.0
75,15,1.0,20.0
76,9,1.0,20.0
77,19,1.0,20.0
78,13,1.0,20.0
79,13,1.0,20.0
80,14,1.0,20.0
81,12,1.0,20.0
82,4,1.0,20.0
83,18,1.0,20.0
84,5,1.0,20.0
85,6,1.0,20.0
86,12,1.0,20.0
87,2,1.0,20.0
88,5,1.0,20.0
89,5,1.0,20.0
91,7,1.0,20.0
92,1,1.0,20.0
93,4,1.0,20.0
94,3,1.0,20.0
95,2,1.0,20.0
96,4,1.0,20.0
97,3,1.0,20.0
98,3,1.0,20.0
99,1,1.0,20.0
101,3,1.0,20.0
103,3,1.0,20.0
104,2,1.0,20.0
105,1,1.0,20.0
107,1,1.0,20.0
108,1,1.0,20.0
109,2,1.0,20.0
110,1,1.0,20.0
113,1,1.0,20.0
116,1,1.0,20.0
121,1,1.0,20.0
123,1,1.0,20.0
126,1,1.0,20.0
127,1,1.0,20.0
137,1,1.0,20.0
1,506462,1.0,40.0
2,286792,1.0,40.0
3,219653,1.0,40.0
4,176594,1.0,40.0
5,142351,1.0,40.0
6,116448,1.0,40.0
7,96162,1.0,40.0
8,80132,1.0,40.0
9,66604,1.0,40.0
10,56210,1.0,40.0
11,47805,1.0,40.0
12,40632,1.0,40.0
13,34654,1.0,40.0
14,29958,1.0,40.0
15,26042,1.0,40.0
16,22392,1.0,40.0
17,19515,1.0,40.0
18,17120,1.0,40.0
19,14878,1.0,40.0
20,12942,1.0,40.0
21,11644,1.0,40.0
22,10116,1.0,40.0
23,9102,1.0,40.0
24,7960,1.0,40.0
25,7257,1.0,40.0
26,6136,1.0,40.0
27,5521,1.0,40.0
28,5168,1.0,40.0
29,4533,1.0,40.0
30,4064,1.0,40.0
31,3584,1.0,40.0
32,3282,1.0,40.0
33,2923,1.0,40.0
34,2588,1.0,40.0
35,2324,1.0,40.0
36,2064,1.0,40.0
37,1913,1.0,40.0
38,1691,1.0,40.0
39,1542,1.0,40.0
40,1355,1.0,40.0
41,1269,1.0,40.0
42,1201,1.0,40.0
43,967,1.0,40.0
44,929,1.0,40.0
45,857,1.0,40.0
46,732,1.0,40.0
47,643,1.0,40.0
48,630,1.0,40.0
49,522,1.0,40.0
50,470,1.0,40.0
51,479,1.0,40.0
52,447,1.0,40.0
53,387,1.0,40.0
54,371,1.0,40.0
55,328,1.0,40.0
56,304,1.0,40.0
57,272,1.0,40.0
58,237,1.0,40.0
59,219,1.0,40.0
60,186,1.0,40.0
61,187,1.0,40.0
62,149,1.0,40.0
63,142,1.0,40.0
64,132,1.0,40.0
65,134,1.0,40.0
66,114,1.0,40.0
67,98,1.0,40.0
68,84,1.0,40.0
69,85,1.0,40.0
70,74,1.0,40.0
71,72,1.0,40.0
72,69,1.0,40.0
73,75,1.0,40.0
74,60,1.0,40.0
75,40,1.0,40.0
76,53,1.0,40.0
77,46,1.0,40.0
78,37,1.0,40.0
79,31,1.0,40.0
80,21,1.0,40.0
81,32,1.0,40.0
82,28,1.0,40.0
83,24,1.0,40.0
84,22,1.0,40.0
85,25,1.0,40.0
86,21,1.0,40.0
87,12,1.0,40.0
88,15,1.0,40.0
89,11,1.0,40.0
90,7,1.0,40.0
91,12,1.0,40.0
92,15,1.0,40.0
93,13,1.0,40.0
94,8,1.0,40.0
95,7,1.0,40.0
96,5,1.0,40.0
97,8,1.0,40.0
98,6,1.0,40.0
99,5,1.0,40.0
100,8,1.0,40.0
101,6,1.0,40.0
102,6,1.0,40.0
103,2,1.0,40.0
104,4,1.0,40.0
105,2,1.0,40.0
106,2,1.0,40.0
107,1,1.0,40.0
108,3,1.0,40.0
109,2,1.0,40.0
110,2,1.0,40.0
111,4,1.0,40.0
112,2,1.0,40.0
113,6,1.0,40.0
114,1,1.0,40.0
115,1,1.0,40.0
118,1,1.0,40.0
120,2,1.0,40.0
121,4,1.0,40.0
123,2,1.0,40.0
127,1,1.0,40.0
133,1,1.0,40.0
135,1,1.0,40.0
136,1,1.0,40.0
143,2,1.0,40.0
145,1,1.0,40.0
146,1,1.0,40.0
180,1,1.0,40.0
1,827412,1.0,60.0
2,411299,1.0,60.0
3,307051,1.0,60.0
4,243013,1.0,60.0
5,195746,1.0,60.0
6,158961,1.0,60.0
7,131469,1.0,60.0
8,108455,1.0,60.0
9,90144,1.0,60.0
10,76410,1.0,60.0
11,64971,1.0,60.0
12,54914,1.0,60.0
13,47221,1.0,60.0
14,40356,1.0,60.0
15,34922,1.0,60.0
16,29942,1.0,60.0
17,26120,1.0,60.0
18,22647,1.0,60.0
19,19974,1.0,60.0
20,17496,1.0,60.0
21,15405,1.0,60.0
22,13499,1.0,60.0
23,12133,1.0,60.0
24,10517,1.0,60.0
25,9486,1.0,60.0
26,8344,1.0,60.0
27,7300,1.0,60.0
28,6688,1.0,60.0
29,5689,1.0,60.0
30,5164,1.0,60.0
31,4580,1.0,60.0
32,4068,1.0,60.0
33,3684,1.0,60.0
34,3381,1.0,60.0
35,2905,1.0,60.0
36,2643,1.0,60.0
37,2451,1.0,60.0
38,2086,1.0,60.0
39,1976,1.0,60.0
40,1687,1.0,60.0
41,1480,1.0,60.0
42,1371,1.0,60.0
43,1153,1.0,60.0
44,1059,1.0,60.0
45,1028,1.0,60.0
46,954,1.0,60.0
47,806,1.0,60.0
48,701,1.0,60.0
49,651,1.0,60.0
50,564,1.0,60.0
51,551,1.0,60.0
52,474,1.0,60.0
53,463,1.0,60.0
54,388,1.0,60.0
55,347,1.0,60.0
56,313,1.0,60.0
57,281,1.0,60.0
58,241,1.0,60.0
59,250,1.0,60.0
60,219,1.0,60.0
61,155,1.0,60.0
62,171,1.0,60.0
63,148,1.0,60.0
64,163,1.0,60.0
65,130,1.0,60.0
66,133,1.0,60.0
67,101,1.0,60.0
68,97,1.0,60.0
69,77,1.0,60.0
70,88,1.0,60.0
71,76,1.0,60.0
72,47,1.0,60.0
73,64,1.0,60.0
74,58,1.0,60.0
75,51,1.0,60.0
76,43,1.0,60.0
77,40,1.0,60.0
78,41,1.0,60.0
79,25,1.0,60.0
80,28,1.0,60.0
81,26,1.0,60.0
82,33,1.0,60.0
83,29,1.0,60.0
84,14,1.0,60.0
85,23,1.0,60.0
86,17,1.0,60.0
87,14,1.0,60.0
88,17,1.0,60.0
89,10,1.0,60.0
90,10,1.0,60.0
91,16,1.0,60.0
92,10,1.0,60.0
93,11,1.0,60.0
94,9,1.0,60.0
95,6,1.0,60.0
96,4,1.0,60.0
97,7,1.0,60.0
98,9,1.0,60.0
99,9,1.0,60.0
100,7,1.0,60.0
101,5,1.0,60.0
102,4,1.0,60.0
103,4,1.0,60.0
104,2,1.0,60.0
105,3,1.0,60.0
106,3,1.0,60.0
107,5,1.0,60.0
108,1,1.0,60.0
109,2,1.0,60.0
110,3,1.0,60.0
111,1,1.0,60.0
113,1,1.0,60.0
114,2,1.0,60.0
115,1,1.0,60.0
116,2,1.0,60.0
117,2,1.0,60.0
120,1,1.0,60.0
121,1,1.0,60.0
122,1,1.0,60.0
123,1,1.0,60.0
124,1,1.0,60.0
126,1,1.0,60.0
128,1,1.0,60.0
130,1,1.0,60.0
147,1,1.0,60.0
1,158876,2.8,10.0
2,110901,2.8,10.0
3,82092,2.8,10.0
4,62063,2.8,10.0
5,48120,2.8,10.0
6,37656,2.8,10.0
7,30381,2.8,10.0
8,24822,2.8,10.0
9,20475,2.8,10.0
10,16897,2.8,10.0
11,14046,2.8,10.0
12,11897,2.8,10.0
13,9982,2.8,10.0
14,8443,2.8,10.0
15,7213,2.8,10.0
16,6159,2.8,10.0
17,5402,2.8,10.0
18,4781,2.8,10.0
19,3891,2.8,10.0
20,3513,2.8,10.0
21,2971,2.8,10.0
22,2611,2.8,10.0
23,2313,2.8,10.0
24,2102,2.8,10.0
25,1811,2.8,10.0
26,1549,2.8,10.0
27,1372,2.8,10.0
28,1244,2.8,10.0
29,1103,2.8,10.0
30,1018,2.8,10.0
31,829,2.8,10.0
32,738,2.8,10.0
33,711,2.8,10.0
34,673,2.8,10.0
35,546,2.8,10.0
36,536,2.8,10.0
37,451,2.8,10.0
38,423,2.8,10.0
39,339,2.8,10.0
40,317,2.8,10.0
41,325,2.8,10.0
42,274,2.8,10.0
43,220,2.8,10.0
44,219,2.8,10.0
45,212,2.8,10.0
46,195,2.8,10.0
47,149,2.8,10.0
48,148,2.8,10.0
49,166,2.8,10.0
50,120,2.8,10.0
51,115,2.8,10.0
52,102,2.8,10.0
53,104,2.8,10.0
54,93,2.8,10.0
55,82,2.8,10.0
56,76,2.8,10.0
57,64,2.8,10.0
58,75,2.8,10.0
59,66,2.8,10.0
60,64,2.8,10.0
61,52,2.8,10.0
62,51,2.8,10.0
63,38,2.8,10.0
64,40,2.8,10.0
65,25,2.8,10.0
66,34,2.8,10.0
67,35,2.8,10.0
68,25,2.8,10.0
69,29,2.8,10.0
70,24,2.8,10.0
71,23,2.8,10.0
72,21,2.8,10.0
73,15,2.8,10.0
74,12,2.8,10.0
75,20,2.8,10.0
76,15,2.8,10.0
77,17,2.8,10.0
78,16,2.8,10.0
79,8,2.8,10.0
80,14,2.8,10.0
81,7,2.8,10.0
82,7,2.8,10.0
83,15,2.8,10.0
84,5,2.8,10.0
85,7,2.8,10.0
86,7,2.8,10.0
87,5,2.8,10.0
88,6,2.8,10.0
89,5,2.8,10.0
90,6,2.8,10.0
91,5,2.8,10.0
92,2,2.8,10.0
93,7,2.8,10.0
94,2,2.8,10.0
95,5,2.8,10.0
96,1,2.8,10.0
97,2,2.8,10.0
98,3,2.8,10.0
99,3,2.8,10.0
100,3,2.8,10.0
101,4,2.8,10.0
102,4,2.8,10.0
103,3,2.8,10.0
104,4,2.8,10.0
105,5,2.8,10.0
106,2,2.8,10.0
107,2,2.8,10.0
108,4,2.8,10.0
111,2,2.8,10.0
112,1,2.8,10.0
113,2,2.8,10.0
114,1,2.8,10.0
115,3,2.8,10.0
116,1,2.8,10.0
118,3,2.8,10.0
121,1,2.8,10.0
123,2,2.8,10.0
124,1,2.8,10.0
128,1,2.8,10.0
130,1,2.8,10.0
135,1,2.8,10.0
137,1,2.8,10.0
160,1,2.8,10.0
161,1,2.8,10.0
1,255617,2.8,20.0
2,178297,2.8,20.0
3,131264,2.8,20.0
4,99084,2.8,20.0
5,77052,2.8,20.0
6,61615,2.8,20.0
7,50383,2.8,20.0
8,41285,2.8,20.0
9,34626,2.8,20.0
10,29311,2.8,20.0
11,25024,2.8,20.0
12,21564,2.8,20.0
13,18474,2.8,20.0
14,16212,2.8,20.0
15,14146,2.8,20.0
16,12397,2.8,20.0
17,11091,2.8,20.0
18,9693,2.8,20.0
19,8813,2.8,20.0
20,7787,2.8,20.0
21,7058,2.8,20.0
22,6330,2.8,20.0
23,5659,2.8,20.0
24,5119,2.8,20.0
25,4638,2.8,20.0
26,4229,2.8,20.0
27,3876,2.8,20.0
28,3457,2.8,20.0
29,3308,2.8,20.0
30,2846,2.8,20.0
31,2711,2.8,20.0
32,2523,2.8,20.0
33,2267,2.8,20.0
34,2115,2.8,20.0
35,1912,2.8,20.0
36,1758,2.8,20.0
37,1605,2.8,20.0
38,1575,2.8,20.0
39,1416,2.8,20.0
40,1306,2.8,20.0
41,1218,2.8,20.0
42,1093,2.8,20.0
43,1030,2.8,20.0
44,955,2.8,20.0
45,891,2.8,20.0
46,830,2.8,20.0
47,777,2.8,20.0
48,680,2.8,20.0
49,641,2.8,20.0
50,629,2.8,20.0
51,598,2.8,20.0
52,517,2.8,20.0
53,492,2.8,20.0
54,470,2.8,20.0
55,420,2.8,20.0
56,407,2.8,20.0
57,373,2.8,20.0
58,367,2.8,20.0
59,319,2.8,20.0
60,320,2.8,20.0
61,279,2.8,20.0
62,267,2.8,20.0
63,247,2.8,20.0
64,241,2.8,20.0
65,224,2.8,20.0
66,220,2.8,20.0
67,201,2.8,20.0
68,179,2.8,20.0
69,181,2.8,20.0
70,181,2.8,20.0
71,150,2.8,20.0
72,132,2.8,20.0
73,135,2.8,20.0
74,116,2.8,20.0
75,127,2.8,20.0
76,120,2.8,20.0
77,101,2.8,20.0
78,100,2.8,20.0
79,93,2.8,20.0
80,86,2.8,20.0
81,84,2.8,20.0
82,78,2.8,20.0
83,84,2.8,20.0
84,84,2.8,20.0
85,66,2.8,20.0
86,52,2.8,20.0
87,52,2.8,20.0
88,62,2.8,20.0
89,48,2.8,20.0
90,40,2.8,20.0
91,41,2.8,20.0
92,48,2.8,20.0
93,42,2.8,20.0
94,41,2.8,20.0
95,29,2.8,20.0
96,25,2.8,20.0
97,30,2.8,20.0
98,26,2.8,20.0
99,26,2.8,20.0
100,29,2.8,20.0
101,24,2.8,20.0
102,21,2.8,20.0
103,23,2.8,20.0
104,27,2.8,20.0
105,17,2.8,20.0
106,25,2.8,20.0
107,13,2.8,20.0
108,19,2.8,20.0
109,17,2.8,20.0
110,17,2.8,20.0
111,16,2.8,20.0
112,9,2.8,20.0
113,12,2.8,20.0
114,13,2.8,20.0
115,15,2.8,20.0
116,10,2.8,20.0
117,10,2.8,20.0
118,7,2.8,20.0
119,5,2.8,20.0
120,7,2.8,20.0
121,5,2.8,20.0
122,6,2.8,20.0
123,6,2.8,20.0
124,9,2.8,20.0
125,4,2.8,20.0
126,12,2.8,20.0
127,9,2.8,20.0
128,1,2.8,20.0
129,4,2.8,20.0
130,3,2.8,20.0
131,6,2.8,20.0
132,7,2.8,20.0
133,2,2.8,20.0
134,6,2.8,20.0
135,5,2.8,20.0
136,3,2.8,20.0
137,3,2.8,20.0
138,7,2.8,20.0
139,5,2.8,20.0
140,5,2.8,20.0
141,1,2.8,20.0
142,2,2.8,20.0
143,1,2.8,20.0
144,6,2.8,20.0
145,1,2.8,20.0
146,2,2.8,20.0
147,3,2.8,20.0
148,2,2.8,20.0
149,2,2.8,20.0
150,1,2.8,20.0
151,2,2.8,20.0
152,1,2.8,20.0
153,1,2.8,20.0
158,1,2.8,20.0
159,1,2.8,20.0
160,3,2.8,20.0
165,2,2.8,20.0
168,1,2.8,20.0
173,1,2.8,20.0
179,2,2.8,20.0
180,1,2.8,20.0
181,1,2.8,20.0
183,1,2.8,20.0
185,1,2.8,20.0
194,1,2.8,20.0
1,387030,2.8,40.0
2,268098,2.8,40.0
3,194687,2.8,40.0
4,147051,2.8,40.0
5,115167,2.8,40.0
6,92873,2.8,40.0
7,76253,2.8,40.0
8,63664,2.8,40.0
9,54775,2.8,40.0
10,46962,2.8,40.0
11,41267,2.8,40.0
12,36194,2.8,40.0
13,32561,2.8,40.0
14,29062,2.8,40.0
15,26404,2.8,40.0
16,23361,2.8,40.0
17,21274,2.8,40.0
18,19729,2.8,40.0
19,17651,2.8,40.0
20,16433,2.8,40.0
21,15041,2.8,40.0
22,13808,2.8,40.0
23,13017,2.8,40.0
24,11650,2.8,40.0
25,10991,2.8,40.0
26,10213,2.8,40.0
27,9592,2.8,40.0
28,8879,2.8,40.0
29,8461,2.8,40.0
30,7802,2.8,40.0
31,7290,2.8,40.0
32,6691,2.8,40.0
33,6377,2.8,40.0
34,5893,2.8,40.0
35,5486,2.8,40.0
36,5184,2.8,40.0
37,4842,2.8,40.0
38,4446,2.8,40.0
39,4209,2.8,40.0
40,4000,2.8,40.0
41,3724,2.8,40.0
42,3455,2.8,40.0
43,3399,2.8,40.0
44,3025,2.8,40.0
45,2883,2.8,40.0
46,2763,2.8,40.0
47,2552,2.8,40.0
48,2444,2.8,40.0
49,2253,2.8,40.0
50,2126,2.8,40.0
51,1994,2.8,40.0
52,1844,2.8,40.0
53,1843,2.8,40.0
54,1684,2.8,40.0
55,1599,2.8,40.0
56,1445,2.8,40.0
57,1366,2.8,40.0
58,1291,2.8,40.0
59,1199,2.8,40.0
60,1141,2.8,40.0
61,1174,2.8,40.0
62,1008,2.8,40.0
63,946,2.8,40.0
64,930,2.8,40.0
65,869,2.8,40.0
66,850,2.8,40.0
67,797,2.8,40.0
68,728,2.8,40.0
69,694,2.8,40.0
70,654,2.8,40.0
71,643,2.8,40.0
72,560,2.8,40.0
73,592,2.8,40.0
74,485,2.8,40.0
75,530,2.8,40.0
76,465,2.8,40.0
77,446,2.8,40.0
78,425,2.8,40.0
79,406,2.8,40.0
80,365,2.8,40.0
81,325,2.8,40.0
82,292,2.8,40.0
83,316,2.8,40.0
84,311,2.8,40.0
85,256,2.8,40.0
86,242,2.8,40.0
87,214,2.8,40.0
88,207,2.8,40.0
89,211,2.8,40.0
90,226,2.8,40.0
91,194,2.8,40.0
92,178,2.8,40.0
93,154,2.8,40.0
94,169,2.8,40.0
95,156,2.8,40.0
96,146,2.8,40.0
97,152,2.8,40.0
98,126,2.8,40.0
99,125,2.8,40.0
100,119,2.8,40.0
101,108,2.8,40.0
102,103,2.8,40.0
103,102,2.8,40.0
104,99,2.8,40.0
105,78,2.8,40.0
106,96,2.8,40.0
107,101,2.8,40.0
108,64,2.8,40.0
109,67,2.8,40.0
110,78,2.8,40.0
111,60,2.8,40.0
112,56,2.8,40.0
113,53,2.8,40.0
114,62,2.8,40.0
115,39,2.8,40.0
116,51,2.8,40.0
117,53,2.8,40.0
118,39,2.8,40.0
119,39,2.8,40.0
120,37,2.8,40.0
121,33,2.8,40.0
122,27,2.8,40.0
123,32,2.8,40.0
124,28,2.8,40.0
125,33,2.8,40.0
126,21,2.8,40.0
127,26,2.8,40.0
128,26,2.8,40.0
129,30,2.8,40.0
130,18,2.8,40.0
131,13,2.8,40.0
132,15,2.8,40.0
133,20,2.8,40.0
134,24,2.8,40.0
135,18,2.8,40.0
136,17,2.8,40.0
137,14,2.8,40.0
138,24,2.8,40.0
139,13,2.8,40.0
140,7,2.8,40.0
141,12,2.8,40.0
142,7,2.8,40.0
143,11,2.8,40.0
144,11,2.8,40.0
145,14,2.8,40.0
146,11,2.8,40.0
147,9,2.8,40.0
148,12,2.8,40.0
149,11,2.8,40.0
150,10,2.8,40.0
151,5,2.8,40.0
152,5,2.8,40.0
153,8,2.8,40.0
154,7,2.8,40.0
155,5,2.8,40.0
156,6,2.8,40.0
157,9,2.8,40.0
158,4,2.8,40.0
159,3,2.8,40.0
160,5,2.8,40.0
161,10,2.8,40.0
162,3,2.8,40.0
163,3,2.8,40.0
164,2,2.8,40.0
165,8,2.8,40.0
166,2,2.8,40.0
167,2,2.8,40.0
168,1,2.8,40.0
170,2,2.8,40.0
171,1,2.8,40.0
173,1,2.8,40.0
174,2,2.8,40.0
175,1,2.8,40.0
176,3,2.8,40.0
177,1,2.8,40.0
178,1,2.8,40.0
179,1,2.8,40.0
180,2,2.8,40.0
181,2,2.8,40.0
182,1,2.8,40.0
183,1,2.8,40.0
184,1,2.8,40.0
185,2,2.8,40.0
186,1,2.8,40.0
187,3,2.8,40.0
189,2,2.8,40.0
190,1,2.8,40.0
191,1,2.8,40.0
193,1,2.8,40.0
204,1,2.8,40.0
206,1,2.8,40.0
207,2,2.8,40.0
208,1,2.8,40.0
210,1,2.8,40.0
214,1,2.8,40.0
221,1,2.8,40.0
227,1,2.8,40.0
231,1,2.8,40.0
1,528478,2.8,60.0
2,365155,2.8,60.0
3,263706,2.8,60.0
4,199968,2.8,60.0
5,156237,2.8,60.0
6,125238,2.8,60.0
7,102795,2.8,60.0
8,87704,2.8,60.0
9,75008,2.8,60.0
10,65220,2.8,60.0
11,57586,2.8,60.0
12,51146,2.8,60.0
13,46030,2.8,60.0
14,41443,2.8,60.0
15,37874,2.8,60.0
16,34752,2.8,60.0
17,31809,2.8,60.0
18,28812,2.8,60.0
19,26845,2.8,60.0
20,24970,2.8,60.0
21,23199,2.8,60.0
22,21355,2.8,60.0
23,19958,2.8,60.0
24,18731,2.8,60.0
25,17232,2.8,60.0
26,16146,2.8,60.0
27,15106,2.8,60.0
28,14155,2.8,60.0
29,13237,2.8,60.0
30,12471,2.8,60.0
31,11581,2.8,60.0
32,10938,2.8,60.0
33,10257,2.8,60.0
34,9405,2.8,60.0
35,8824,2.8,60.0
36,8487,2.8,60.0
37,7798,2.8,60.0
38,7436,2.8,60.0
39,6774,2.8,60.0
40,6525,2.8,60.0
41,5956,2.8,60.0
42,5769,2.8,60.0
43,5396,2.8,60.0
44,5016,2.8,60.0
45,4754,2.8,60.0
46,4569,2.8,60.0
47,4373,2.8,60.0
48,3939,2.8,60.0
49,3782,2.8,60.0
50,3640,2.8,60.0
51,3315,2.8,60.0
52,3136,2.8,60.0
53,3011,2.8,60.0
54,2751,2.8,60.0
55,2644,2.8,60.0
56,2450,2.8,60.0
57,2240,2.8,60.0
58,2267,2.8,60.0
59,2111,2.8,60.0
60,1981,2.8,60.0
61,1814,2.8,60.0
62,1732,2.8,60.0
63,1659,2.8,60.0
64,1548,2.8,60.0
65,1420,2.8,60.0
66,1359,2.8,60.0
67,1274,2.8,60.0
68,1256,2.8,60.0
69,1128,2.8,60.0
70,1068,2.8,60.0
71,1017,2.8,60.0
72,962,2.8,60.0
73,880,2.8,60.0
74,839,2.8,60.0
75,783,2.8,60.0
76,802,2.8,60.0
77,700,2.8,60.0
78,649,2.8,60.0
79,661,2.8,60.0
80,621,2.8,60.0
81,531,2.8,60.0
82,497,2.8,60.0
83,514,2.8,60.0
84,488,2.8,60.0
85,464,2.8,60.0
86,422,2.8,60.0
87,417,2.8,60.0
88,372,2.8,60.0
89,372,2.8,60.0
90,322,2.8,60.0
91,329,2.8,60.0
92,284,2.8,60.0
93,302,2.8,60.0
94,266,2.8,60.0
95,260,2.8,60.0
96,221,2.8,60.0
97,230,2.8,60.0
98,216,2.8,60.0
99,222,2.8,60.0
100,189,2.8,60.0
101,146,2.8,60.0
102,176,2.8,60.0
103,177,2.8,60.0
104,159,2.8,60.0
105,173,2.8,60.0
106,131,2.8,60.0
107,116,2.8,60.0
108,134,2.8,60.0
109,116,2.8,60.0
110,112,2.8,60.0
111,93,2.8,60.0
112,99,2.8,60.0
113,90,2.8,60.0
114,86,2.8,60.0
115,74,2.8,60.0
116,72,2.8,60.0
117,79,2.8,60.0
118,87,2.8,60.0
119,70,2.8,60.0
120,57,2.8,60.0
121,66,2.8,60.0
122,48,2.8,60.0
123,43,2.8,60.0
124,37,2.8,60.0
125,42,2.8,60.0
126,41,2.8,60.0
127,45,2.8,60.0
128,44,2.8,60.0
129,26,2.8,60.0
130,40,2.8,60.0
131,37,2.8,60.0
132,38,2.8,60.0
133,35,2.8,60.0
134,36,2.8,60.0
135,20,2.8,60.0
136,27,2.8,60.0
137,26,2.8,60.0
138,25,2.8,60.0
139,14,2.8,60.0
140,21,2.8,60.0
141,20,2.8,60.0
142,17,2.8,60.0
143,21,2.8,60.0
144,18,2.8,60.0
145,9,2.8,60.0
146,16,2.8,60.0
147,16,2.8,60.0
148,9,2.8,60.0
149,9,2.8,60.0
150,12,2.8,60.0
151,7,2.8,60.0
152,12,2.8,60.0
153,10,2.8,60.0
154,6,2.8,60.0
155,6,2.8,60.0
156,7,2.8,60.0
157,6,2.8,60.0
158,3,2.8,60.0
159,3,2.8,60.0
160,2,2.8,60.0
161,7,2.8,60.0
162,2,2.8,60.0
163,12,2.8,60.0
164,4,2.8,60.0
165,3,2.8,60.0
166,7,2.8,60.0
167,6,2.8,60.0
168,4,2.8,60.0
169,7,2.8,60.0
170,2,2.8,60.0
171,2,2.8,60.0
172,7,2.8,60.0
173,5,2.8,60.0
174,3,2.8,60.0
175,5,2.8,60.0
176,3,2.8,60.0
177,3,2.8,60.0
178,1,2.8,60.0
179,2,2.8,60.0
180,3,2.8,60.0
181,3,2.8,60.0
182,3,2.8,60.0
183,3,2.8,60.0
184,1,2.8,60.0
186,2,2.8,60.0
187,3,2.8,60.0
188,2,2.8,60.0
189,3,2.8,60.0
190,1,2.8,60.0
191,2,2.8,60.0
192,1,2.8,60.0
194,1,2.8,60.0
195,1,2.8,60.0
196,1,2.8,60.0
198,1,2.8,60.0
200,1,2.8,60.0
202,2,2.8,60.0
203,1,2.8,60.0
205,1,2.8,60.0
206,1,2.8,60.0
208,1,2.8,60.0
211,1,2.8,60.0
214,1,2.8,60.0
221,1,2.8,60.0
222,1,2.8,60.0
242,1,2.8,60.0
255,1,2.8,60.0
264,1,2.8,60.0
1,133913,3.0,10.0
2,99649,3.0,10.0
3,76114,3.0,10.0
4,59713,3.0,10.0
5,47378,3.0,10.0
6,38455,3.0,10.0
7,31573,3.0,10.0
8,25757,3.0,10.0
9,21551,3.0,10.0
10,17841,3.0,10.0
11,14945,3.0,10.0
12,12618,3.0,10.0
13,10751,3.0,10.0
14,9132,3.0,10.0
15,7890,3.0,10.0
16,6596,3.0,10.0
17,5698,3.0,10.0
18,4906,3.0,10.0
19,4351,3.0,10.0
20,3796,3.0,10.0
21,3252,3.0,10.0
22,2843,3.0,10.0
23,2566,3.0,10.0
24,2139,3.0,10.0
25,1947,3.0,10.0
26,1674,3.0,10.0
27,1569,3.0,10.0
28,1269,3.0,10.0
29,1161,3.0,10.0
30,1093,3.0,10.0
31,891,3.0,10.0
32,843,3.0,10.0
33,765,3.0,10.0
34,688,3.0,10.0
35,568,3.0,10.0
36,529,3.0,10.0
37,471,3.0,10.0
38,437,3.0,10.0
39,357,3.0,10.0
40,309,3.0,10.0
41,316,3.0,10.0
42,276,3.0,10.0
43,250,3.0,10.0
44,224,3.0,10.0
45,184,3.0,10.0
46,176,3.0,10.0
47,194,3.0,10.0
48,163,3.0,10.0
49,149,3.0,10.0
50,135,3.0,10.0
51,129,3.0,10.0
52,115,3.0,10.0
53,103,3.0,10.0
54,87,3.0,10.0
55,72,3.0,10.0
56,68,3.0,10.0
57,80,3.0,10.0
58,67,3.0,10.0
59,49,3.0,10.0
60,60,3.0,10.0
61,43,3.0,10.0
62,51,3.0,10.0
63,41,3.0,10.0
64,39,3.0,10.0
65,36,3.0,10.0
66,34,3.0,10.0
67,22,3.0,10.0
68,33,3.0,10.0
69,28,3.0,10.0
70,30,3.0,10.0
71,26,3.0,10.0
72,29,3.0,10.0
73,14,3.0,10.0
74,19,3.0,10.0
75,13,3.0,10.0
76,18,3.0,10.0
77,13,3.0,10.0
78,15,3.0,10.0
79,10,3.0,10.0
80,12,3.0,10.0
81,11,3.0,10.0
82,7,3.0,10.0
83,8,3.0,10.0
84,16,3.0,10.0
85,8,3.0,10.0
86,6,3.0,10.0
87,7,3.0,10.0
88,5,3.0,10.0
89,6,3.0,10.0
90,8,3.0,10.0
91,3,3.0,10.0
92,3,3.0,10.0
93,3,3.0,10.0
94,3,3.0,10.0
95,10,3.0,10.0
96,2,3.0,10.0
97,5,3.0,10.0
98,5,3.0,10.0
100,2,3.0,10.0
101,3,3.0,10.0
102,2,3.0,10.0
103,2,3.0,10.0
104,3,3.0,10.0
105,4,3.0,10.0
106,4,3.0,10.0
107,1,3.0,10.0
108,2,3.0,10.0
109,3,3.0,10.0
111,2,3.0,10.0
112,2,3.0,10.0
113,2,3.0,10.0
116,2,3.0,10.0
117,3,3.0,10.0
118,2,3.0,10.0
119,2,3.0,10.0
121,1,3.0,10.0
123,2,3.0,10.0
125,1,3.0,10.0
128,1,3.0,10.0
132,1,3.0,10.0
133,1,3.0,10.0
136,1,3.0,10.0
143,1,3.0,10.0
149,1,3.0,10.0
170,1,3.0,10.0
179,1,3.0,10.0
1,206111,3.0,20.0
2,154194,3.0,20.0
3,118622,3.0,20.0
4,93352,3.0,20.0
5,74593,3.0,20.0
6,61085,3.0,20.0
7,50760,3.0,20.0
8,42062,3.0,20.0
9,35647,3.0,20.0
10,30444,3.0,20.0
11,25892,3.0,20.0
12,22149,3.0,20.0
13,19267,3.0,20.0
14,16920,3.0,20.0
15,14680,3.0,20.0
16,12991,3.0,20.0
17,11286,3.0,20.0
18,10295,3.0,20.0
19,9008,3.0,20.0
20,8141,3.0,20.0
21,7260,3.0,20.0
22,6609,3.0,20.0
23,5837,3.0,20.0
24,5281,3.0,20.0
25,4982,3.0,20.0
26,4452,3.0,20.0
27,3994,3.0,20.0
28,3718,3.0,20.0
29,3359,3.0,20.0
30,3231,3.0,20.0
31,2932,3.0,20.0
32,2672,3.0,20.0
33,2458,3.0,20.0
34,2267,3.0,20.0
35,2082,3.0,20.0
36,1947,3.0,20.0
37,1800,3.0,20.0
38,1694,3.0,20.0
39,1507,3.0,20.0
40,1390,3.0,20.0
41,1379,3.0,20.0
42,1256,3.0,20.0
43,1131,3.0,20.0
44,997,3.0,20.0
45,943,3.0,20.0
46,878,3.0,20.0
47,832,3.0,20.0
48,802,3.0,20.0
49,726,3.0,20.0
50,721,3.0,20.0
51,644,3.0,20.0
52,584,3.0,20.0
53,590,3.0,20.0
54,526,3.0,20.0
55,498,3.0,20.0
56,441,3.0,20.0
57,486,3.0,20.0
58,402,3.0,20.0
59,364,3.0,20.0
60,375,3.0,20.0
61,355,3.0,20.0
62,329,3.0,20.0
63,296,3.0,20.0
64,286,3.0,20.0
65,268,3.0,20.0
66,239,3.0,20.0
67,228,3.0,20.0
68,223,3.0,20.0
69,194,3.0,20.0
70,209,3.0,20.0
71,175,3.0,20.0
72,194,3.0,20.0
73,141,3.0,20.0
74,162,3.0,20.0
75,155,3.0,20.0
76,149,3.0,20.0
77,135,3.0,20.0
78,129,3.0,20.0
79,137,3.0,20.0
80,127,3.0,20.0
81,93,3.0,20.0
82,84,3.0,20.0
83,101,3.0,20.0
84,75,3.0,20.0
85,95,3.0,20.0
86,81,3.0,20.0
87,90,3.0,20.0
88,69,3.0,20.0
89,87,3.0,20.0
90,68,3.0,20.0
91,56,3.0,20.0
92,55,3.0,20.0
93,60,3.0,20.0
94,48,3.0,20.0
95,54,3.0,20.0
96,35,3.0,20.0
97,42,3.0,20.0
98,37,3.0,20.0
99,29,3.0,20.0
100,28,3.0,20.0
101,34,3.0,20.0
102,44,3.0,20.0
103,31,3.0,20.0
104,27,3.0,20.0
105,29,3.0,20.0
106,19,3.0,20.0
107,22,3.0,20.0
108,26,3.0,20.0
109,24,3.0,20.0
110,19,3.0,20.0
111,16,3.0,20.0
112,12,3.0,20.0
113,21,3.0,20.0
114,11,3.0,20.0
115,13,3.0,20.0
116,21,3.0,20.0
117,14,3.0,20.0
118,7,3.0,20.0
119,17,3.0,20.0
120,15,3.0,20.0
121,9,3.0,20.0
122,10,3.0,20.0
123,7,3.0,20.0
124,14,3.0,20.0
125,6,3.0,20.0
126,11,3.0,20.0
127,11,3.0,20.0
128,9,3.0,20.0
129,2,3.0,20.0
130,8,3.0,20.0
131,9,3.0,20.0
132,9,3.0,20.0
133,13,3.0,20.0
134,4,3.0,20.0
135,10,3.0,20.0
136,7,3.0,20.0
137,5,3.0,20.0
138,4,3.0,20.0
139,6,3.0,20.0
140,5,3.0,20.0
141,5,3.0,20.0
142,5,3.0,20.0
143,4,3.0,20.0
144,3,3.0,20.0
145,4,3.0,20.0
146,1,3.0,20.0
147,2,3.0,20.0
150,2,3.0,20.0
151,2,3.0,20.0
152,2,3.0,20.0
153,1,3.0,20.0
154,2,3.0,20.0
155,3,3.0,20.0
156,1,3.0,20.0
158,2,3.0,20.0
160,1,3.0,20.0
161,2,3.0,20.0
162,2,3.0,20.0
163,4,3.0,20.0
164,1,3.0,20.0
165,1,3.0,20.0
166,1,3.0,20.0
167,2,3.0,20.0
168,1,3.0,20.0
173,1,3.0,20.0
174,1,3.0,20.0
175,1,3.0,20.0
176,1,3.0,20.0
179,2,3.0,20.0
183,1,3.0,20.0
184,1,3.0,20.0
191,1,3.0,20.0
214,1,3.0,20.0
215,1,3.0,20.0
236,1,3.0,20.0
256,1,3.0,20.0
1,268032,3.0,40.0
2,200927,3.0,40.0
3,156803,3.0,40.0
4,124746,3.0,40.0
5,100769,3.0,40.0
6,83217,3.0,40.0
7,70483,3.0,40.0
8,59875,3.0,40.0
9,51551,3.0,40.0
10,44937,3.0,40.0
11,39259,3.0,40.0
12,34732,3.0,40.0
13,31219,3.0,40.0
14,27842,3.0,40.0
15,25131,3.0,40.0
16,22806,3.0,40.0
17,21098,3.0,40.0
18,18974,3.0,40.0
19,17410,3.0,40.0
20,16195,3.0,40.0
21,14946,3.0,40.0
22,13727,3.0,40.0
23,12752,3.0,40.0
24,11919,3.0,40.0
25,10960,3.0,40.0
26,10417,3.0,40.0
27,9773,3.0,40.0
28,8993,3.0,40.0
29,8537,3.0,40.0
30,7922,3.0,40.0
31,7490,3.0,40.0
32,7075,3.0,40.0
33,6665,3.0,40.0
34,6138,3.0,40.0
35,5935,3.0,40.0
36,5506,3.0,40.0
37,5282,3.0,40.0
38,5078,3.0,40.0
39,4710,3.0,40.0
40,4414,3.0,40.0
41,4115,3.0,40.0
42,3928,3.0,40.0
43,3905,3.0,40.0
44,3547,3.0,40.0
45,3272,3.0,40.0
46,3198,3.0,40.0
47,3007,3.0,40.0
48,2805,3.0,40.0
49,2754,3.0,40.0
50,2459,3.0,40.0
51,2451,3.0,40.0
52,2195,3.0,40.0
53,2125,3.0,40.0
54,2082,3.0,40.0
55,1930,3.0,40.0
56,1814,3.0,40.0
57,1760,3.0,40.0
58,1697,3.0,40.0
59,1573,3.0,40.0
60,1549,3.0,40.0
61,1414,3.0,40.0
62,1322,3.0,40.0
63,1249,3.0,40.0
64,1227,3.0,40.0
65,1201,3.0,40.0
66,1113,3.0,40.0
67,1016,3.0,40.0
68,962,3.0,40.0
69,879,3.0,40.0
70,904,3.0,40.0
71,876,3.0,40.0
72,856,3.0,40.0
73,795,3.0,40.0
74,739,3.0,40.0
75,699,3.0,40.0
76,665,3.0,40.0
77,627,3.0,40.0
78,614,3.0,40.0
79,543,3.0,40.0
80,586,3.0,40.0
81,505,3.0,40.0
82,493,3.0,40.0
83,450,3.0,40.0
84,428,3.0,40.0
85,400,3.0,40.0
86,405,3.0,40.0
87,366,3.0,40.0
88,356,3.0,40.0
89,369,3.0,40.0
90,361,3.0,40.0
91,310,3.0,40.0
92,304,3.0,40.0
93,304,3.0,40.0
94,271,3.0,40.0
95,261,3.0,40.0
96,253,3.0,40.0
97,220,3.0,40.0
98,218,3.0,40.0
99,211,3.0,40.0
100,186,3.0,40.0
101,194,3.0,40.0
102,177,3.0,40.0
103,183,3.0,40.0
104,173,3.0,40.0
105,147,3.0,40.0
106,160,3.0,40.0
107,142,3.0,40.0
108,134,3.0,40.0
109,120,3.0,40.0
110,118,3.0,40.0
111,128,3.0,40.0
112,111,3.0,40.0
113,107,3.0,40.0
114,101,3.0,40.0
115,110,3.0,40.0
116,96,3.0,40.0
117,91,3.0,40.0
118,90,3.0,40.0
119,83,3.0,40.0
120,75,3.0,40.0
121,67,3.0,40.0
122,62,3.0,40.0
123,80,3.0,40.0
124,78,3.0,40.0
125,61,3.0,40.0
126,59,3.0,40.0
127,59,3.0,40.0
128,36,3.0,40.0
129,52,3.0,40.0
130,49,3.0,40.0
131,39,3.0,40.0
132,31,3.0,40.0
133,46,3.0,40.0
134,43,3.0,40.0
135,28,3.0,40.0
136,34,3.0,40.0
137,33,3.0,40.0
138,40,3.0,40.0
139,32,3.0,40.0
140,29,3.0,40.0
141,21,3.0,40.0
142,33,3.0,40.0
143,21,3.0,40.0
144,17,3.0,40.0
145,26,3.0,40.0
146,22,3.0,40.0
147,23,3.0,40.0
148,23,3.0,40.0
149,17,3.0,40.0
150,14,3.0,40.0
151,19,3.0,40.0
152,22,3.0,40.0
153,19,3.0,40.0
154,13,3.0,40.0
155,11,3.0,40.0
156,13,3.0,40.0
157,9,3.0,40.0
158,16,3.0,40.0
159,11,3.0,40.0
160,15,3.0,40.0
161,6,3.0,40.0
162,10,3.0,40.0
163,12,3.0,40.0
164,8,3.0,40.0
165,8,3.0,40.0
166,12,3.0,40.0
167,11,3.0,40.0
168,6,3.0,40.0
169,13,3.0,40.0
170,8,3.0,40.0
171,4,3.0,40.0
172,6,3.0,40.0
173,6,3.0,40.0
174,5,3.0,40.0
175,9,3.0,40.0
176,3,3.0,40.0
177,4,3.0,40.0
178,7,3.0,40.0
179,5,3.0,40.0
180,3,3.0,40.0
181,4,3.0,40.0
182,6,3.0,40.0
183,5,3.0,40.0
184,4,3.0,40.0
185,5,3.0,40.0
186,3,3.0,40.0
188,2,3.0,40.0
189,3,3.0,40.0
190,3,3.0,40.0
191,2,3.0,40.0
193,4,3.0,40.0
194,2,3.0,40.0
195,1,3.0,40.0
196,2,3.0,40.0
197,2,3.0,40.0
198,1,3.0,40.0
199,2,3.0,40.0
200,1,3.0,40.0
201,1,3.0,40.0
202,1,3.0,40.0
203,3,3.0,40.0
205,1,3.0,40.0
207,1,3.0,40.0
208,2,3.0,40.0
210,2,3.0,40.0
211,1,3.0,40.0
212,2,3.0,40.0
213,1,3.0,40.0
215,1,3.0,40.0
217,1,3.0,40.0
218,1,3.0,40.0
220,1,3.0,40.0
221,2,3.0,40.0
223,1,3.0,40.0
225,1,3.0,40.0
228,2,3.0,40.0
231,2,3.0,40.0
237,1,3.0,40.0
239,2,3.0,40.0
251,1,3.0,40.0
257,1,3.0,40.0
258,1,3.0,40.0
266,1,3.0,40.0
271,1,3.0,40.0
274,1,3.0,40.0
1,302901,3.0,60.0
2,229424,3.0,60.0
3,179130,3.0,60.0
4,144388,3.0,60.0
5,118628,3.0,60.0
6,98992,3.0,60.0
7,84204,3.0,60.0
8,72659,3.0,60.0
9,63240,3.0,60.0
10,56522,3.0,60.0
11,49923,3.0,60.0
12,44900,3.0,60.0
13,40278,3.0,60.0
14,36878,3.0,60.0
15,33694,3.0,60.0
16,30688,3.0,60.0
17,28113,3.0,60.0
18,26217,3.0,60.0
19,24151,3.0,60.0
20,22499,3.0,60.0
21,21022,3.0,60.0
22,19947,3.0,60.0
23,18187,3.0,60.0
24,17173,3.0,60.0
25,16158,3.0,60.0
26,15046,3.0,60.0
27,14188,3.0,60.0
28,13441,3.0,60.0
29,12834,3.0,60.0
30,12034,3.0,60.0
31,11272,3.0,60.0
32,10811,3.0,60.0
33,10282,3.0,60.0
34,9617,3.0,60.0
35,8983,3.0,60.0
36,8460,3.0,60.0
37,8160,3.0,60.0
38,7743,3.0,60.0
39,7345,3.0,60.0
40,6906,3.0,60.0
41,6556,3.0,60.0
42,6175,3.0,60.0
43,5863,3.0,60.0
44,5626,3.0,60.0
45,5254,3.0,60.0
46,5124,3.0,60.0
47,4865,3.0,60.0
48,4636,3.0,60.0
49,4271,3.0,60.0
50,4018,3.0,60.0
51,3868,3.0,60.0
52,3544,3.0,60.0
53,3571,3.0,60.0
54,3305,3.0,60.0
55,3195,3.0,60.0
56,3028,3.0,60.0
57,2882,3.0,60.0
58,2682,3.0,60.0
59,2614,3.0,60.0
60,2510,3.0,60.0
61,2339,3.0,60.0
62,2240,3.0,60.0
63,2073,3.0,60.0
64,2045,3.0,60.0
65,1892,3.0,60.0
66,1820,3.0,60.0
67,1759,3.0,60.0
68,1624,3.0,60.0
69,1545,3.0,60.0
70,1463,3.0,60.0
71,1383,3.0,60.0
72,1391,3.0,60.0
73,1268,3.0,60.0
74,1227,3.0,60.0
75,1170,3.0,60.0
76,1122,3.0,60.0
77,1010,3.0,60.0
78,990,3.0,60.0
79,999,3.0,60.0
80,914,3.0,60.0
81,846,3.0,60.0
82,837,3.0,60.0
83,784,3.0,60.0
84,778,3.0,60.0
85,736,3.0,60.0
86,664,3.0,60.0
87,633,3.0,60.0
88,587,3.0,60.0
89,584,3.0,60.0
90,550,3.0,60.0
91,507,3.0,60.0
92,467,3.0,60.0
93,514,3.0,60.0
94,444,3.0,60.0
95,405,3.0,60.0
96,420,3.0,60.0
97,404,3.0,60.0
98,388,3.0,60.0
99,368,3.0,60.0
100,357,3.0,60.0
101,301,3.0,60.0
102,323,3.0,60.0
103,252,3.0,60.0
104,273,3.0,60.0
105,283,3.0,60.0
106,250,3.0,60.0
107,254,3.0,60.0
108,232,3.0,60.0
109,253,3.0,60.0
110,207,3.0,60.0
111,187,3.0,60.0
112,196,3.0,60.0
113,154,3.0,60.0
114,192,3.0,60.0
115,167,3.0,60.0
116,153,3.0,60.0
117,165,3.0,60.0
118,149,3.0,60.0
119,165,3.0,60.0
120,145,3.0,60.0
121,98,3.0,60.0
122,112,3.0,60.0
123,130,3.0,60.0
124,94,3.0,60.0
125,119,3.0,60.0
126,94,3.0,60.0
127,107,3.0,60.0
128,86,3.0,60.0
129,92,3.0,60.0
130,71,3.0,60.0
131,76,3.0,60.0
132,85,3.0,60.0
133,59,3.0,60.0
134,58,3.0,60.0
135,71,3.0,60.0
136,57,3.0,60.0
137,51,3.0,60.0
138,52,3.0,60.0
139,64,3.0,60.0
140,47,3.0,60.0
141,42,3.0,60.0
142,49,3.0,60.0
143,52,3.0,60.0
144,48,3.0,60.0
145,43,3.0,60.0
146,32,3.0,60.0
147,33,3.0,60.0
148,32,3.0,60.0
149,34,3.0,60.0
150,19,3.0,60.0
151,29,3.0,60.0
152,27,3.0,60.0
153,21,3.0,60.0
154,28,3.0,60.0
155,26,3.0,60.0
156,23,3.0,60.0
157,25,3.0,60.0
158,18,3.0,60.0
159,18,3.0,60.0
160,21,3.0,60.0
161,15,3.0,60.0
162,14,3.0,60.0
163,21,3.0,60.0
164,18,3.0,60.0
165,12,3.0,60.0
166,12,3.0,60.0
167,19,3.0,60.0
168,18,3.0,60.0
169,13,3.0,60.0
170,14,3.0,60.0
171,13,3.0,60.0
172,10,3.0,60.0
173,13,3.0,60.0
174,11,3.0,60.0
175,5,3.0,60.0
176,6,3.0,60.0
177,11,3.0,60.0
178,10,3.0,60.0
179,7,3.0,60.0
180,6,3.0,60.0
181,4,3.0,60.0
182,7,3.0,60.0
183,5,3.0,60.0
184,8,3.0,60.0
185,5,3.0,60.0
186,3,3.0,60.0
187,3,3.0,60.0
188,5,3.0,60.0
189,9,3.0,60.0
190,8,3.0,60.0
191,2,3.0,60.0
192,5,3.0,60.0
193,3,3.0,60.0
194,5,3.0,60.0
195,1,3.0,60.0
196,3,3.0,60.0
197,2,3.0,60.0
198,2,3.0,60.0
199,4,3.0,60.0
200,3,3.0,60.0
201,4,3.0,60.0
202,6,3.0,60.0
203,3,3.0,60.0
204,5,3.0,60.0
205,3,3.0,60.0
206,2,3.0,60.0
207,1,3.0,60.0
208,3,3.0,60.0
209,4,3.0,60.0
210,2,3.0,60.0
211,2,3.0,60.0
212,2,3.0,60.0
213,2,3.0,60.0
214,3,3.0,60.0
215,3,3.0,60.0
216,2,3.0,60.0
217,1,3.0,60.0
220,1,3.0,60.0
223,2,3.0,60.0
224,1,3.0,60.0
225,1,3.0,60.0
227,1,3.0,60.0
228,2,3.0,60.0
229,1,3.0,60.0
230,1,3.0,60.0
231,1,3.0,60.0
233,1,3.0,60.0
235,3,3.0,60.0
238,1,3.0,60.0
242,3,3.0,60.0
244,1,3.0,60.0
245,1,3.0,60.0
249,1,3.0,60.0
254,1,3.0,60.0
278,1,3.0,60.0
330,1,3.0,60.0
1,53716,3.5,10.0
2,44969,3.5,10.0
3,38690,3.5,10.0
4,33025,3.5,10.0
5,28606,3.5,10.0
6,25301,3.5,10.0
7,22147,3.5,10.0
8,19444,3.5,10.0
9,17451,3.5,10.0
10,15312,3.5,10.0
11,13618,3.5,10.0
12,11922,3.5,10.0
13,10734,3.5,10.0
14,9567,3.5,10.0
15,8580,3.5,10.0
16,7624,3.5,10.0
17,7025,3.5,10.0
18,6168,3.5,10.0
19,5637,3.5,10.0
20,5104,3.5,10.0
21,4536,3.5,10.0
22,4162,3.5,10.0
23,3760,3.5,10.0
24,3503,3.5,10.0
25,3127,3.5,10.0
26,2694,3.5,10.0
27,2622,3.5,10.0
28,2284,3.5,10.0
29,2118,3.5,10.0
30,1993,3.5,10.0
31,1773,3.5,10.0
32,1640,3.5,10.0
33,1497,3.5,10.0
34,1403,3.5,10.0
35,1286,3.5,10.0
36,1188,3.5,10.0
37,1143,3.5,10.0
38,1025,3.5,10.0
39,916,3.5,10.0
40,852,3.5,10.0
41,741,3.5,10.0
42,769,3.5,10.0
43,676,3.5,10.0
44,625,3.5,10.0
45,521,3.5,10.0
46,519,3.5,10.0
47,489,3.5,10.0
48,437,3.5,10.0
49,467,3.5,10.0
50,395,3.5,10.0
51,411,3.5,10.0
52,354,3.5,10.0
53,344,3.5,10.0
54,312,3.5,10.0
55,278,3.5,10.0
56,270,3.5,10.0
57,237,3.5,10.0
58,242,3.5,10.0
59,226,3.5,10.0
60,212,3.5,10.0
61,196,3.5,10.0
62,185,3.5,10.0
63,187,3.5,10.0
64,160,3.5,10.0
65,165,3.5,10.0
66,139,3.5,10.0
67,155,3.5,10.0
68,158,3.5,10.0
69,128,3.5,10.0
70,120,3.5,10.0
71,102,3.5,10.0
72,129,3.5,10.0
73,94,3.5,10.0
74,115,3.5,10.0
75,83,3.5,10.0
76,81,3.5,10.0
77,87,3.5,10.0
78,84,3.5,10.0
79,70,3.5,10.0
80,69,3.5,10.0
81,80,3.5,10.0
82,59,3.5,10.0
83,53,3.5,10.0
84,50,3.5,10.0
85,61,3.5,10.0
86,57,3.5,10.0
87,59,3.5,10.0
88,51,3.5,10.0
89,41,3.5,10.0
90,36,3.5,10.0
91,45,3.5,10.0
92,38,3.5,10.0
93,27,3.5,10.0
94,41,3.5,10.0
95,39,3.5,10.0
96,29,3.5,10.0
97,30,3.5,10.0
98,32,3.5,10.0
99,27,3.5,10.0
100,24,3.5,10.0
101,21,3.5,10.0
102,19,3.5,10.0
103,18,3.5,10.0
104,20,3.5,10.0
105,26,3.5,10.0
106,19,3.5,10.0
107,25,3.5,10.0
108,19,3.5,10.0
109,14,3.5,10.0
110,18,3.5,10.0
111,21,3.5,10.0
112,17,3.5,10.0
113,25,3.5,10.0
114,11,3.5,10.0
115,18,3.5,10.0
116,9,3.5,10.0
117,12,3.5,10.0
118,19,3.5,10.0
119,11,3.5,10.0
120,19,3.5,10.0
121,7,3.5,10.0
122,13,3.5,10.0
123,13,3.5,10.0
124,8,3.5,10.0
125,11,3.5,10.0
126,18,3.5,10.0
127,10,3.5,10.0
128,14,3.5,10.0
129,7,3.5,10.0
130,8,3.5,10.0
131,10,3.5,10.0
132,10,3.5,10.0
133,8,3.5,10.0
134,5,3.5,10.0
135,6,3.5,10.0
136,5,3.5,10.0
137,6,3.5,10.0
138,5,3.5,10.0
139,1,3.5,10.0
140,8,3.5,10.0
141,5,3.5,10.0
142,5,3.5,10.0
143,8,3.5,10.0
144,1,3.5,10.0
145,5,3.5,10.0
146,6,3.5,10.0
147,2,3.5,10.0
149,3,3.5,10.0
150,6,3.5,10.0
151,6,3.5,10.0
152,4,3.5,10.0
153,3,3.5,10.0
154,6,3.5,10.0
155,1,3.5,10.0
156,1,3.5,10.0
157,2,3.5,10.0
158,2,3.5,10.0
159,4,3.5,10.0
160,3,3.5,10.0
161,5,3.5,10.0
162,6,3.5,10.0
163,4,3.5,10.0
165,4,3.5,10.0
166,3,3.5,10.0
167,4,3.5,10.0
169,3,3.5,10.0
170,4,3.5,10.0
171,1,3.5,10.0
172,2,3.5,10.0
173,3,3.5,10.0
174,2,3.5,10.0
176,3,3.5,10.0
177,1,3.5,10.0
178,2,3.5,10.0
179,4,3.5,10.0
181,1,3.5,10.0
182,4,3.5,10.0
183,4,3.5,10.0
184,1,3.5,10.0
186,1,3.5,10.0
187,2,3.5,10.0
188,1,3.5,10.0
189,2,3.5,10.0
190,1,3.5,10.0
192,2,3.5,10.0
193,1,3.5,10.0
194,1,3.5,10.0
195,1,3.5,10.0
197,1,3.5,10.0
200,2,3.5,10.0
201,1,3.5,10.0
204,1,3.5,10.0
207,1,3.5,10.0
209,1,3.5,10.0
214,1,3.5,10.0
219,2,3.5,10.0
220,1,3.5,10.0
223,2,3.5,10.0
224,1,3.5,10.0
225,1,3.5,10.0
232,1,3.5,10.0
235,1,3.5,10.0
243,1,3.5,10.0
248,1,3.5,10.0
286,1,3.5,10.0
342,1,3.5,10.0
1,31774,3.5,20.0
2,26884,3.5,20.0
3,22761,3.5,20.0
4,19949,3.5,20.0
5,17366,3.5,20.0
6,15606,3.5,20.0
7,13836,3.5,20.0
8,12175,3.5,20.0
9,10859,3.5,20.0
10,9654,3.5,20.0
11,8864,3.5,20.0
12,7912,3.5,20.0
13,7191,3.5,20.0
14,6494,3.5,20.0
15,6041,3.5,20.0
16,5353,3.5,20.0
17,4931,3.5,20.0
18,4564,3.5,20.0
19,4181,3.5,20.0
20,3908,3.5,20.0
21,3603,3.5,20.0
22,3308,3.5,20.0
23,3014,3.5,20.0
24,2824,3.5,20.0
25,2684,3.5,20.0
26,2515,3.5,20.0
27,2381,3.5,20.0
28,2179,3.5,20.0
29,2011,3.5,20.0
30,1964,3.5,20.0
31,1872,3.5,20.0
32,1712,3.5,20.0
33,1639,3.5,20.0
34,1579,3.5,20.0
35,1444,3.5,20.0
36,1422,3.5,20.0
37,1407,3.5,20.0
38,1347,3.5,20.0
39,1222,3.5,20.0
40,1171,3.5,20.0
41,1179,3.5,20.0
42,1103,3.5,20.0
43,961,3.5,20.0
44,961,3.5,20.0
45,942,3.5,20.0
46,865,3.5,20.0
47,865,3.5,20.0
48,845,3.5,20.0
49,790,3.5,20.0
50,814,3.5,20.0
51,715,3.5,20.0
52,763,3.5,20.0
53,679,3.5,20.0
54,707,3.5,20.0
55,681,3.5,20.0
56,646,3.5,20.0
57,617,3.5,20.0
58,594,3.5,20.0
59,603,3.5,20.0
60,545,3.5,20.0
61,542,3.5,20.0
62,511,3.5,20.0
63,514,3.5,20.0
64,540,3.5,20.0
65,512,3.5,20.0
66,508,3.5,20.0
67,490,3.5,20.0
68,453,3.5,20.0
69,418,3.5,20.0
70,420,3.5,20.0
71,397,3.5,20.0
72,448,3.5,20.0
73,367,3.5,20.0
74,371,3.5,20.0
75,359,3.5,20.0
76,378,3.5,20.0
77,358,3.5,20.0
78,330,3.5,20.0
79,303,3.5,20.0
80,330,3.5,20.0
81,291,3.5,20.0
82,328,3.5,20.0
83,287,3.5,20.0
84,309,3.5,20.0
85,310,3.5,20.0
86,294,3.5,20.0
87,264,3.5,20.0
88,305,3.5,20.0
89,252,3.5,20.0
90,253,3.5,20.0
91,261,3.5,20.0
92,265,3.5,20.0
93,228,3.5,20.0
94,219,3.5,20.0
95,232,3.5,20.0
96,213,3.5,20.0
97,198,3.5,20.0
98,216,3.5,20.0
99,200,3.5,20.0
100,192,3.5,20.0
101,212,3.5,20.0
102,197,3.5,20.0
103,183,3.5,20.0
104,201,3.5,20.0
105,195,3.5,20.0
106,186,3.5,20.0
107,178,3.5,20.0
108,190,3.5,20.0
109,187,3.5,20.0
110,171,3.5,20.0
111,175,3.5,20.0
112,141,3.5,20.0
113,153,3.5,20.0
114,159,3.5,20.0
115,166,3.5,20.0
116,152,3.5,20.0
117,145,3.5,20.0
118,146,3.5,20.0
119,107,3.5,20.0
120,144,3.5,20.0
121,139,3.5,20.0
122,116,3.5,20.0
123,152,3.5,20.0
124,157,3.5,20.0
125,163,3.5,20.0
126,127,3.5,20.0
127,129,3.5,20.0
128,135,3.5,20.0
129,117,3.5,20.0
130,118,3.5,20.0
131,126,3.5,20.0
132,114,3.5,20.0
133,118,3.5,20.0
134,102,3.5,20.0
135,109,3.5,20.0
136,114,3.5,20.0
137,104,3.5,20.0
138,125,3.5,20.0
139,122,3.5,20.0
140,98,3.5,20.0
141,100,3.5,20.0
142,108,3.5,20.0
143,93,3.5,20.0
144,99,3.5,20.0
145,105,3.5,20.0
146,99,3.5,20.0
147,90,3.5,20.0
148,102,3.5,20.0
149,81,3.5,20.0
150,82,3.5,20.0
151,90,3.5,20.0
152,96,3.5,20.0
153,86,3.5,20.0
154,98,3.5,20.0
155,76,3.5,20.0
156,84,3.5,20.0
157,75,3.5,20.0
158,82,3.5,20.0
159,74,3.5,20.0
160,80,3.5,20.0
161,62,3.5,20.0
162,69,3.5,20.0
163,71,3.5,20.0
164,77,3.5,20.0
165,71,3.5,20.0
166,63,3.5,20.0
167,69,3.5,20.0
168,67,3.5,20.0
169,52,3.5,20.0
170,74,3.5,20.0
171,75,3.5,20.0
172,69,3.5,20.0
173,64,3.5,20.0
174,65,3.5,20.0
175,61,3.5,20.0
176,66,3.5,20.0
177,59,3.5,20.0
178,60,3.5,20.0
179,46,3.5,20.0
180,57,3.5,20.0
181,57,3.5,20.0
182,54,3.5,20.0
183,58,3.5,20.0
184,60,3.5,20.0
185,53,3.5,20.0
186,53,3.5,20.0
187,58,3.5,20.0
188,55,3.5,20.0
189,59,3.5,20.0
190,55,3.5,20.0
191,45,3.5,20.0
192,50,3.5,20.0
193,40,3.5,20.0
194,49,3.5,20.0
195,49,3.5,20.0
196,45,3.5,20.0
197,44,3.5,20.0
198,45,3.5,20.0
199,50,3.5,20.0
200,55,3.5,20.0
201,43,3.5,20.0
202,47,3.5,20.0
203,41,3.5,20.0
204,39,3.5,20.0
205,43,3.5,20.0
206,41,3.5,20.0
207,43,3.5,20.0
208,51,3.5,20.0
209,36,3.5,20.0
210,30,3.5,20.0
211,43,3.5,20.0
212,48,3.5,20.0
213,26,3.5,20.0
214,43,3.5,20.0
215,34,3.5,20.0
216,39,3.5,20.0
217,47,3.5,20.0
218,40,3.5,20.0
219,42,3.5,20.0
220,40,3.5,20.0
221,24,3.5,20.0
222,40,3.5,20.0
223,34,3.5,20.0
224,39,3.5,20.0
225,44,3.5,20.0
226,39,3.5,20.0
227,26,3.5,20.0
228,47,3.5,20.0
229,33,3.5,20.0
230,26,3.5,20.0
231,44,3.5,20.0
232,43,3.5,20.0
233,41,3.5,20.0
234,33,3.5,20.0
235,31,3.5,20.0
236,26,3.5,20.0
237,29,3.5,20.0
238,33,3.5,20.0
239,43,3.5,20.0
240,30,3.5,20.0
241,33,3.5,20.0
242,39,3.5,20.0
243,33,3.5,20.0
244,32,3.5,20.0
245,28,3.5,20.0
246,23,3.5,20.0
247,27,3.5,20.0
248,21,3.5,20.0
249,33,3.5,20.0
250,23,3.5,20.0
251,38,3.5,20.0
252,28,3.5,20.0
253,25,3.5,20.0
254,26,3.5,20.0
255,32,3.5,20.0
256,27,3.5,20.0
257,33,3.5,20.0
258,36,3.5,20.0
259,34,3.5,20.0
260,21,3.5,20.0
261,31,3.5,20.0
262,22,3.5,20.0
263,28,3.5,20.0
264,29,3.5,20.0
265,26,3.5,20.0
266,14,3.5,20.0
267,23,3.5,20.0
268,23,3.5,20.0
269,32,3.5,20.0
270,28,3.5,20.0
271,27,3.5,20.0
272,23,3.5,20.0
273,22,3.5,20.0
274,24,3.5,20.0
275,29,3.5,20.0
276,25,3.5,20.0
277,32,3.5,20.0
278,26,3.5,20.0
279,15,3.5,20.0
280,34,3.5,20.0
281,20,3.5,20.0
282,19,3.5,20.0
283,35,3.5,20.0
284,24,3.5,20.0
285,22,3.5,20.0
286,19,3.5,20.0
287,20,3.5,20.0
288,23,3.5,20.0
289,17,3.5,20.0
290,24,3.5,20.0
291,22,3.5,20.0
292,16,3.5,20.0
293,18,3.5,20.0
294,27,3.5,20.0
295,18,3.5,20.0
296,24,3.5,20.0
297,27,3.5,20.0
298,18,3.5,20.0
299,19,3.5,20.0
300,29,3.5,20.0
301,28,3.5,20.0
302,20,3.5,20.0
303,22,3.5,20.0
304,15,3.5,20.0
305,18,3.5,20.0
306,26,3.5,20.0
307,20,3.5,20.0
308,17,3.5,20.0
309,21,3.5,20.0
310,20,3.5,20.0
311,19,3.5,20.0
312,20,3.5,20.0
313,16,3.5,20.0
314,29,3.5,20.0
315,18,3.5,20.0
316,20,3.5,20.0
317,11,3.5,20.0
318,26,3.5,20.0
319,15,3.5,20.0
320,18,3.5,20.0
321,22,3.5,20.0
322,20,3.5,20.0
323,21,3.5,20.0
324,17,3.5,20.0
325,23,3.5,20.0
326,19,3.5,20.0
327,19,3.5,20.0
328,15,3.5,20.0
329,19,3.5,20.0
330,22,3.5,20.0
331,16,3.5,20.0
332,21,3.5,20.0
333,15,3.5,20.0
334,16,3.5,20.0
335,17,3.5,20.0
336,12,3.5,20.0
337,28,3.5,20.0
338,17,3.5,20.0
339,9,3.5,20.0
340,16,3.5,20.0
341,22,3.5,20.0
342,23,3.5,20.0
343,18,3.5,20.0
344,24,3.5,20.0
345,15,3.5,20.0
346,20,3.5,20.0
347,20,3.5,20.0
348,16,3.5,20.0
349,14,3.5,20.0
350,21,3.5,20.0
351,22,3.5,20.0
352,10,3.5,20.0
353,22,3.5,20.0
354,14,3.5,20.0
355,14,3.5,20.0
356,20,3.5,20.0
357,15,3.5,20.0
358,26,3.5,20.0
359,15,3.5,20.0
360,18,3.5,20.0
361,8,3.5,20.0
362,14,3.5,20.0
363,18,3.5,20.0
364,21,3.5,20.0
365,13,3.5,20.0
366,19,3.5,20.0
367,13,3.5,20.0
368,10,3.5,20.0
369,17,3.5,20.0
370,17,3.5,20.0
371,14,3.5,20.0
372,9,3.5,20.0
373,9,3.5,20.0
374,15,3.5,20.0
375,26,3.5,20.0
376,6,3.5,20.0
377,15,3.5,20.0
378,10,3.5,20.0
379,12,3.5,20.0
380,12,3.5,20.0
381,15,3.5,20.0
382,13,3.5,20.0
383,15,3.5,20.0
384,16,3.5,20.0
385,19,3.5,20.0
386,7,3.5,20.0
387,10,3.5,20.0
388,13,3.5,20.0
389,12,3.5,20.0
390,12,3.5,20.0
391,11,3.5,20.0
392,7,3.5,20.0
393,10,3.5,20.0
394,9,3.5,20.0
395,14,3.5,20.0
396,20,3.5,20.0
397,6,3.5,20.0
398,15,3.5,20.0
399,8,3.5,20.0
400,11,3.5,20.0
401,13,3.5,20.0
402,9,3.5,20.0
403,12,3.5,20.0
404,13,3.5,20.0
405,15,3.5,20.0
406,11,3.5,20.0
407,12,3.5,20.0
408,15,3.5,20.0
409,11,3.5,20.0
410,10,3.5,20.0
411,17,3.5,20.0
412,18,3.5,20.0
413,10,3.5,20.0
414,15,3.5,20.0
415,16,3.5,20.0
416,15,3.5,20.0
417,14,3.5,20.0
418,11,3.5,20.0
419,14,3.5,20.0
420,12,3.5,20.0
421,15,3.5,20.0
422,12,3.5,20.0
423,16,3.5,20.0
424,14,3.5,20.0
425,9,3.5,20.0
426,8,3.5,20.0
427,6,3.5,20.0
428,11,3.5,20.0
429,10,3.5,20.0
430,11,3.5,20.0
431,14,3.5,20.0
432,12,3.5,20.0
433,11,3.5,20.0
434,8,3.5,20.0
435,14,3.5,20.0
436,10,3.5,20.0
437,11,3.5,20.0
438,9,3.5,20.0
439,7,3.5,20.0
440,11,3.5,20.0
441,15,3.5,20.0
442,17,3.5,20.0
443,5,3.5,20.0
444,7,3.5,20.0
445,7,3.5,20.0
446,10,3.5,20.0
447,8,3.5,20.0
448,10,3.5,20.0
449,5,3.5,20.0
450,13,3.5,20.0
451,7,3.5,20.0
452,10,3.5,20.0
453,12,3.5,20.0
454,10,3.5,20.0
455,6,3.5,20.0
456,12,3.5,20.0
457,9,3.5,20.0
458,10,3.5,20.0
459,8,3.5,20.0
460,8,3.5,20.0
461,5,3.5,20.0
462,11,3.5,20.0
463,10,3.5,20.0
464,7,3.5,20.0
465,11,3.5,20.0
466,14,3.5,20.0
467,5,3.5,20.0
468,10,3.5,20.0
469,10,3.5,20.0
470,6,3.5,20.0
471,6,3.5,20.0
472,11,3.5,20.0
473,4,3.5,20.0
474,14,3.5,20.0
475,6,3.5,20.0
476,7,3.5,20.0
477,8,3.5,20.0
478,7,3.5,20.0
479,10,3.5,20.0
480,6,3.5,20.0
481,7,3.5,20.0
482,12,3.5,20.0
483,9,3.5,20.0
484,6,3.5,20.0
485,7,3.5,20.0
486,7,3.5,20.0
487,8,3.5,20.0
488,7,3.5,20.0
489,10,3.5,20.0
490,8,3.5,20.0
491,4,3.5,20.0
492,11,3.5,20.0
493,10,3.5,20.0
494,8,3.5,20.0
495,11,3.5,20.0
496,15,3.5,20.0
497,15,3.5,20.0
498,12,3.5,20.0
499,10,3.5,20.0
500,5,3.5,20.0
501,4,3.5,20.0
502,12,3.5,20.0
503,7,3.5,20.0
504,8,3.5,20.0
505,7,3.5,20.0
506,8,3.5,20.0
507,8,3.5,20.0
508,11,3.5,20.0
509,4,3.5,20.0
510,6,3.5,20.0
511,6,3.5,20.0
512,9,3.5,20.0
513,5,3.5,20.0
514,6,3.5,20.0
515,6,3.5,20.0
516,8,3.5,20.0
517,4,3.5,20.0
518,9,3.5,20.0
519,8,3.5,20.0
520,9,3.5,20.0
521,7,3.5,20.0
522,11,3.5,20.0
523,5,3.5,20.0
524,4,3.5,20.0
525,6,3.5,20.0
526,8,3.5,20.0
527,3,3.5,20.0
528,10,3.5,20.0
529,9,3.5,20.0
530,6,3.5,20.0
531,8,3.5,20.0
532,7,3.5,20.0
533,7,3.5,20.0
534,10,3.5,20.0
535,6,3.5,20.0
536,7,3.5,20.0
537,3,3.5,20.0
538,6,3.5,20.0
539,7,3.5,20.0
540,4,3.5,20.0
541,6,3.5,20.0
542,10,3.5,20.0
543,3,3.5,20.0
544,6,3.5,20.0
545,10,3.5,20.0
546,10,3.5,20.0
547,11,3.5,20.0
548,8,3.5,20.0
549,3,3.5,20.0
550,8,3.5,20.0
551,10,3.5,20.0
552,11,3.5,20.0
553,4,3.5,20.0
554,10,3.5,20.0
555,5,3.5,20.0
556,5,3.5,20.0
557,5,3.5,20.0
558,6,3.5,20.0
559,5,3.5,20.0
560,8,3.5,20.0
561,4,3.5,20.0
562,5,3.5,20.0
563,10,3.5,20.0
564,10,3.5,20.0
565,5,3.5,20.0
566,3,3.5,20.0
567,5,3.5,20.0
568,3,3.5,20.0
569,2,3.5,20.0
570,4,3.5,20.0
571,3,3.5,20.0
572,7,3.5,20.0
573,7,3.5,20.0
574,5,3.5,20.0
575,5,3.5,20.0
576,6,3.5,20.0
577,7,3.5,20.0
578,8,3.5,20.0
579,3,3.5,20.0
580,6,3.5,20.0
581,10,3.5,20.0
582,4,3.5,20.0
583,7,3.5,20.0
584,4,3.5,20.0
585,9,3.5,20.0
586,5,3.5,20.0
587,4,3.5,20.0
588,2,3.5,20.0
589,5,3.5,20.0
590,8,3.5,20.0
591,9,3.5,20.0
592,12,3.5,20.0
593,5,3.5,20.0
594,5,3.5,20.0
595,6,3.5,20.0
596,4,3.5,20.0
597,5,3.5,20.0
598,5,3.5,20.0
599,5,3.5,20.0
600,4,3.5,20.0
601,7,3.5,20.0
602,6,3.5,20.0
603,4,3.5,20.0
604,8,3.5,20.0
605,3,3.5,20.0
606,3,3.5,20.0
607,1,3.5,20.0
608,4,3.5,20.0
609,7,3.5,20.0
610,6,3.5,20.0
611,8,3.5,20.0
612,1,3.5,20.0
613,6,3.5,20.0
614,3,3.5,20.0
615,5,3.5,20.0
616,2,3.5,20.0
617,4,3.5,20.0
618,4,3.5,20.0
619,9,3.5,20.0
620,4,3.5,20.0
621,1,3.5,20.0
622,1,3.5,20.0
623,9,3.5,20.0
624,5,3.5,20.0
625,3,3.5,20.0
626,5,3.5,20.0
627,1,3.5,20.0
628,3,3.5,20.0
629,5,3.5,20.0
630,4,3.5,20.0
631,6,3.5,20.0
632,5,3.5,20.0
633,6,3.5,20.0
634,7,3.5,20.0
635,7,3.5,20.0
636,3,3.5,20.0
637,9,3.5,20.0
638,11,3.5,20.0
639,6,3.5,20.0
640,6,3.5,20.0
641,9,3.5,20.0
642,4,3.5,20.0
643,5,3.5,20.0
644,7,3.5,20.0
645,9,3.5,20.0
646,5,3.5,20.0
647,2,3.5,20.0
648,3,3.5,20.0
649,8,3.5,20.0
650,4,3.5,20.0
651,3,3.5,20.0
652,6,3.5,20.0
653,7,3.5,20.0
654,2,3.5,20.0
655,7,3.5,20.0
656,4,3.5,20.0
657,4,3.5,20.0
658,3,3.5,20.0
659,7,3.5,20.0
660,7,3.5,20.0
661,7,3.5,20.0
662,4,3.5,20.0
663,3,3.5,20.0
664,6,3.5,20.0
665,2,3.5,20.0
666,2,3.5,20.0
667,2,3.5,20.0
668,3,3.5,20.0
669,1,3.5,20.0
670,3,3.5,20.0
671,4,3.5,20.0
672,3,3.5,20.0
673,3,3.5,20.0
674,4,3.5,20.0
675,6,3.5,20.0
676,4,3.5,20.0
677,4,3.5,20.0
678,3,3.5,20.0
679,5,3.5,20.0
680,1,3.5,20.0
682,4,3.5,20.0
683,2,3.5,20.0
684,3,3.5,20.0
685,4,3.5,20.0
686,3,3.5,20.0
687,1,3.5,20.0
688,3,3.5,20.0
689,1,3.5,20.0
690,4,3.5,20.0
691,4,3.5,20.0
692,5,3.5,20.0
693,5,3.5,20.0
694,3,3.5,20.0
695,8,3.5,20.0
696,5,3.5,20.0
697,4,3.5,20.0
698,3,3.5,20.0
699,6,3.5,20.0
700,5,3.5,20.0
701,3,3.5,20.0
702,5,3.5,20.0
703,5,3.5,20.0
704,4,3.5,20.0
705,4,3.5,20.0
706,5,3.5,20.0
707,6,3.5,20.0
708,2,3.5,20.0
709,2,3.5,20.0
710,8,3.5,20.0
711,2,3.5,20.0
712,4,3.5,20.0
713,3,3.5,20.0
714,6,3.5,20.0
715,1,3.5,20.0
716,2,3.5,20.0
717,4,3.5,20.0
718,2,3.5,20.0
719,4,3.5,20.0
720,8,3.5,20.0
721,4,3.5,20.0
722,5,3.5,20.0
723,5,3.5,20.0
724,4,3.5,20.0
725,4,3.5,20.0
726,2,3.5,20.0
727,6,3.5,20.0
728,7,3.5,20.0
729,5,3.5,20.0
730,1,3.5,20.0
731,2,3.5,20.0
732,2,3.5,20.0
733,4,3.5,20.0
735,5,3.5,20.0
736,4,3.5,20.0
737,1,3.5,20.0
738,4,3.5,20.0
739,5,3.5,20.0
740,4,3.5,20.0
741,5,3.5,20.0
742,5,3.5,20.0
743,1,3.5,20.0
744,6,3.5,20.0
745,3,3.5,20.0
746,4,3.5,20.0
747,3,3.5,20.0
748,1,3.5,20.0
749,1,3.5,20.0
750,5,3.5,20.0
751,2,3.5,20.0
752,2,3.5,20.0
753,8,3.5,20.0
754,2,3.5,20.0
755,1,3.5,20.0
757,4,3.5,20.0
758,6,3.5,20.0
759,6,3.5,20.0
760,3,3.5,20.0
761,4,3.5,20.0
762,3,3.5,20.0
763,7,3.5,20.0
764,4,3.5,20.0
765,2,3.5,20.0
766,2,3.5,20.0
767,2,3.5,20.0
768,7,3.5,20.0
770,4,3.5,20.0
771,4,3.5,20.0
772,2,3.5,20.0
773,2,3.5,20.0
774,3,3.5,20.0
775,1,3.5,20.0
776,4,3.5,20.0
777,5,3.5,20.0
778,2,3.5,20.0
779,3,3.5,20.0
780,1,3.5,20.0
781,2,3.5,20.0
782,3,3.5,20.0
783,5,3.5,20.0
784,2,3.5,20.0
785,2,3.5,20.0
787,3,3.5,20.0
788,5,3.5,20.0
789,3,3.5,20.0
792,1,3.5,20.0
793,1,3.5,20.0
794,4,3.5,20.0
795,2,3.5,20.0
796,4,3.5,20.0
797,1,3.5,20.0
798,2,3.5,20.0
799,2,3.5,20.0
800,5,3.5,20.0
801,1,3.5,20.0
802,2,3.5,20.0
803,1,3.5,20.0
804,2,3.5,20.0
805,2,3.5,20.0
806,2,3.5,20.0
807,5,3.5,20.0
808,1,3.5,20.0
809,3,3.5,20.0
810,5,3.5,20.0
811,1,3.5,20.0
812,2,3.5,20.0
815,6,3.5,20.0
816,4,3.5,20.0
817,3,3.5,20.0
818,3,3.5,20.0
819,3,3.5,20.0
820,2,3.5,20.0
821,1,3.5,20.0
822,4,3.5,20.0
823,5,3.5,20.0
824,1,3.5,20.0
825,4,3.5,20.0
826,2,3.5,20.0
827,2,3.5,20.0
829,1,3.5,20.0
830,5,3.5,20.0
831,2,3.5,20.0
832,3,3.5,20.0
833,1,3.5,20.0
834,3,3.5,20.0
835,1,3.5,20.0
836,4,3.5,20.0
837,3,3.5,20.0
838,1,3.5,20.0
840,2,3.5,20.0
841,3,3.5,20.0
842,1,3.5,20.0
843,2,3.5,20.0
844,1,3.5,20.0
845,2,3.5,20.0
847,3,3.5,20.0
848,4,3.5,20.0
850,3,3.5,20.0
851,2,3.5,20.0
853,1,3.5,20.0
854,3,3.5,20.0
855,2,3.5,20.0
856,2,3.5,20.0
857,2,3.5,20.0
858,2,3.5,20.0
859,2,3.5,20.0
860,3,3.5,20.0
861,4,3.5,20.0
862,2,3.5,20.0
863,1,3.5,20.0
864,2,3.5,20.0
866,1,3.5,20.0
867,4,3.5,20.0
869,2,3.5,20.0
870,2,3.5,20.0
871,1,3.5,20.0
873,1,3.5,20.0
875,1,3.5,20.0
876,2,3.5,20.0
877,1,3.5,20.0
878,5,3.5,20.0
879,1,3.5,20.0
880,3,3.5,20.0
882,1,3.5,20.0
883,1,3.5,20.0
884,4,3.5,20.0
885,1,3.5,20.0
886,3,3.5,20.0
887,1,3.5,20.0
888,4,3.5,20.0
889,1,3.5,20.0
890,3,3.5,20.0
891,1,3.5,20.0
892,1,3.5,20.0
893,1,3.5,20.0
894,2,3.5,20.0
895,1,3.5,20.0
896,1,3.5,20.0
897,3,3.5,20.0
898,3,3.5,20.0
899,2,3.5,20.0
900,3,3.5,20.0
901,1,3.5,20.0
902,1,3.5,20.0
903,3,3.5,20.0
904,2,3.5,20.0
906,1,3.5,20.0
908,1,3.5,20.0
909,4,3.5,20.0
910,1,3.5,20.0
911,1,3.5,20.0
913,2,3.5,20.0
914,1,3.5,20.0
915,2,3.5,20.0
916,3,3.5,20.0
918,1,3.5,20.0
919,1,3.5,20.0
920,2,3.5,20.0
921,2,3.5,20.0
922,2,3.5,20.0
923,4,3.5,20.0
924,3,3.5,20.0
927,2,3.5,20.0
928,3,3.5,20.0
930,1,3.5,20.0
931,2,3.5,20.0
932,2,3.5,20.0
933,4,3.5,20.0
934,2,3.5,20.0
935,2,3.5,20.0
936,2,3.5,20.0
937,2,3.5,20.0
938,1,3.5,20.0
940,3,3.5,20.0
942,1,3.5,20.0
943,1,3.5,20.0
944,6,3.5,20.0
945,2,3.5,20.0
946,1,3.5,20.0
947,3,3.5,20.0
948,4,3.5,20.0
949,1,3.5,20.0
950,3,3.5,20.0
951,3,3.5,20.0
952,1,3.5,20.0
953,3,3.5,20.0
954,1,3.5,20.0
955,2,3.5,20.0
957,3,3.5,20.0
959,2,3.5,20.0
960,3,3.5,20.0
961,3,3.5,20.0
962,2,3.5,20.0
963,4,3.5,20.0
964,1,3.5,20.0
965,4,3.5,20.0
967,1,3.5,20.0
969,2,3.5,20.0
970,1,3.5,20.0
971,1,3.5,20.0
974,5,3.5,20.0
977,1,3.5,20.0
978,1,3.5,20.0
979,3,3.5,20.0
980,4,3.5,20.0
981,3,3.5,20.0
982,3,3.5,20.0
983,1,3.5,20.0
984,1,3.5,20.0
985,1,3.5,20.0
986,1,3.5,20.0
987,1,3.5,20.0
988,1,3.5,20.0
989,2,3.5,20.0
991,2,3.5,20.0
992,2,3.5,20.0
993,1,3.5,20.0
994,1,3.5,20.0
995,1,3.5,20.0
997,1,3.5,20.0
999,2,3.5,20.0
1000,1,3.5,20.0
1001,3,3.5,20.0
1003,2,3.5,20.0
1005,2,3.5,20.0
1006,1,3.5,20.0
1008,2,3.5,20.0
1009,1,3.5,20.0
1011,2,3.5,20.0
1012,1,3.5,20.0
1015,2,3.5,20.0
1018,1,3.5,20.0
1019,4,3.5,20.0
1020,1,3.5,20.0
1021,2,3.5,20.0
1022,3,3.5,20.0
1023,1,3.5,20.0
1024,3,3.5,20.0
1025,1,3.5,20.0
1027,2,3.5,20.0
1028,1,3.5,20.0
1029,1,3.5,20.0
1030,2,3.5,20.0
1031,1,3.5,20.0
1032,1,3.5,20.0
1033,1,3.5,20.0
1034,1,3.5,20.0
1035,1,3.5,20.0
1036,1,3.5,20.0
1037,1,3.5,20.0
1038,3,3.5,20.0
1039,2,3.5,20.0
1040,1,3.5,20.0
1041,3,3.5,20.0
1044,2,3.5,20.0
1045,2,3.5,20.0
1046,1,3.5,20.0
1048,1,3.5,20.0
1049,1,3.5,20.0
1050,3,3.5,20.0
1051,1,3.5,20.0
1053,1,3.5,20.0
1054,1,3.5,20.0
1055,1,3.5,20.0
1057,2,3.5,20.0
1058,1,3.5,20.0
1059,2,3.5,20.0
1061,1,3.5,20.0
1062,1,3.5,20.0
1063,1,3.5,20.0
1065,1,3.5,20.0
1068,2,3.5,20.0
1069,1,3.5,20.0
1071,1,3.5,20.0
1073,1,3.5,20.0
1074,3,3.5,20.0
1076,1,3.5,20.0
1077,1,3.5,20.0
1079,1,3.5,20.0
1080,2,3.5,20.0
1084,2,3.5,20.0
1085,2,3.5,20.0
1087,1,3.5,20.0
1088,1,3.5,20.0
1089,3,3.5,20.0
1091,3,3.5,20.0
1092,1,3.5,20.0
1093,1,3.5,20.0
1096,2,3.5,20.0
1100,1,3.5,20.0
1102,1,3.5,20.0
1103,1,3.5,20.0
1104,1,3.5,20.0
1105,2,3.5,20.0
1106,1,3.5,20.0
1108,1,3.5,20.0
1111,3,3.5,20.0
1112,2,3.5,20.0
1114,1,3.5,20.0
1115,3,3.5,20.0
1116,1,3.5,20.0
1119,1,3.5,20.0
1123,1,3.5,20.0
1124,2,3.5,20.0
1125,3,3.5,20.0
1126,1,3.5,20.0
1127,2,3.5,20.0
1128,2,3.5,20.0
1129,3,3.5,20.0
1130,1,3.5,20.0
1131,2,3.5,20.0
1132,1,3.5,20.0
1133,2,3.5,20.0
1134,2,3.5,20.0
1135,3,3.5,20.0
1136,1,3.5,20.0
1137,1,3.5,20.0
1144,2,3.5,20.0
1145,3,3.5,20.0
1146,1,3.5,20.0
1151,1,3.5,20.0
1154,2,3.5,20.0
1155,1,3.5,20.0
1156,1,3.5,20.0
1159,2,3.5,20.0
1162,1,3.5,20.0
1163,1,3.5,20.0
1165,1,3.5,20.0
1166,1,3.5,20.0
1167,1,3.5,20.0
1168,1,3.5,20.0
1169,1,3.5,20.0
1173,2,3.5,20.0
1175,1,3.5,20.0
1176,1,3.5,20.0
1178,1,3.5,20.0
1179,2,3.5,20.0
1182,1,3.5,20.0
1183,1,3.5,20.0
1185,1,3.5,20.0
1190,1,3.5,20.0
1200,1,3.5,20.0
1201,2,3.5,20.0
1207,2,3.5,20.0
1209,1,3.5,20.0
1213,1,3.5,20.0
1215,1,3.5,20.0
1216,1,3.5,20.0
1217,1,3.5,20.0
1219,1,3.5,20.0
1220,1,3.5,20.0
1222,1,3.5,20.0
1223,1,3.5,20.0
1228,1,3.5,20.0
1229,1,3.5,20.0
1233,1,3.5,20.0
1234,2,3.5,20.0
1235,2,3.5,20.0
1236,2,3.5,20.0
1237,2,3.5,20.0
1243,1,3.5,20.0
1245,1,3.5,20.0
1246,1,3.5,20.0
1248,1,3.5,20.0
1257,1,3.5,20.0
1260,2,3.5,20.0
1262,1,3.5,20.0
1267,1,3.5,20.0
1268,1,3.5,20.0
1270,1,3.5,20.0
1272,1,3.5,20.0
1274,1,3.5,20.0
1276,1,3.5,20.0
1278,1,3.5,20.0
1280,1,3.5,20.0
1284,1,3.5,20.0
1285,1,3.5,20.0
1294,4,3.5,20.0
1295,2,3.5,20.0
1297,1,3.5,20.0
1299,1,3.5,20.0
1301,1,3.5,20.0
1303,1,3.5,20.0
1304,1,3.5,20.0
1305,2,3.5,20.0
1307,1,3.5,20.0
1310,1,3.5,20.0
1311,1,3.5,20.0
1314,1,3.5,20.0
1315,1,3.5,20.0
1316,2,3.5,20.0
1317,1,3.5,20.0
1319,2,3.5,20.0
1323,2,3.5,20.0
1324,2,3.5,20.0
1327,1,3.5,20.0
1331,1,3.5,20.0
1332,1,3.5,20.0
1333,1,3.5,20.0
1336,1,3.5,20.0
1341,2,3.5,20.0
1343,2,3.5,20.0
1344,1,3.5,20.0
1345,2,3.5,20.0
1352,1,3.5,20.0
1357,2,3.5,20.0
1359,2,3.5,20.0
1362,1,3.5,20.0
1363,1,3.5,20.0
1365,1,3.5,20.0
1372,2,3.5,20.0
1385,2,3.5,20.0
1396,1,3.5,20.0
1402,2,3.5,20.0
1405,1,3.5,20.0
1407,2,3.5,20.0
1414,1,3.5,20.0
1422,1,3.5,20.0
1429,1,3.5,20.0
1432,1,3.5,20.0
1434,1,3.5,20.0
1438,1,3.5,20.0
1440,1,3.5,20.0
1442,2,3.5,20.0
1444,1,3.5,20.0
1446,1,3.5,20.0
1448,1,3.5,20.0
1449,2,3.5,20.0
1450,1,3.5,20.0
1454,1,3.5,20.0
1456,2,3.5,20.0
1459,1,3.5,20.0
1462,1,3.5,20.0
1469,2,3.5,20.0
1474,1,3.5,20.0
1476,1,3.5,20.0
1478,2,3.5,20.0
1483,1,3.5,20.0
1485,1,3.5,20.0
1500,1,3.5,20.0
1501,2,3.5,20.0
1504,1,3.5,20.0
1506,1,3.5,20.0
1520,1,3.5,20.0
1542,1,3.5,20.0
1543,1,3.5,20.0
1544,1,3.5,20.0
1547,1,3.5,20.0
1553,1,3.5,20.0
1563,1,3.5,20.0
1571,1,3.5,20.0
1573,1,3.5,20.0
1575,1,3.5,20.0
1579,2,3.5,20.0
1583,1,3.5,20.0
1585,1,3.5,20.0
1599,1,3.5,20.0
1607,1,3.5,20.0
1624,1,3.5,20.0
1625,1,3.5,20.0
1626,1,3.5,20.0
1627,1,3.5,20.0
1634,2,3.5,20.0
1635,1,3.5,20.0
1646,1,3.5,20.0
1669,1,3.5,20.0
1676,1,3.5,20.0
1685,1,3.5,20.0
1687,1,3.5,20.0
1702,2,3.5,20.0
1703,1,3.5,20.0
1706,1,3.5,20.0
1712,1,3.5,20.0
1731,1,3.5,20.0
1734,1,3.5,20.0
1743,1,3.5,20.0
1744,1,3.5,20.0
1751,1,3.5,20.0
1759,2,3.5,20.0
1784,1,3.5,20.0
1809,1,3.5,20.0
1811,1,3.5,20.0
1828,1,3.5,20.0
1839,1,3.5,20.0
1853,1,3.5,20.0
1859,1,3.5,20.0
1865,1,3.5,20.0
1926,1,3.5,20.0
1962,1,3.5,20.0
1981,1,3.5,20.0
1984,1,3.5,20.0
2027,1,3.5,20.0
2058,1,3.5,20.0
2074,1,3.5,20.0
2085,1,3.5,20.0
2112,1,3.5,20.0
2115,1,3.5,20.0
2123,1,3.5,20.0
2131,1,3.5,20.0
2132,1,3.5,20.0
2135,1,3.5,20.0
2141,1,3.5,20.0
2170,1,3.5,20.0
2198,1,3.5,20.0
2203,1,3.5,20.0
2225,1,3.5,20.0
2266,1,3.5,20.0
2276,1,3.5,20.0
2311,1,3.5,20.0
2312,1,3.5,20.0
2348,1,3.5,20.0
2416,1,3.5,20.0
2490,1,3.5,20.0
2515,1,3.5,20.0
3864,1,3.5,20.0
1,29436,3.5,40.0
2,25185,3.5,40.0
3,21927,3.5,40.0
4,19149,3.5,40.0
5,16834,3.5,40.0
6,15124,3.5,40.0
7,13718,3.5,40.0
8,12174,3.5,40.0
9,11037,3.5,40.0
10,10024,3.5,40.0
11,9005,3.5,40.0
12,8424,3.5,40.0
13,7657,3.5,40.0
14,7051,3.5,40.0
15,6745,3.5,40.0
16,6207,3.5,40.0
17,5782,3.5,40.0
18,5496,3.5,40.0
19,5179,3.5,40.0
20,4615,3.5,40.0
21,4361,3.5,40.0
22,4111,3.5,40.0
23,3870,3.5,40.0
24,3734,3.5,40.0
25,3499,3.5,40.0
26,3342,3.5,40.0
27,3214,3.5,40.0
28,3196,3.5,40.0
29,2887,3.5,40.0
30,2859,3.5,40.0
31,2615,3.5,40.0
32,2553,3.5,40.0
33,2492,3.5,40.0
34,2307,3.5,40.0
35,2306,3.5,40.0
36,2081,3.5,40.0
37,2128,3.5,40.0
38,2047,3.5,40.0
39,1996,3.5,40.0
40,1785,3.5,40.0
41,1842,3.5,40.0
42,1750,3.5,40.0
43,1640,3.5,40.0
44,1607,3.5,40.0
45,1536,3.5,40.0
46,1494,3.5,40.0
47,1485,3.5,40.0
48,1444,3.5,40.0
49,1358,3.5,40.0
50,1388,3.5,40.0
51,1268,3.5,40.0
52,1269,3.5,40.0
53,1300,3.5,40.0
54,1200,3.5,40.0
55,1234,3.5,40.0
56,1146,3.5,40.0
57,1116,3.5,40.0
58,1051,3.5,40.0
59,1007,3.5,40.0
60,967,3.5,40.0
61,1034,3.5,40.0
62,967,3.5,40.0
63,958,3.5,40.0
64,882,3.5,40.0
65,903,3.5,40.0
66,886,3.5,40.0
67,871,3.5,40.0
68,859,3.5,40.0
69,795,3.5,40.0
70,872,3.5,40.0
71,734,3.5,40.0
72,693,3.5,40.0
73,718,3.5,40.0
74,697,3.5,40.0
75,731,3.5,40.0
76,726,3.5,40.0
77,675,3.5,40.0
78,654,3.5,40.0
79,684,3.5,40.0
80,637,3.5,40.0
81,630,3.5,40.0
82,585,3.5,40.0
83,568,3.5,40.0
84,571,3.5,40.0
85,538,3.5,40.0
86,550,3.5,40.0
87,541,3.5,40.0
88,525,3.5,40.0
89,537,3.5,40.0
90,495,3.5,40.0
91,488,3.5,40.0
92,494,3.5,40.0
93,444,3.5,40.0
94,443,3.5,40.0
95,453,3.5,40.0
96,433,3.5,40.0
97,461,3.5,40.0
98,431,3.5,40.0
99,417,3.5,40.0
100,435,3.5,40.0
101,407,3.5,40.0
102,369,3.5,40.0
103,385,3.5,40.0
104,387,3.5,40.0
105,372,3.5,40.0
106,383,3.5,40.0
107,385,3.5,40.0
108,351,3.5,40.0
109,381,3.5,40.0
110,329,3.5,40.0
111,382,3.5,40.0
112,340,3.5,40.0
113,325,3.5,40.0
114,315,3.5,40.0
115,284,3.5,40.0
116,291,3.5,40.0
117,319,3.5,40.0
118,296,3.5,40.0
119,311,3.5,40.0
120,280,3.5,40.0
121,293,3.5,40.0
122,309,3.5,40.0
123,298,3.5,40.0
124,247,3.5,40.0
125,297,3.5,40.0
126,269,3.5,40.0
127,272,3.5,40.0
128,263,3.5,40.0
129,247,3.5,40.0
130,263,3.5,40.0
131,270,3.5,40.0
132,249,3.5,40.0
133,251,3.5,40.0
134,224,3.5,40.0
135,212,3.5,40.0
136,229,3.5,40.0
137,220,3.5,40.0
138,228,3.5,40.0
139,218,3.5,40.0
140,234,3.5,40.0
141,194,3.5,40.0
142,199,3.5,40.0
143,218,3.5,40.0
144,190,3.5,40.0
145,202,3.5,40.0
146,197,3.5,40.0
147,199,3.5,40.0
148,194,3.5,40.0
149,204,3.5,40.0
150,185,3.5,40.0
151,191,3.5,40.0
152,187,3.5,40.0
153,220,3.5,40.0
154,170,3.5,40.0
155,174,3.5,40.0
156,171,3.5,40.0
157,172,3.5,40.0
158,155,3.5,40.0
159,146,3.5,40.0
160,140,3.5,40.0
161,183,3.5,40.0
162,162,3.5,40.0
163,149,3.5,40.0
164,154,3.5,40.0
165,169,3.5,40.0
166,181,3.5,40.0
167,129,3.5,40.0
168,160,3.5,40.0
169,139,3.5,40.0
170,164,3.5,40.0
171,163,3.5,40.0
172,171,3.5,40.0
173,145,3.5,40.0
174,165,3.5,40.0
175,141,3.5,40.0
176,141,3.5,40.0
177,147,3.5,40.0
178,127,3.5,40.0
179,133,3.5,40.0
180,134,3.5,40.0
181,130,3.5,40.0
182,112,3.5,40.0
183,139,3.5,40.0
184,119,3.5,40.0
185,118,3.5,40.0
186,118,3.5,40.0
187,121,3.5,40.0
188,105,3.5,40.0
189,135,3.5,40.0
190,112,3.5,40.0
191,132,3.5,40.0
192,121,3.5,40.0
193,138,3.5,40.0
194,117,3.5,40.0
195,111,3.5,40.0
196,101,3.5,40.0
197,130,3.5,40.0
198,109,3.5,40.0
199,112,3.5,40.0
200,108,3.5,40.0
201,105,3.5,40.0
202,96,3.5,40.0
203,128,3.5,40.0
204,91,3.5,40.0
205,96,3.5,40.0
206,96,3.5,40.0
207,104,3.5,40.0
208,110,3.5,40.0
209,90,3.5,40.0
210,92,3.5,40.0
211,105,3.5,40.0
212,94,3.5,40.0
213,88,3.5,40.0
214,103,3.5,40.0
215,87,3.5,40.0
216,96,3.5,40.0
217,96,3.5,40.0
218,100,3.5,40.0
219,105,3.5,40.0
220,81,3.5,40.0
221,92,3.5,40.0
222,111,3.5,40.0
223,75,3.5,40.0
224,85,3.5,40.0
225,93,3.5,40.0
226,81,3.5,40.0
227,91,3.5,40.0
228,60,3.5,40.0
229,71,3.5,40.0
230,94,3.5,40.0
231,98,3.5,40.0
232,79,3.5,40.0
233,96,3.5,40.0
234,81,3.5,40.0
235,91,3.5,40.0
236,92,3.5,40.0
237,101,3.5,40.0
238,82,3.5,40.0
239,74,3.5,40.0
240,86,3.5,40.0
241,74,3.5,40.0
242,92,3.5,40.0
243,86,3.5,40.0
244,69,3.5,40.0
245,76,3.5,40.0
246,69,3.5,40.0
247,92,3.5,40.0
248,57,3.5,40.0
249,65,3.5,40.0
250,55,3.5,40.0
251,70,3.5,40.0
252,81,3.5,40.0
253,63,3.5,40.0
254,86,3.5,40.0
255,67,3.5,40.0
256,72,3.5,40.0
257,68,3.5,40.0
258,58,3.5,40.0
259,64,3.5,40.0
260,60,3.5,40.0
261,67,3.5,40.0
262,57,3.5,40.0
263,60,3.5,40.0
264,57,3.5,40.0
265,62,3.5,40.0
266,66,3.5,40.0
267,71,3.5,40.0
268,69,3.5,40.0
269,55,3.5,40.0
270,65,3.5,40.0
271,75,3.5,40.0
272,59,3.5,40.0
273,67,3.5,40.0
274,65,3.5,40.0
275,70,3.5,40.0
276,72,3.5,40.0
277,62,3.5,40.0
278,53,3.5,40.0
279,68,3.5,40.0
280,67,3.5,40.0
281,63,3.5,40.0
282,58,3.5,40.0
283,54,3.5,40.0
284,66,3.5,40.0
285,70,3.5,40.0
286,63,3.5,40.0
287,64,3.5,40.0
288,49,3.5,40.0
289,68,3.5,40.0
290,58,3.5,40.0
291,57,3.5,40.0
292,57,3.5,40.0
293,55,3.5,40.0
294,60,3.5,40.0
295,50,3.5,40.0
296,60,3.5,40.0
297,58,3.5,40.0
298,53,3.5,40.0
299,51,3.5,40.0
300,47,3.5,40.0
301,50,3.5,40.0
302,56,3.5,40.0
303,50,3.5,40.0
304,50,3.5,40.0
305,60,3.5,40.0
306,56,3.5,40.0
307,54,3.5,40.0
308,58,3.5,40.0
309,56,3.5,40.0
310,41,3.5,40.0
311,46,3.5,40.0
312,59,3.5,40.0
313,44,3.5,40.0
314,51,3.5,40.0
315,53,3.5,40.0
316,43,3.5,40.0
317,48,3.5,40.0
318,55,3.5,40.0
319,70,3.5,40.0
320,60,3.5,40.0
321,49,3.5,40.0
322,48,3.5,40.0
323,45,3.5,40.0
324,27,3.5,40.0
325,56,3.5,40.0
326,40,3.5,40.0
327,54,3.5,40.0
328,38,3.5,40.0
329,36,3.5,40.0
330,58,3.5,40.0
331,35,3.5,40.0
332,51,3.5,40.0
333,50,3.5,40.0
334,51,3.5,40.0
335,48,3.5,40.0
336,33,3.5,40.0
337,34,3.5,40.0
338,41,3.5,40.0
339,38,3.5,40.0
340,43,3.5,40.0
341,43,3.5,40.0
342,48,3.5,40.0
343,53,3.5,40.0
344,52,3.5,40.0
345,53,3.5,40.0
346,44,3.5,40.0
347,46,3.5,40.0
348,39,3.5,40.0
349,31,3.5,40.0
350,42,3.5,40.0
351,33,3.5,40.0
352,31,3.5,40.0
353,39,3.5,40.0
354,47,3.5,40.0
355,31,3.5,40.0
356,49,3.5,40.0
357,29,3.5,40.0
358,28,3.5,40.0
359,31,3.5,40.0
360,38,3.5,40.0
361,41,3.5,40.0
362,38,3.5,40.0
363,39,3.5,40.0
364,36,3.5,40.0
365,38,3.5,40.0
366,35,3.5,40.0
367,38,3.5,40.0
368,39,3.5,40.0
369,28,3.5,40.0
370,39,3.5,40.0
371,31,3.5,40.0
372,51,3.5,40.0
373,40,3.5,40.0
374,39,3.5,40.0
375,36,3.5,40.0
376,37,3.5,40.0
377,36,3.5,40.0
378,34,3.5,40.0
379,34,3.5,40.0
380,34,3.5,40.0
381,40,3.5,40.0
382,35,3.5,40.0
383,33,3.5,40.0
384,34,3.5,40.0
385,44,3.5,40.0
386,39,3.5,40.0
387,26,3.5,40.0
388,41,3.5,40.0
389,32,3.5,40.0
390,32,3.5,40.0
391,32,3.5,40.0
392,35,3.5,40.0
393,34,3.5,40.0
394,31,3.5,40.0
395,31,3.5,40.0
396,25,3.5,40.0
397,31,3.5,40.0
398,29,3.5,40.0
399,30,3.5,40.0
400,27,3.5,40.0
401,36,3.5,40.0
402,26,3.5,40.0
403,35,3.5,40.0
404,29,3.5,40.0
405,29,3.5,40.0
406,29,3.5,40.0
407,24,3.5,40.0
408,31,3.5,40.0
409,28,3.5,40.0
410,39,3.5,40.0
411,24,3.5,40.0
412,22,3.5,40.0
413,26,3.5,40.0
414,42,3.5,40.0
415,34,3.5,40.0
416,22,3.5,40.0
417,23,3.5,40.0
418,28,3.5,40.0
419,35,3.5,40.0
420,29,3.5,40.0
421,18,3.5,40.0
422,25,3.5,40.0
423,19,3.5,40.0
424,31,3.5,40.0
425,31,3.5,40.0
426,18,3.5,40.0
427,30,3.5,40.0
428,27,3.5,40.0
429,30,3.5,40.0
430,28,3.5,40.0
431,30,3.5,40.0
432,17,3.5,40.0
433,23,3.5,40.0
434,19,3.5,40.0
435,24,3.5,40.0
436,35,3.5,40.0
437,25,3.5,40.0
438,20,3.5,40.0
439,16,3.5,40.0
440,32,3.5,40.0
441,25,3.5,40.0
442,24,3.5,40.0
443,34,3.5,40.0
444,23,3.5,40.0
445,27,3.5,40.0
446,22,3.5,40.0
447,13,3.5,40.0
448,18,3.5,40.0
449,25,3.5,40.0
450,21,3.5,40.0
451,23,3.5,40.0
452,25,3.5,40.0
453,21,3.5,40.0
454,23,3.5,40.0
455,31,3.5,40.0
456,24,3.5,40.0
457,25,3.5,40.0
458,21,3.5,40.0
459,23,3.5,40.0
460,18,3.5,40.0
461,28,3.5,40.0
462,27,3.5,40.0
463,16,3.5,40.0
464,24,3.5,40.0
465,21,3.5,40.0
466,21,3.5,40.0
467,30,3.5,40.0
468,20,3.5,40.0
469,22,3.5,40.0
470,16,3.5,40.0
471,14,3.5,40.0
472,20,3.5,40.0
473,22,3.5,40.0
474,21,3.5,40.0
475,23,3.5,40.0
476,21,3.5,40.0
477,17,3.5,40.0
478,23,3.5,40.0
479,26,3.5,40.0
480,23,3.5,40.0
481,31,3.5,40.0
482,21,3.5,40.0
483,24,3.5,40.0
484,22,3.5,40.0
485,15,3.5,40.0
486,20,3.5,40.0
487,18,3.5,40.0
488,21,3.5,40.0
489,29,3.5,40.0
490,21,3.5,40.0
491,28,3.5,40.0
492,29,3.5,40.0
493,22,3.5,40.0
494,17,3.5,40.0
495,21,3.5,40.0
496,15,3.5,40.0
497,22,3.5,40.0
498,20,3.5,40.0
499,22,3.5,40.0
500,23,3.5,40.0
501,16,3.5,40.0
502,16,3.5,40.0
503,21,3.5,40.0
504,21,3.5,40.0
505,21,3.5,40.0
506,17,3.5,40.0
507,16,3.5,40.0
508,24,3.5,40.0
509,22,3.5,40.0
510,18,3.5,40.0
511,22,3.5,40.0
512,15,3.5,40.0
513,13,3.5,40.0
514,22,3.5,40.0
515,22,3.5,40.0
516,16,3.5,40.0
517,20,3.5,40.0
518,21,3.5,40.0
519,16,3.5,40.0
520,22,3.5,40.0
521,22,3.5,40.0
522,19,3.5,40.0
523,23,3.5,40.0
524,13,3.5,40.0
525,23,3.5,40.0
526,14,3.5,40.0
527,15,3.5,40.0
528,23,3.5,40.0
529,21,3.5,40.0
530,18,3.5,40.0
531,14,3.5,40.0
532,15,3.5,40.0
533,21,3.5,40.0
534,15,3.5,40.0
535,16,3.5,40.0
536,14,3.5,40.0
537,21,3.5,40.0
538,19,3.5,40.0
539,19,3.5,40.0
540,16,3.5,40.0
541,13,3.5,40.0
542,19,3.5,40.0
543,24,3.5,40.0
544,13,3.5,40.0
545,13,3.5,40.0
546,20,3.5,40.0
547,13,3.5,40.0
548,18,3.5,40.0
549,18,3.5,40.0
550,20,3.5,40.0
551,16,3.5,40.0
552,21,3.5,40.0
553,19,3.5,40.0
554,17,3.5,40.0
555,14,3.5,40.0
556,18,3.5,40.0
557,18,3.5,40.0
558,13,3.5,40.0
559,16,3.5,40.0
560,18,3.5,40.0
561,10,3.5,40.0
562,17,3.5,40.0
563,15,3.5,40.0
564,18,3.5,40.0
565,12,3.5,40.0
566,16,3.5,40.0
567,11,3.5,40.0
568,7,3.5,40.0
569,18,3.5,40.0
570,23,3.5,40.0
571,24,3.5,40.0
572,13,3.5,40.0
573,13,3.5,40.0
574,8,3.5,40.0
575,14,3.5,40.0
576,21,3.5,40.0
577,8,3.5,40.0
578,14,3.5,40.0
579,20,3.5,40.0
580,9,3.5,40.0
581,18,3.5,40.0
582,11,3.5,40.0
583,17,3.5,40.0
584,19,3.5,40.0
585,20,3.5,40.0
586,15,3.5,40.0
587,3,3.5,40.0
588,5,3.5,40.0
589,12,3.5,40.0
590,16,3.5,40.0
591,13,3.5,40.0
592,21,3.5,40.0
593,17,3.5,40.0
594,16,3.5,40.0
595,10,3.5,40.0
596,19,3.5,40.0
597,14,3.5,40.0
598,17,3.5,40.0
599,12,3.5,40.0
600,17,3.5,40.0
601,19,3.5,40.0
602,17,3.5,40.0
603,12,3.5,40.0
604,10,3.5,40.0
605,15,3.5,40.0
606,9,3.5,40.0
607,13,3.5,40.0
608,13,3.5,40.0
609,13,3.5,40.0
610,9,3.5,40.0
611,16,3.5,40.0
612,17,3.5,40.0
613,15,3.5,40.0
614,11,3.5,40.0
615,12,3.5,40.0
616,18,3.5,40.0
617,14,3.5,40.0
618,11,3.5,40.0
619,12,3.5,40.0
620,18,3.5,40.0
621,7,3.5,40.0
622,10,3.5,40.0
623,17,3.5,40.0
624,14,3.5,40.0
625,15,3.5,40.0
626,20,3.5,40.0
627,14,3.5,40.0
628,15,3.5,40.0
629,13,3.5,40.0
630,14,3.5,40.0
631,9,3.5,40.0
632,8,3.5,40.0
633,10,3.5,40.0
634,13,3.5,40.0
635,15,3.5,40.0
636,13,3.5,40.0
637,17,3.5,40.0
638,8,3.5,40.0
639,17,3.5,40.0
640,12,3.5,40.0
641,18,3.5,40.0
642,16,3.5,40.0
643,5,3.5,40.0
644,10,3.5,40.0
645,11,3.5,40.0
646,10,3.5,40.0
647,9,3.5,40.0
648,14,3.5,40.0
649,10,3.5,40.0
650,10,3.5,40.0
651,10,3.5,40.0
652,17,3.5,40.0
653,11,3.5,40.0
654,13,3.5,40.0
655,10,3.5,40.0
656,20,3.5,40.0
657,15,3.5,40.0
658,8,3.5,40.0
659,7,3.5,40.0
660,12,3.5,40.0
661,12,3.5,40.0
662,9,3.5,40.0
663,8,3.5,40.0
664,15,3.5,40.0
665,17,3.5,40.0
666,9,3.5,40.0
667,13,3.5,40.0
668,12,3.5,40.0
669,6,3.5,40.0
670,5,3.5,40.0
671,10,3.5,40.0
672,11,3.5,40.0
673,10,3.5,40.0
674,10,3.5,40.0
675,8,3.5,40.0
676,16,3.5,40.0
677,11,3.5,40.0
678,16,3.5,40.0
679,9,3.5,40.0
680,5,3.5,40.0
681,9,3.5,40.0
682,10,3.5,40.0
683,16,3.5,40.0
684,10,3.5,40.0
685,8,3.5,40.0
686,6,3.5,40.0
687,16,3.5,40.0
688,7,3.5,40.0
689,16,3.5,40.0
690,10,3.5,40.0
691,6,3.5,40.0
692,7,3.5,40.0
693,11,3.5,40.0
694,8,3.5,40.0
695,11,3.5,40.0
696,12,3.5,40.0
697,10,3.5,40.0
698,9,3.5,40.0
699,12,3.5,40.0
700,10,3.5,40.0
701,13,3.5,40.0
702,6,3.5,40.0
703,10,3.5,40.0
704,9,3.5,40.0
705,14,3.5,40.0
706,7,3.5,40.0
707,13,3.5,40.0
708,6,3.5,40.0
709,12,3.5,40.0
710,9,3.5,40.0
711,6,3.5,40.0
712,8,3.5,40.0
713,13,3.5,40.0
714,9,3.5,40.0
715,13,3.5,40.0
716,11,3.5,40.0
717,12,3.5,40.0
718,9,3.5,40.0
719,15,3.5,40.0
720,8,3.5,40.0
721,11,3.5,40.0
722,5,3.5,40.0
723,6,3.5,40.0
724,12,3.5,40.0
725,9,3.5,40.0
726,4,3.5,40.0
727,11,3.5,40.0
728,10,3.5,40.0
729,7,3.5,40.0
730,9,3.5,40.0
731,7,3.5,40.0
732,9,3.5,40.0
733,15,3.5,40.0
734,10,3.5,40.0
735,11,3.5,40.0
736,7,3.5,40.0
737,8,3.5,40.0
738,6,3.5,40.0
739,9,3.5,40.0
740,8,3.5,40.0
741,6,3.5,40.0
742,13,3.5,40.0
743,6,3.5,40.0
744,10,3.5,40.0
745,13,3.5,40.0
746,13,3.5,40.0
747,16,3.5,40.0
748,8,3.5,40.0
749,6,3.5,40.0
750,10,3.5,40.0
751,7,3.5,40.0
752,15,3.5,40.0
753,10,3.5,40.0
754,9,3.5,40.0
755,10,3.5,40.0
756,10,3.5,40.0
757,13,3.5,40.0
758,5,3.5,40.0
759,9,3.5,40.0
760,7,3.5,40.0
761,5,3.5,40.0
762,9,3.5,40.0
763,9,3.5,40.0
764,7,3.5,40.0
765,8,3.5,40.0
766,4,3.5,40.0
767,10,3.5,40.0
768,7,3.5,40.0
769,8,3.5,40.0
770,11,3.5,40.0
771,7,3.5,40.0
772,5,3.5,40.0
773,6,3.5,40.0
774,8,3.5,40.0
775,2,3.5,40.0
776,11,3.5,40.0
777,6,3.5,40.0
778,6,3.5,40.0
779,8,3.5,40.0
780,8,3.5,40.0
781,10,3.5,40.0
782,7,3.5,40.0
783,7,3.5,40.0
784,6,3.5,40.0
785,12,3.5,40.0
786,9,3.5,40.0
787,6,3.5,40.0
788,11,3.5,40.0
789,4,3.5,40.0
790,12,3.5,40.0
791,6,3.5,40.0
792,7,3.5,40.0
793,8,3.5,40.0
794,13,3.5,40.0
795,8,3.5,40.0
796,4,3.5,40.0
797,9,3.5,40.0
798,13,3.5,40.0
799,7,3.5,40.0
800,10,3.5,40.0
801,10,3.5,40.0
802,6,3.5,40.0
803,2,3.5,40.0
804,6,3.5,40.0
805,7,3.5,40.0
806,5,3.5,40.0
807,6,3.5,40.0
808,7,3.5,40.0
809,2,3.5,40.0
810,7,3.5,40.0
811,7,3.5,40.0
812,8,3.5,40.0
813,10,3.5,40.0
814,7,3.5,40.0
815,7,3.5,40.0
816,12,3.5,40.0
817,7,3.5,40.0
818,1,3.5,40.0
819,9,3.5,40.0
820,5,3.5,40.0
821,5,3.5,40.0
822,8,3.5,40.0
823,5,3.5,40.0
824,5,3.5,40.0
825,6,3.5,40.0
826,11,3.5,40.0
827,7,3.5,40.0
828,8,3.5,40.0
829,6,3.5,40.0
830,5,3.5,40.0
831,10,3.5,40.0
832,6,3.5,40.0
833,4,3.5,40.0
834,3,3.5,40.0
835,4,3.5,40.0
836,6,3.5,40.0
837,7,3.5,40.0
838,7,3.5,40.0
839,8,3.5,40.0
840,5,3.5,40.0
841,1,3.5,40.0
842,9,3.5,40.0
843,8,3.5,40.0
844,4,3.5,40.0
845,7,3.5,40.0
846,9,3.5,40.0
847,6,3.5,40.0
848,4,3.5,40.0
849,13,3.5,40.0
850,6,3.5,40.0
851,8,3.5,40.0
852,6,3.5,40.0
853,4,3.5,40.0
854,7,3.5,40.0
855,7,3.5,40.0
856,4,3.5,40.0
857,4,3.5,40.0
858,5,3.5,40.0
859,7,3.5,40.0
860,7,3.5,40.0
861,3,3.5,40.0
862,9,3.5,40.0
863,7,3.5,40.0
864,7,3.5,40.0
865,6,3.5,40.0
866,6,3.5,40.0
867,4,3.5,40.0
868,4,3.5,40.0
869,4,3.5,40.0
870,8,3.5,40.0
871,9,3.5,40.0
872,5,3.5,40.0
873,4,3.5,40.0
874,9,3.5,40.0
875,11,3.5,40.0
876,8,3.5,40.0
877,8,3.5,40.0
878,5,3.5,40.0
879,6,3.5,40.0
880,9,3.5,40.0
881,4,3.5,40.0
882,6,3.5,40.0
883,1,3.5,40.0
884,4,3.5,40.0
885,1,3.5,40.0
886,4,3.5,40.0
887,8,3.5,40.0
888,7,3.5,40.0
889,6,3.5,40.0
890,2,3.5,40.0
891,7,3.5,40.0
892,3,3.5,40.0
893,5,3.5,40.0
894,5,3.5,40.0
895,7,3.5,40.0
896,1,3.5,40.0
897,4,3.5,40.0
899,3,3.5,40.0
900,3,3.5,40.0
901,4,3.5,40.0
902,4,3.5,40.0
903,4,3.5,40.0
904,5,3.5,40.0
905,6,3.5,40.0
906,2,3.5,40.0
907,7,3.5,40.0
908,5,3.5,40.0
909,2,3.5,40.0
910,5,3.5,40.0
911,4,3.5,40.0
912,2,3.5,40.0
913,5,3.5,40.0
914,5,3.5,40.0
915,6,3.5,40.0
916,7,3.5,40.0
917,6,3.5,40.0
918,4,3.5,40.0
919,9,3.5,40.0
920,6,3.5,40.0
921,8,3.5,40.0
922,3,3.5,40.0
923,7,3.5,40.0
924,5,3.5,40.0
925,3,3.5,40.0
926,7,3.5,40.0
927,1,3.5,40.0
928,4,3.5,40.0
929,5,3.5,40.0
930,3,3.5,40.0
931,6,3.5,40.0
932,5,3.5,40.0
933,4,3.5,40.0
934,6,3.5,40.0
935,1,3.5,40.0
936,3,3.5,40.0
937,1,3.5,40.0
938,5,3.5,40.0
939,6,3.5,40.0
940,7,3.5,40.0
941,3,3.5,40.0
942,3,3.5,40.0
943,9,3.5,40.0
944,5,3.5,40.0
945,3,3.5,40.0
946,5,3.5,40.0
947,7,3.5,40.0
948,1,3.5,40.0
949,1,3.5,40.0
950,6,3.5,40.0
951,1,3.5,40.0
952,6,3.5,40.0
953,9,3.5,40.0
954,10,3.5,40.0
955,2,3.5,40.0
956,4,3.5,40.0
957,5,3.5,40.0
959,1,3.5,40.0
960,4,3.5,40.0
961,7,3.5,40.0
962,3,3.5,40.0
963,4,3.5,40.0
964,7,3.5,40.0
965,4,3.5,40.0
966,3,3.5,40.0
967,3,3.5,40.0
968,3,3.5,40.0
969,4,3.5,40.0
970,5,3.5,40.0
971,3,3.5,40.0
972,8,3.5,40.0
973,2,3.5,40.0
974,3,3.5,40.0
975,2,3.5,40.0
976,6,3.5,40.0
977,4,3.5,40.0
978,3,3.5,40.0
979,8,3.5,40.0
980,4,3.5,40.0
981,1,3.5,40.0
982,3,3.5,40.0
983,5,3.5,40.0
984,3,3.5,40.0
985,3,3.5,40.0
987,5,3.5,40.0
988,2,3.5,40.0
989,4,3.5,40.0
990,3,3.5,40.0
991,10,3.5,40.0
992,4,3.5,40.0
993,5,3.5,40.0
994,3,3.5,40.0
995,1,3.5,40.0
996,3,3.5,40.0
997,2,3.5,40.0
998,7,3.5,40.0
999,7,3.5,40.0
1000,2,3.5,40.0
1001,4,3.5,40.0
1002,1,3.5,40.0
1003,4,3.5,40.0
1004,5,3.5,40.0
1005,5,3.5,40.0
1006,4,3.5,40.0
1007,2,3.5,40.0
1008,2,3.5,40.0
1009,3,3.5,40.0
1011,2,3.5,40.0
1012,2,3.5,40.0
1013,3,3.5,40.0
1014,3,3.5,40.0
1015,4,3.5,40.0
1016,7,3.5,40.0
1017,4,3.5,40.0
1018,5,3.5,40.0
1019,2,3.5,40.0
1020,1,3.5,40.0
1021,1,3.5,40.0
1022,5,3.5,40.0
1023,8,3.5,40.0
1024,8,3.5,40.0
1025,6,3.5,40.0
1026,2,3.5,40.0
1027,1,3.5,40.0
1028,10,3.5,40.0
1029,3,3.5,40.0
1030,5,3.5,40.0
1031,4,3.5,40.0
1032,6,3.5,40.0
1033,6,3.5,40.0
1034,2,3.5,40.0
1035,2,3.5,40.0
1036,4,3.5,40.0
1037,3,3.5,40.0
1038,3,3.5,40.0
1039,4,3.5,40.0
1040,6,3.5,40.0
1041,6,3.5,40.0
1042,2,3.5,40.0
1043,3,3.5,40.0
1044,3,3.5,40.0
1045,4,3.5,40.0
1046,5,3.5,40.0
1047,1,3.5,40.0
1048,5,3.5,40.0
1049,2,3.5,40.0
1050,9,3.5,40.0
1051,3,3.5,40.0
1052,5,3.5,40.0
1053,5,3.5,40.0
1054,5,3.5,40.0
1055,4,3.5,40.0
1056,4,3.5,40.0
1057,2,3.5,40.0
1058,3,3.5,40.0
1059,4,3.5,40.0
1060,1,3.5,40.0
1061,5,3.5,40.0
1062,3,3.5,40.0
1063,3,3.5,40.0
1064,2,3.5,40.0
1065,6,3.5,40.0
1066,3,3.5,40.0
1067,3,3.5,40.0
1068,2,3.5,40.0
1069,3,3.5,40.0
1070,1,3.5,40.0
1071,4,3.5,40.0
1072,3,3.5,40.0
1073,4,3.5,40.0
1074,5,3.5,40.0
1075,4,3.5,40.0
1076,2,3.5,40.0
1077,3,3.5,40.0
1078,2,3.5,40.0
1079,5,3.5,40.0
1081,1,3.5,40.0
1082,3,3.5,40.0
1083,2,3.5,40.0
1084,3,3.5,40.0
1085,2,3.5,40.0
1086,2,3.5,40.0
1087,3,3.5,40.0
1088,3,3.5,40.0
1089,1,3.5,40.0
1090,4,3.5,40.0
1091,4,3.5,40.0
1092,1,3.5,40.0
1093,4,3.5,40.0
1094,2,3.5,40.0
1095,1,3.5,40.0
1096,6,3.5,40.0
1097,3,3.5,40.0
1099,6,3.5,40.0
1100,4,3.5,40.0
1101,3,3.5,40.0
1102,2,3.5,40.0
1103,5,3.5,40.0
1104,4,3.5,40.0
1105,2,3.5,40.0
1106,4,3.5,40.0
1108,1,3.5,40.0
1109,1,3.5,40.0
1110,5,3.5,40.0
1111,2,3.5,40.0
1112,1,3.5,40.0
1113,5,3.5,40.0
1114,2,3.5,40.0
1115,2,3.5,40.0
1116,1,3.5,40.0
1117,1,3.5,40.0
1118,1,3.5,40.0
1119,1,3.5,40.0
1120,2,3.5,40.0
1121,4,3.5,40.0
1122,6,3.5,40.0
1123,2,3.5,40.0
1124,2,3.5,40.0
1125,3,3.5,40.0
1126,2,3.5,40.0
1127,3,3.5,40.0
1128,3,3.5,40.0
1129,2,3.5,40.0
1130,1,3.5,40.0
1131,1,3.5,40.0
1132,3,3.5,40.0
1133,2,3.5,40.0
1134,5,3.5,40.0
1135,3,3.5,40.0
1136,2,3.5,40.0
1137,2,3.5,40.0
1138,4,3.5,40.0
1139,1,3.5,40.0
1140,3,3.5,40.0
1141,1,3.5,40.0
1142,6,3.5,40.0
1143,3,3.5,40.0
1144,5,3.5,40.0
1145,3,3.5,40.0
1146,1,3.5,40.0
1147,7,3.5,40.0
1148,3,3.5,40.0
1149,3,3.5,40.0
1150,6,3.5,40.0
1151,4,3.5,40.0
1152,2,3.5,40.0
1153,3,3.5,40.0
1154,3,3.5,40.0
1155,2,3.5,40.0
1156,4,3.5,40.0
1157,5,3.5,40.0
1158,4,3.5,40.0
1159,2,3.5,40.0
1160,1,3.5,40.0
1161,2,3.5,40.0
1162,4,3.5,40.0
1163,5,3.5,40.0
1164,1,3.5,40.0
1166,3,3.5,40.0
1167,4,3.5,40.0
1168,2,3.5,40.0
1169,4,3.5,40.0
1170,6,3.5,40.0
1171,7,3.5,40.0
1172,1,3.5,40.0
1173,1,3.5,40.0
1175,2,3.5,40.0
1176,4,3.5,40.0
1177,3,3.5,40.0
1178,3,3.5,40.0
1179,5,3.5,40.0
1180,1,3.5,40.0
1181,2,3.5,40.0
1182,4,3.5,40.0
1183,2,3.5,40.0
1184,5,3.5,40.0
1185,1,3.5,40.0
1186,1,3.5,40.0
1187,3,3.5,40.0
1189,2,3.5,40.0
1192,4,3.5,40.0
1193,1,3.5,40.0
1194,1,3.5,40.0
1196,3,3.5,40.0
1197,1,3.5,40.0
1198,4,3.5,40.0
1199,2,3.5,40.0
1200,1,3.5,40.0
1201,4,3.5,40.0
1203,1,3.5,40.0
1204,2,3.5,40.0
1205,2,3.5,40.0
1206,4,3.5,40.0
1207,3,3.5,40.0
1208,5,3.5,40.0
1209,4,3.5,40.0
1211,3,3.5,40.0
1213,3,3.5,40.0
1214,2,3.5,40.0
1215,4,3.5,40.0
1216,1,3.5,40.0
1217,3,3.5,40.0
1218,2,3.5,40.0
1219,1,3.5,40.0
1220,1,3.5,40.0
1221,2,3.5,40.0
1222,5,3.5,40.0
1223,1,3.5,40.0
1224,2,3.5,40.0
1225,3,3.5,40.0
1226,2,3.5,40.0
1228,1,3.5,40.0
1229,2,3.5,40.0
1230,2,3.5,40.0
1231,3,3.5,40.0
1232,5,3.5,40.0
1233,1,3.5,40.0
1235,4,3.5,40.0
1236,1,3.5,40.0
1238,3,3.5,40.0
1239,2,3.5,40.0
1240,1,3.5,40.0
1241,1,3.5,40.0
1242,3,3.5,40.0
1243,3,3.5,40.0
1245,2,3.5,40.0
1246,2,3.5,40.0
1247,3,3.5,40.0
1248,3,3.5,40.0
1249,2,3.5,40.0
1250,2,3.5,40.0
1252,5,3.5,40.0
1253,3,3.5,40.0
1254,1,3.5,40.0
1255,5,3.5,40.0
1256,3,3.5,40.0
1257,2,3.5,40.0
1260,1,3.5,40.0
1261,3,3.5,40.0
1262,2,3.5,40.0
1263,1,3.5,40.0
1265,3,3.5,40.0
1266,1,3.5,40.0
1267,2,3.5,40.0
1268,1,3.5,40.0
1269,2,3.5,40.0
1270,1,3.5,40.0
1271,1,3.5,40.0
1272,2,3.5,40.0
1274,3,3.5,40.0
1275,1,3.5,40.0
1276,1,3.5,40.0
1277,2,3.5,40.0
1280,2,3.5,40.0
1281,2,3.5,40.0
1282,1,3.5,40.0
1284,2,3.5,40.0
1285,2,3.5,40.0
1286,2,3.5,40.0
1287,2,3.5,40.0
1288,2,3.5,40.0
1290,2,3.5,40.0
1291,1,3.5,40.0
1292,1,3.5,40.0
1294,1,3.5,40.0
1295,3,3.5,40.0
1296,3,3.5,40.0
1297,1,3.5,40.0
1299,1,3.5,40.0
1300,3,3.5,40.0
1302,3,3.5,40.0
1303,2,3.5,40.0
1304,2,3.5,40.0
1305,3,3.5,40.0
1307,3,3.5,40.0
1308,1,3.5,40.0
1309,3,3.5,40.0
1310,1,3.5,40.0
1312,3,3.5,40.0
1313,1,3.5,40.0
1314,1,3.5,40.0
1315,2,3.5,40.0
1316,3,3.5,40.0
1317,1,3.5,40.0
1318,1,3.5,40.0
1319,2,3.5,40.0
1320,5,3.5,40.0
1321,2,3.5,40.0
1322,2,3.5,40.0
1323,2,3.5,40.0
1324,1,3.5,40.0
1325,2,3.5,40.0
1326,2,3.5,40.0
1327,1,3.5,40.0
1328,2,3.5,40.0
1329,3,3.5,40.0
1330,1,3.5,40.0
1332,4,3.5,40.0
1333,2,3.5,40.0
1334,2,3.5,40.0
1335,2,3.5,40.0
1336,1,3.5,40.0
1337,1,3.5,40.0
1338,1,3.5,40.0
1339,2,3.5,40.0
1342,2,3.5,40.0
1345,4,3.5,40.0
1346,2,3.5,40.0
1348,3,3.5,40.0
1349,1,3.5,40.0
1350,4,3.5,40.0
1351,2,3.5,40.0
1352,2,3.5,40.0
1353,2,3.5,40.0
1354,4,3.5,40.0
1355,2,3.5,40.0
1356,1,3.5,40.0
1357,1,3.5,40.0
1358,2,3.5,40.0
1360,1,3.5,40.0
1361,3,3.5,40.0
1362,3,3.5,40.0
1363,1,3.5,40.0
1365,2,3.5,40.0
1366,2,3.5,40.0
1367,2,3.5,40.0
1368,4,3.5,40.0
1369,1,3.5,40.0
1370,1,3.5,40.0
1371,2,3.5,40.0
1372,1,3.5,40.0
1373,1,3.5,40.0
1375,1,3.5,40.0
1376,3,3.5,40.0
1378,1,3.5,40.0
1380,1,3.5,40.0
1382,1,3.5,40.0
1383,1,3.5,40.0
1384,2,3.5,40.0
1385,4,3.5,40.0
1387,2,3.5,40.0
1389,1,3.5,40.0
1390,2,3.5,40.0
1391,3,3.5,40.0
1392,3,3.5,40.0
1393,1,3.5,40.0
1395,2,3.5,40.0
1396,2,3.5,40.0
1397,2,3.5,40.0
1401,1,3.5,40.0
1403,2,3.5,40.0
1404,4,3.5,40.0
1405,3,3.5,40.0
1408,3,3.5,40.0
1411,2,3.5,40.0
1412,2,3.5,40.0
1413,2,3.5,40.0
1415,4,3.5,40.0
1416,1,3.5,40.0
1417,2,3.5,40.0
1419,2,3.5,40.0
1421,3,3.5,40.0
1422,1,3.5,40.0
1423,2,3.5,40.0
1425,2,3.5,40.0
1426,1,3.5,40.0
1427,1,3.5,40.0
1428,2,3.5,40.0
1429,1,3.5,40.0
1430,1,3.5,40.0
1432,1,3.5,40.0
1433,1,3.5,40.0
1434,2,3.5,40.0
1435,1,3.5,40.0
1438,2,3.5,40.0
1441,2,3.5,40.0
1442,1,3.5,40.0
1443,2,3.5,40.0
1444,1,3.5,40.0
1445,1,3.5,40.0
1446,2,3.5,40.0
1447,2,3.5,40.0
1448,4,3.5,40.0
1449,1,3.5,40.0
1450,1,3.5,40.0
1451,2,3.5,40.0
1452,2,3.5,40.0
1458,1,3.5,40.0
1460,1,3.5,40.0
1461,2,3.5,40.0
1462,1,3.5,40.0
1464,1,3.5,40.0
1465,2,3.5,40.0
1466,1,3.5,40.0
1469,5,3.5,40.0
1470,2,3.5,40.0
1472,3,3.5,40.0
1473,1,3.5,40.0
1475,2,3.5,40.0
1477,1,3.5,40.0
1479,3,3.5,40.0
1483,1,3.5,40.0
1484,5,3.5,40.0
1485,1,3.5,40.0
1487,3,3.5,40.0
1488,2,3.5,40.0
1489,1,3.5,40.0
1490,1,3.5,40.0
1491,1,3.5,40.0
1492,1,3.5,40.0
1493,1,3.5,40.0
1495,1,3.5,40.0
1496,2,3.5,40.0
1497,2,3.5,40.0
1498,1,3.5,40.0
1499,1,3.5,40.0
1500,1,3.5,40.0
1501,1,3.5,40.0
1504,3,3.5,40.0
1505,1,3.5,40.0
1506,1,3.5,40.0
1508,4,3.5,40.0
1511,1,3.5,40.0
1512,3,3.5,40.0
1513,2,3.5,40.0
1514,2,3.5,40.0
1516,2,3.5,40.0
1517,1,3.5,40.0
1518,1,3.5,40.0
1519,3,3.5,40.0
1522,4,3.5,40.0
1525,2,3.5,40.0
1526,2,3.5,40.0
1528,1,3.5,40.0
1530,2,3.5,40.0
1532,3,3.5,40.0
1533,1,3.5,40.0
1535,2,3.5,40.0
1536,1,3.5,40.0
1537,1,3.5,40.0
1538,1,3.5,40.0
1539,1,3.5,40.0
1540,1,3.5,40.0
1541,2,3.5,40.0
1544,1,3.5,40.0
1547,4,3.5,40.0
1548,1,3.5,40.0
1549,2,3.5,40.0
1550,2,3.5,40.0
1551,1,3.5,40.0
1552,1,3.5,40.0
1553,2,3.5,40.0
1554,2,3.5,40.0
1555,1,3.5,40.0
1558,1,3.5,40.0
1562,3,3.5,40.0
1563,1,3.5,40.0
1565,1,3.5,40.0
1567,2,3.5,40.0
1568,1,3.5,40.0
1571,2,3.5,40.0
1572,1,3.5,40.0
1573,2,3.5,40.0
1576,2,3.5,40.0
1577,1,3.5,40.0
1578,1,3.5,40.0
1579,1,3.5,40.0
1581,2,3.5,40.0
1583,1,3.5,40.0
1584,1,3.5,40.0
1586,1,3.5,40.0
1587,1,3.5,40.0
1588,1,3.5,40.0
1589,1,3.5,40.0
1591,2,3.5,40.0
1592,1,3.5,40.0
1595,1,3.5,40.0
1597,1,3.5,40.0
1598,1,3.5,40.0
1599,1,3.5,40.0
1605,2,3.5,40.0
1606,1,3.5,40.0
1607,2,3.5,40.0
1608,2,3.5,40.0
1609,1,3.5,40.0
1612,1,3.5,40.0
1613,1,3.5,40.0
1614,1,3.5,40.0
1615,2,3.5,40.0
1616,2,3.5,40.0
1617,1,3.5,40.0
1618,2,3.5,40.0
1623,1,3.5,40.0
1624,1,3.5,40.0
1626,2,3.5,40.0
1628,2,3.5,40.0
1629,1,3.5,40.0
1630,1,3.5,40.0
1633,2,3.5,40.0
1634,1,3.5,40.0
1636,1,3.5,40.0
1637,1,3.5,40.0
1638,1,3.5,40.0
1639,3,3.5,40.0
1642,1,3.5,40.0
1645,1,3.5,40.0
1647,1,3.5,40.0
1653,1,3.5,40.0
1656,1,3.5,40.0
1657,2,3.5,40.0
1658,2,3.5,40.0
1660,1,3.5,40.0
1665,1,3.5,40.0
1666,1,3.5,40.0
1672,1,3.5,40.0
1676,1,3.5,40.0
1683,1,3.5,40.0
1686,2,3.5,40.0
1687,2,3.5,40.0
1688,2,3.5,40.0
1690,2,3.5,40.0
1693,4,3.5,40.0
1695,1,3.5,40.0
1697,2,3.5,40.0
1698,1,3.5,40.0
1700,1,3.5,40.0
1703,2,3.5,40.0
1707,2,3.5,40.0
1710,2,3.5,40.0
1712,1,3.5,40.0
1713,1,3.5,40.0
1714,2,3.5,40.0
1718,2,3.5,40.0
1719,1,3.5,40.0
1720,1,3.5,40.0
1721,1,3.5,40.0
1724,1,3.5,40.0
1729,1,3.5,40.0
1731,1,3.5,40.0
1732,1,3.5,40.0
1733,3,3.5,40.0
1737,1,3.5,40.0
1739,1,3.5,40.0
1742,1,3.5,40.0
1746,1,3.5,40.0
1749,1,3.5,40.0
1750,2,3.5,40.0
1753,1,3.5,40.0
1754,2,3.5,40.0
1756,1,3.5,40.0
1759,3,3.5,40.0
1761,1,3.5,40.0
1767,2,3.5,40.0
1769,1,3.5,40.0
1770,1,3.5,40.0
1771,1,3.5,40.0
1773,1,3.5,40.0
1777,1,3.5,40.0
1779,1,3.5,40.0
1781,1,3.5,40.0
1782,1,3.5,40.0
1784,1,3.5,40.0
1785,2,3.5,40.0
1786,1,3.5,40.0
1788,1,3.5,40.0
1789,2,3.5,40.0
1790,1,3.5,40.0
1791,1,3.5,40.0
1792,2,3.5,40.0
1796,1,3.5,40.0
1797,1,3.5,40.0
1798,1,3.5,40.0
1799,1,3.5,40.0
1801,1,3.5,40.0
1802,1,3.5,40.0
1806,1,3.5,40.0
1807,1,3.5,40.0
1808,1,3.5,40.0
1814,1,3.5,40.0
1819,1,3.5,40.0
1820,1,3.5,40.0
1821,1,3.5,40.0
1823,2,3.5,40.0
1826,2,3.5,40.0
1827,2,3.5,40.0
1831,2,3.5,40.0
1832,1,3.5,40.0
1833,2,3.5,40.0
1834,1,3.5,40.0
1835,1,3.5,40.0
1841,2,3.5,40.0
1847,1,3.5,40.0
1851,2,3.5,40.0
1852,1,3.5,40.0
1853,2,3.5,40.0
1856,1,3.5,40.0
1858,1,3.5,40.0
1859,1,3.5,40.0
1861,1,3.5,40.0
1863,1,3.5,40.0
1864,1,3.5,40.0
1869,1,3.5,40.0
1874,1,3.5,40.0
1877,1,3.5,40.0
1879,1,3.5,40.0
1881,1,3.5,40.0
1884,1,3.5,40.0
1885,1,3.5,40.0
1886,1,3.5,40.0
1887,1,3.5,40.0
1889,1,3.5,40.0
1890,1,3.5,40.0
1892,2,3.5,40.0
1896,1,3.5,40.0
1897,1,3.5,40.0
1898,1,3.5,40.0
1901,1,3.5,40.0
1902,1,3.5,40.0
1904,1,3.5,40.0
1905,3,3.5,40.0
1906,1,3.5,40.0
1910,1,3.5,40.0
1911,1,3.5,40.0
1912,2,3.5,40.0
1914,1,3.5,40.0
1918,1,3.5,40.0
1921,1,3.5,40.0
1925,2,3.5,40.0
1926,1,3.5,40.0
1931,2,3.5,40.0
1936,1,3.5,40.0
1938,1,3.5,40.0
1939,1,3.5,40.0
1958,1,3.5,40.0
1968,1,3.5,40.0
1969,2,3.5,40.0
1974,1,3.5,40.0
1976,2,3.5,40.0
1977,2,3.5,40.0
1980,1,3.5,40.0
1982,1,3.5,40.0
1983,1,3.5,40.0
1997,2,3.5,40.0
2000,1,3.5,40.0
2002,1,3.5,40.0
2006,1,3.5,40.0
2013,2,3.5,40.0
2015,1,3.5,40.0
2020,1,3.5,40.0
2033,1,3.5,40.0
2034,1,3.5,40.0
2035,2,3.5,40.0
2036,2,3.5,40.0
2041,1,3.5,40.0
2043,2,3.5,40.0
2047,1,3.5,40.0
2063,2,3.5,40.0
2065,2,3.5,40.0
2066,1,3.5,40.0
2069,1,3.5,40.0
2070,2,3.5,40.0
2076,2,3.5,40.0
2077,1,3.5,40.0
2085,1,3.5,40.0
2092,1,3.5,40.0
2094,1,3.5,40.0
2109,1,3.5,40.0
2112,1,3.5,40.0
2117,3,3.5,40.0
2118,1,3.5,40.0
2120,1,3.5,40.0
2130,1,3.5,40.0
2137,1,3.5,40.0
2139,1,3.5,40.0
2143,1,3.5,40.0
2144,1,3.5,40.0
2152,1,3.5,40.0
2154,2,3.5,40.0
2156,1,3.5,40.0
2157,1,3.5,40.0
2160,1,3.5,40.0
2167,1,3.5,40.0
2179,1,3.5,40.0
2187,1,3.5,40.0
2188,1,3.5,40.0
2201,3,3.5,40.0
2206,2,3.5,40.0
2213,1,3.5,40.0
2225,1,3.5,40.0
2226,1,3.5,40.0
2234,1,3.5,40.0
2240,3,3.5,40.0
2241,2,3.5,40.0
2257,1,3.5,40.0
2261,1,3.5,40.0
2264,1,3.5,40.0
2265,2,3.5,40.0
2269,1,3.5,40.0
2272,1,3.5,40.0
2276,1,3.5,40.0
2288,1,3.5,40.0
2291,1,3.5,40.0
2307,1,3.5,40.0
2309,1,3.5,40.0
2310,1,3.5,40.0
2316,1,3.5,40.0
2318,1,3.5,40.0
2322,1,3.5,40.0
2326,1,3.5,40.0
2330,1,3.5,40.0
2332,1,3.5,40.0
2333,1,3.5,40.0
2339,1,3.5,40.0
2348,1,3.5,40.0
2350,1,3.5,40.0
2352,1,3.5,40.0
2362,1,3.5,40.0
2365,1,3.5,40.0
2367,1,3.5,40.0
2368,1,3.5,40.0
2373,1,3.5,40.0
2404,1,3.5,40.0
2416,1,3.5,40.0
2443,1,3.5,40.0
2452,1,3.5,40.0
2472,2,3.5,40.0
2474,1,3.5,40.0
2477,1,3.5,40.0
2489,1,3.5,40.0
2497,1,3.5,40.0
2514,2,3.5,40.0
2518,1,3.5,40.0
2526,1,3.5,40.0
2562,1,3.5,40.0
2570,2,3.5,40.0
2574,1,3.5,40.0
2577,1,3.5,40.0
2579,1,3.5,40.0
2581,1,3.5,40.0
2609,1,3.5,40.0
2653,1,3.5,40.0
2656,1,3.5,40.0
2699,1,3.5,40.0
2709,1,3.5,40.0
2719,1,3.5,40.0
2738,1,3.5,40.0
2745,1,3.5,40.0
2776,1,3.5,40.0
2801,1,3.5,40.0
2810,1,3.5,40.0
2844,1,3.5,40.0
2879,1,3.5,40.0
2896,1,3.5,40.0
2898,1,3.5,40.0
2906,1,3.5,40.0
2956,1,3.5,40.0
2968,1,3.5,40.0
2971,1,3.5,40.0
2982,1,3.5,40.0
2999,1,3.5,40.0
3007,1,3.5,40.0
3391,1,3.5,40.0
3504,1,3.5,40.0
3800,1,3.5,40.0
3848,1,3.5,40.0
3919,1,3.5,40.0
3986,1,3.5,40.0
4229,1,3.5,40.0
4503,1,3.5,40.0
4640,1,3.5,40.0
1,30790,3.5,60.0
2,26646,3.5,60.0
3,23355,3.5,60.0
4,20766,3.5,60.0
5,18623,3.5,60.0
6,16785,3.5,60.0
7,15170,3.5,60.0
8,13677,3.5,60.0
9,12697,3.5,60.0
10,11818,3.5,60.0
11,11000,3.5,60.0
12,10126,3.5,60.0
13,9534,3.5,60.0
14,8787,3.5,60.0
15,8243,3.5,60.0
16,7864,3.5,60.0
17,7372,3.5,60.0
18,6970,3.5,60.0
19,6535,3.5,60.0
20,6218,3.5,60.0
21,5761,3.5,60.0
22,5543,3.5,60.0
23,5375,3.5,60.0
24,5092,3.5,60.0
25,4787,3.5,60.0
26,4648,3.5,60.0
27,4469,3.5,60.0
28,4223,3.5,60.0
29,4223,3.5,60.0
30,4112,3.5,60.0
31,3887,3.5,60.0
32,3771,3.5,60.0
33,3561,3.5,60.0
34,3452,3.5,60.0
35,3245,3.5,60.0
36,3101,3.5,60.0
37,3228,3.5,60.0
38,3017,3.5,60.0
39,2891,3.5,60.0
40,2747,3.5,60.0
41,2739,3.5,60.0
42,2615,3.5,60.0
43,2509,3.5,60.0
44,2472,3.5,60.0
45,2329,3.5,60.0
46,2325,3.5,60.0
47,2250,3.5,60.0
48,2149,3.5,60.0
49,2207,3.5,60.0
50,2125,3.5,60.0
51,1983,3.5,60.0
52,1991,3.5,60.0
53,1901,3.5,60.0
54,1893,3.5,60.0
55,1852,3.5,60.0
56,1765,3.5,60.0
57,1709,3.5,60.0
58,1680,3.5,60.0
59,1696,3.5,60.0
60,1580,3.5,60.0
61,1536,3.5,60.0
62,1474,3.5,60.0
63,1483,3.5,60.0
64,1433,3.5,60.0
65,1366,3.5,60.0
66,1344,3.5,60.0
67,1335,3.5,60.0
68,1318,3.5,60.0
69,1300,3.5,60.0
70,1246,3.5,60.0
71,1229,3.5,60.0
72,1220,3.5,60.0
73,1145,3.5,60.0
74,1187,3.5,60.0
75,1149,3.5,60.0
76,1084,3.5,60.0
77,1095,3.5,60.0
78,1053,3.5,60.0
79,1033,3.5,60.0
80,1021,3.5,60.0
81,1021,3.5,60.0
82,947,3.5,60.0
83,962,3.5,60.0
84,932,3.5,60.0
85,866,3.5,60.0
86,911,3.5,60.0
87,855,3.5,60.0
88,802,3.5,60.0
89,801,3.5,60.0
90,787,3.5,60.0
91,793,3.5,60.0
92,730,3.5,60.0
93,777,3.5,60.0
94,743,3.5,60.0
95,700,3.5,60.0
96,739,3.5,60.0
97,708,3.5,60.0
98,744,3.5,60.0
99,655,3.5,60.0
100,685,3.5,60.0
101,695,3.5,60.0
102,669,3.5,60.0
103,644,3.5,60.0
104,645,3.5,60.0
105,629,3.5,60.0
106,625,3.5,60.0
107,605,3.5,60.0
108,583,3.5,60.0
109,560,3.5,60.0
110,524,3.5,60.0
111,579,3.5,60.0
112,536,3.5,60.0
113,574,3.5,60.0
114,537,3.5,60.0
115,540,3.5,60.0
116,508,3.5,60.0
117,500,3.5,60.0
118,482,3.5,60.0
119,501,3.5,60.0
120,510,3.5,60.0
121,453,3.5,60.0
122,498,3.5,60.0
123,469,3.5,60.0
124,475,3.5,60.0
125,464,3.5,60.0
126,434,3.5,60.0
127,469,3.5,60.0
128,427,3.5,60.0
129,385,3.5,60.0
130,412,3.5,60.0
131,408,3.5,60.0
132,415,3.5,60.0
133,377,3.5,60.0
134,411,3.5,60.0
135,369,3.5,60.0
136,381,3.5,60.0
137,379,3.5,60.0
138,342,3.5,60.0
139,348,3.5,60.0
140,380,3.5,60.0
141,349,3.5,60.0
142,361,3.5,60.0
143,339,3.5,60.0
144,370,3.5,60.0
145,337,3.5,60.0
146,346,3.5,60.0
147,315,3.5,60.0
148,348,3.5,60.0
149,323,3.5,60.0
150,303,3.5,60.0
151,314,3.5,60.0
152,340,3.5,60.0
153,294,3.5,60.0
154,317,3.5,60.0
155,290,3.5,60.0
156,296,3.5,60.0
157,307,3.5,60.0
158,322,3.5,60.0
159,262,3.5,60.0
160,297,3.5,60.0
161,293,3.5,60.0
162,307,3.5,60.0
163,304,3.5,60.0
164,272,3.5,60.0
165,279,3.5,60.0
166,263,3.5,60.0
167,274,3.5,60.0
168,260,3.5,60.0
169,255,3.5,60.0
170,250,3.5,60.0
171,258,3.5,60.0
172,241,3.5,60.0
173,242,3.5,60.0
174,233,3.5,60.0
175,220,3.5,60.0
176,256,3.5,60.0
177,236,3.5,60.0
178,223,3.5,60.0
179,211,3.5,60.0
180,235,3.5,60.0
181,220,3.5,60.0
182,211,3.5,60.0
183,201,3.5,60.0
184,230,3.5,60.0
185,212,3.5,60.0
186,196,3.5,60.0
187,208,3.5,60.0
188,203,3.5,60.0
189,208,3.5,60.0
190,223,3.5,60.0
191,168,3.5,60.0
192,193,3.5,60.0
193,187,3.5,60.0
194,181,3.5,60.0
195,189,3.5,60.0
196,196,3.5,60.0
197,188,3.5,60.0
198,191,3.5,60.0
199,194,3.5,60.0
200,182,3.5,60.0
201,156,3.5,60.0
202,184,3.5,60.0
203,178,3.5,60.0
204,198,3.5,60.0
205,163,3.5,60.0
206,171,3.5,60.0
207,152,3.5,60.0
208,179,3.5,60.0
209,184,3.5,60.0
210,156,3.5,60.0
211,164,3.5,60.0
212,164,3.5,60.0
213,187,3.5,60.0
214,171,3.5,60.0
215,148,3.5,60.0
216,156,3.5,60.0
217,125,3.5,60.0
218,159,3.5,60.0
219,139,3.5,60.0
220,137,3.5,60.0
221,149,3.5,60.0
222,159,3.5,60.0
223,132,3.5,60.0
224,152,3.5,60.0
225,155,3.5,60.0
226,142,3.5,60.0
227,146,3.5,60.0
228,153,3.5,60.0
229,131,3.5,60.0
230,142,3.5,60.0
231,134,3.5,60.0
232,139,3.5,60.0
233,150,3.5,60.0
234,120,3.5,60.0
235,148,3.5,60.0
236,142,3.5,60.0
237,153,3.5,60.0
238,147,3.5,60.0
239,117,3.5,60.0
240,119,3.5,60.0
241,136,3.5,60.0
242,147,3.5,60.0
243,123,3.5,60.0
244,131,3.5,60.0
245,136,3.5,60.0
246,117,3.5,60.0
247,108,3.5,60.0
248,117,3.5,60.0
249,132,3.5,60.0
250,125,3.5,60.0
251,117,3.5,60.0
252,110,3.5,60.0
253,139,3.5,60.0
254,108,3.5,60.0
255,128,3.5,60.0
256,113,3.5,60.0
257,105,3.5,60.0
258,106,3.5,60.0
259,119,3.5,60.0
260,108,3.5,60.0
261,111,3.5,60.0
262,119,3.5,60.0
263,111,3.5,60.0
264,102,3.5,60.0
265,107,3.5,60.0
266,76,3.5,60.0
267,118,3.5,60.0
268,115,3.5,60.0
269,87,3.5,60.0
270,102,3.5,60.0
271,106,3.5,60.0
272,112,3.5,60.0
273,90,3.5,60.0
274,94,3.5,60.0
275,120,3.5,60.0
276,107,3.5,60.0
277,115,3.5,60.0
278,109,3.5,60.0
279,95,3.5,60.0
280,113,3.5,60.0
281,91,3.5,60.0
282,95,3.5,60.0
283,91,3.5,60.0
284,94,3.5,60.0
285,84,3.5,60.0
286,100,3.5,60.0
287,94,3.5,60.0
288,79,3.5,60.0
289,102,3.5,60.0
290,99,3.5,60.0
291,94,3.5,60.0
292,95,3.5,60.0
293,92,3.5,60.0
294,89,3.5,60.0
295,70,3.5,60.0
296,93,3.5,60.0
297,101,3.5,60.0
298,90,3.5,60.0
299,97,3.5,60.0
300,72,3.5,60.0
301,78,3.5,60.0
302,96,3.5,60.0
303,75,3.5,60.0
304,84,3.5,60.0
305,77,3.5,60.0
306,83,3.5,60.0
307,86,3.5,60.0
308,85,3.5,60.0
309,84,3.5,60.0
310,84,3.5,60.0
311,88,3.5,60.0
312,67,3.5,60.0
313,83,3.5,60.0
314,81,3.5,60.0
315,100,3.5,60.0
316,84,3.5,60.0
317,94,3.5,60.0
318,78,3.5,60.0
319,70,3.5,60.0
320,59,3.5,60.0
321,83,3.5,60.0
322,73,3.5,60.0
323,83,3.5,60.0
324,75,3.5,60.0
325,83,3.5,60.0
326,63,3.5,60.0
327,64,3.5,60.0
328,58,3.5,60.0
329,73,3.5,60.0
330,69,3.5,60.0
331,72,3.5,60.0
332,67,3.5,60.0
333,78,3.5,60.0
334,67,3.5,60.0
335,85,3.5,60.0
336,68,3.5,60.0
337,71,3.5,60.0
338,76,3.5,60.0
339,88,3.5,60.0
340,68,3.5,60.0
341,60,3.5,60.0
342,84,3.5,60.0
343,78,3.5,60.0
344,68,3.5,60.0
345,57,3.5,60.0
346,76,3.5,60.0
347,75,3.5,60.0
348,69,3.5,60.0
349,72,3.5,60.0
350,50,3.5,60.0
351,75,3.5,60.0
352,60,3.5,60.0
353,60,3.5,60.0
354,65,3.5,60.0
355,72,3.5,60.0
356,71,3.5,60.0
357,66,3.5,60.0
358,66,3.5,60.0
359,49,3.5,60.0
360,58,3.5,60.0
361,64,3.5,60.0
362,62,3.5,60.0
363,60,3.5,60.0
364,59,3.5,60.0
365,63,3.5,60.0
366,68,3.5,60.0
367,64,3.5,60.0
368,64,3.5,60.0
369,54,3.5,60.0
370,65,3.5,60.0
371,57,3.5,60.0
372,60,3.5,60.0
373,59,3.5,60.0
374,56,3.5,60.0
375,48,3.5,60.0
376,74,3.5,60.0
377,64,3.5,60.0
378,53,3.5,60.0
379,53,3.5,60.0
380,41,3.5,60.0
381,48,3.5,60.0
382,47,3.5,60.0
383,50,3.5,60.0
384,56,3.5,60.0
385,47,3.5,60.0
386,45,3.5,60.0
387,44,3.5,60.0
388,47,3.5,60.0
389,49,3.5,60.0
390,49,3.5,60.0
391,60,3.5,60.0
392,48,3.5,60.0
393,55,3.5,60.0
394,44,3.5,60.0
395,65,3.5,60.0
396,49,3.5,60.0
397,37,3.5,60.0
398,45,3.5,60.0
399,58,3.5,60.0
400,53,3.5,60.0
401,49,3.5,60.0
402,46,3.5,60.0
403,55,3.5,60.0
404,50,3.5,60.0
405,35,3.5,60.0
406,48,3.5,60.0
407,54,3.5,60.0
408,49,3.5,60.0
409,42,3.5,60.0
410,37,3.5,60.0
411,51,3.5,60.0
412,48,3.5,60.0
413,39,3.5,60.0
414,42,3.5,60.0
415,44,3.5,60.0
416,39,3.5,60.0
417,38,3.5,60.0
418,42,3.5,60.0
419,38,3.5,60.0
420,37,3.5,60.0
421,59,3.5,60.0
422,50,3.5,60.0
423,44,3.5,60.0
424,54,3.5,60.0
425,38,3.5,60.0
426,40,3.5,60.0
427,45,3.5,60.0
428,47,3.5,60.0
429,46,3.5,60.0
430,36,3.5,60.0
431,47,3.5,60.0
432,35,3.5,60.0
433,42,3.5,60.0
434,47,3.5,60.0
435,46,3.5,60.0
436,35,3.5,60.0
437,45,3.5,60.0
438,37,3.5,60.0
439,47,3.5,60.0
440,53,3.5,60.0
441,49,3.5,60.0
442,25,3.5,60.0
443,45,3.5,60.0
444,46,3.5,60.0
445,38,3.5,60.0
446,36,3.5,60.0
447,43,3.5,60.0
448,43,3.5,60.0
449,36,3.5,60.0
450,37,3.5,60.0
451,32,3.5,60.0
452,43,3.5,60.0
453,42,3.5,60.0
454,34,3.5,60.0
455,43,3.5,60.0
456,40,3.5,60.0
457,36,3.5,60.0
458,35,3.5,60.0
459,36,3.5,60.0
460,45,3.5,60.0
461,36,3.5,60.0
462,36,3.5,60.0
463,45,3.5,60.0
464,38,3.5,60.0
465,39,3.5,60.0
466,34,3.5,60.0
467,40,3.5,60.0
468,33,3.5,60.0
469,35,3.5,60.0
470,24,3.5,60.0
471,37,3.5,60.0
472,37,3.5,60.0
473,32,3.5,60.0
474,32,3.5,60.0
475,36,3.5,60.0
476,32,3.5,60.0
477,36,3.5,60.0
478,24,3.5,60.0
479,32,3.5,60.0
480,23,3.5,60.0
481,35,3.5,60.0
482,31,3.5,60.0
483,37,3.5,60.0
484,47,3.5,60.0
485,29,3.5,60.0
486,36,3.5,60.0
487,29,3.5,60.0
488,50,3.5,60.0
489,43,3.5,60.0
490,25,3.5,60.0
491,39,3.5,60.0
492,31,3.5,60.0
493,36,3.5,60.0
494,29,3.5,60.0
495,36,3.5,60.0
496,25,3.5,60.0
497,29,3.5,60.0
498,26,3.5,60.0
499,29,3.5,60.0
500,32,3.5,60.0
501,34,3.5,60.0
502,42,3.5,60.0
503,31,3.5,60.0
504,44,3.5,60.0
505,32,3.5,60.0
506,24,3.5,60.0
507,31,3.5,60.0
508,29,3.5,60.0
509,31,3.5,60.0
510,38,3.5,60.0
511,28,3.5,60.0
512,26,3.5,60.0
513,34,3.5,60.0
514,28,3.5,60.0
515,40,3.5,60.0
516,33,3.5,60.0
517,37,3.5,60.0
518,31,3.5,60.0
519,30,3.5,60.0
520,23,3.5,60.0
521,29,3.5,60.0
522,29,3.5,60.0
523,19,3.5,60.0
524,26,3.5,60.0
525,29,3.5,60.0
526,32,3.5,60.0
527,31,3.5,60.0
528,24,3.5,60.0
529,25,3.5,60.0
530,22,3.5,60.0
531,32,3.5,60.0
532,35,3.5,60.0
533,25,3.5,60.0
534,24,3.5,60.0
535,34,3.5,60.0
536,36,3.5,60.0
537,19,3.5,60.0
538,30,3.5,60.0
539,26,3.5,60.0
540,28,3.5,60.0
541,20,3.5,60.0
542,22,3.5,60.0
543,30,3.5,60.0
544,26,3.5,60.0
545,22,3.5,60.0
546,32,3.5,60.0
547,21,3.5,60.0
548,28,3.5,60.0
549,27,3.5,60.0
550,14,3.5,60.0
551,36,3.5,60.0
552,23,3.5,60.0
553,24,3.5,60.0
554,24,3.5,60.0
555,25,3.5,60.0
556,27,3.5,60.0
557,27,3.5,60.0
558,18,3.5,60.0
559,16,3.5,60.0
560,25,3.5,60.0
561,31,3.5,60.0
562,24,3.5,60.0
563,20,3.5,60.0
564,22,3.5,60.0
565,19,3.5,60.0
566,21,3.5,60.0
567,20,3.5,60.0
568,28,3.5,60.0
569,20,3.5,60.0
570,18,3.5,60.0
571,35,3.5,60.0
572,24,3.5,60.0
573,31,3.5,60.0
574,17,3.5,60.0
575,17,3.5,60.0
576,23,3.5,60.0
577,23,3.5,60.0
578,19,3.5,60.0
579,20,3.5,60.0
580,30,3.5,60.0
581,21,3.5,60.0
582,20,3.5,60.0
583,23,3.5,60.0
584,19,3.5,60.0
585,19,3.5,60.0
586,28,3.5,60.0
587,28,3.5,60.0
588,23,3.5,60.0
589,22,3.5,60.0
590,29,3.5,60.0
591,25,3.5,60.0
592,17,3.5,60.0
593,15,3.5,60.0
594,23,3.5,60.0
595,22,3.5,60.0
596,24,3.5,60.0
597,21,3.5,60.0
598,18,3.5,60.0
599,21,3.5,60.0
600,22,3.5,60.0
601,20,3.5,60.0
602,28,3.5,60.0
603,25,3.5,60.0
604,24,3.5,60.0
605,20,3.5,60.0
606,14,3.5,60.0
607,17,3.5,60.0
608,17,3.5,60.0
609,27,3.5,60.0
610,26,3.5,60.0
611,21,3.5,60.0
612,20,3.5,60.0
613,24,3.5,60.0
614,20,3.5,60.0
615,13,3.5,60.0
616,21,3.5,60.0
617,20,3.5,60.0
618,27,3.5,60.0
619,17,3.5,60.0
620,14,3.5,60.0
621,22,3.5,60.0
622,19,3.5,60.0
623,16,3.5,60.0
624,25,3.5,60.0
625,22,3.5,60.0
626,13,3.5,60.0
627,28,3.5,60.0
628,15,3.5,60.0
629,31,3.5,60.0
630,19,3.5,60.0
631,20,3.5,60.0
632,19,3.5,60.0
633,12,3.5,60.0
634,16,3.5,60.0
635,13,3.5,60.0
636,22,3.5,60.0
637,12,3.5,60.0
638,21,3.5,60.0
639,23,3.5,60.0
640,17,3.5,60.0
641,12,3.5,60.0
642,24,3.5,60.0
643,11,3.5,60.0
644,25,3.5,60.0
645,13,3.5,60.0
646,19,3.5,60.0
647,12,3.5,60.0
648,25,3.5,60.0
649,15,3.5,60.0
650,21,3.5,60.0
651,15,3.5,60.0
652,18,3.5,60.0
653,15,3.5,60.0
654,15,3.5,60.0
655,20,3.5,60.0
656,23,3.5,60.0
657,15,3.5,60.0
658,12,3.5,60.0
659,19,3.5,60.0
660,15,3.5,60.0
661,16,3.5,60.0
662,22,3.5,60.0
663,7,3.5,60.0
664,12,3.5,60.0
665,23,3.5,60.0
666,17,3.5,60.0
667,22,3.5,60.0
668,17,3.5,60.0
669,14,3.5,60.0
670,16,3.5,60.0
671,23,3.5,60.0
672,22,3.5,60.0
673,19,3.5,60.0
674,10,3.5,60.0
675,16,3.5,60.0
676,18,3.5,60.0
677,26,3.5,60.0
678,19,3.5,60.0
679,14,3.5,60.0
680,15,3.5,60.0
681,18,3.5,60.0
682,19,3.5,60.0
683,15,3.5,60.0
684,13,3.5,60.0
685,17,3.5,60.0
686,15,3.5,60.0
687,22,3.5,60.0
688,11,3.5,60.0
689,18,3.5,60.0
690,16,3.5,60.0
691,14,3.5,60.0
692,16,3.5,60.0
693,17,3.5,60.0
694,15,3.5,60.0
695,19,3.5,60.0
696,11,3.5,60.0
697,16,3.5,60.0
698,23,3.5,60.0
699,19,3.5,60.0
700,9,3.5,60.0
701,15,3.5,60.0
702,11,3.5,60.0
703,17,3.5,60.0
704,13,3.5,60.0
705,18,3.5,60.0
706,13,3.5,60.0
707,17,3.5,60.0
708,24,3.5,60.0
709,15,3.5,60.0
710,14,3.5,60.0
711,18,3.5,60.0
712,16,3.5,60.0
713,12,3.5,60.0
714,13,3.5,60.0
715,19,3.5,60.0
716,10,3.5,60.0
717,15,3.5,60.0
718,16,3.5,60.0
719,15,3.5,60.0
720,24,3.5,60.0
721,11,3.5,60.0
722,15,3.5,60.0
723,17,3.5,60.0
724,17,3.5,60.0
725,14,3.5,60.0
726,14,3.5,60.0
727,14,3.5,60.0
728,13,3.5,60.0
729,14,3.5,60.0
730,11,3.5,60.0
731,12,3.5,60.0
732,14,3.5,60.0
733,13,3.5,60.0
734,10,3.5,60.0
735,11,3.5,60.0
736,12,3.5,60.0
737,4,3.5,60.0
738,8,3.5,60.0
739,12,3.5,60.0
740,14,3.5,60.0
741,12,3.5,60.0
742,15,3.5,60.0
743,17,3.5,60.0
744,15,3.5,60.0
745,6,3.5,60.0
746,11,3.5,60.0
747,13,3.5,60.0
748,13,3.5,60.0
749,9,3.5,60.0
750,13,3.5,60.0
751,11,3.5,60.0
752,12,3.5,60.0
753,11,3.5,60.0
754,16,3.5,60.0
755,7,3.5,60.0
756,11,3.5,60.0
757,10,3.5,60.0
758,10,3.5,60.0
759,13,3.5,60.0
760,16,3.5,60.0
761,11,3.5,60.0
762,8,3.5,60.0
763,15,3.5,60.0
764,13,3.5,60.0
765,13,3.5,60.0
766,17,3.5,60.0
767,7,3.5,60.0
768,8,3.5,60.0
769,9,3.5,60.0
770,12,3.5,60.0
771,8,3.5,60.0
772,10,3.5,60.0
773,12,3.5,60.0
774,10,3.5,60.0
775,10,3.5,60.0
776,16,3.5,60.0
777,11,3.5,60.0
778,13,3.5,60.0
779,4,3.5,60.0
780,11,3.5,60.0
781,8,3.5,60.0
782,13,3.5,60.0
783,14,3.5,60.0
784,8,3.5,60.0
785,5,3.5,60.0
786,16,3.5,60.0
787,10,3.5,60.0
788,14,3.5,60.0
789,9,3.5,60.0
790,12,3.5,60.0
791,17,3.5,60.0
792,10,3.5,60.0
793,10,3.5,60.0
794,12,3.5,60.0
795,8,3.5,60.0
796,12,3.5,60.0
797,13,3.5,60.0
798,12,3.5,60.0
799,8,3.5,60.0
800,10,3.5,60.0
801,7,3.5,60.0
802,5,3.5,60.0
803,4,3.5,60.0
804,15,3.5,60.0
805,5,3.5,60.0
806,9,3.5,60.0
807,11,3.5,60.0
808,10,3.5,60.0
809,9,3.5,60.0
810,13,3.5,60.0
811,5,3.5,60.0
812,13,3.5,60.0
813,11,3.5,60.0
814,8,3.5,60.0
815,10,3.5,60.0
816,8,3.5,60.0
817,7,3.5,60.0
818,12,3.5,60.0
819,18,3.5,60.0
820,9,3.5,60.0
821,12,3.5,60.0
822,17,3.5,60.0
823,7,3.5,60.0
824,5,3.5,60.0
825,12,3.5,60.0
826,5,3.5,60.0
827,4,3.5,60.0
828,5,3.5,60.0
829,6,3.5,60.0
830,11,3.5,60.0
831,12,3.5,60.0
832,12,3.5,60.0
833,9,3.5,60.0
834,7,3.5,60.0
835,8,3.5,60.0
836,9,3.5,60.0
837,4,3.5,60.0
838,7,3.5,60.0
839,10,3.5,60.0
840,3,3.5,60.0
841,9,3.5,60.0
842,7,3.5,60.0
843,11,3.5,60.0
844,12,3.5,60.0
845,5,3.5,60.0
846,8,3.5,60.0
847,3,3.5,60.0
848,9,3.5,60.0
849,3,3.5,60.0
850,9,3.5,60.0
851,8,3.5,60.0
852,7,3.5,60.0
853,9,3.5,60.0
854,7,3.5,60.0
855,14,3.5,60.0
856,9,3.5,60.0
857,6,3.5,60.0
858,1,3.5,60.0
859,10,3.5,60.0
860,6,3.5,60.0
861,5,3.5,60.0
862,11,3.5,60.0
863,12,3.5,60.0
864,9,3.5,60.0
865,14,3.5,60.0
866,5,3.5,60.0
867,10,3.5,60.0
868,6,3.5,60.0
869,7,3.5,60.0
870,7,3.5,60.0
871,13,3.5,60.0
872,6,3.5,60.0
873,10,3.5,60.0
874,8,3.5,60.0
875,7,3.5,60.0
876,10,3.5,60.0
877,7,3.5,60.0
878,6,3.5,60.0
879,5,3.5,60.0
880,9,3.5,60.0
881,6,3.5,60.0
882,12,3.5,60.0
883,6,3.5,60.0
884,7,3.5,60.0
885,13,3.5,60.0
886,6,3.5,60.0
887,9,3.5,60.0
888,10,3.5,60.0
889,9,3.5,60.0
890,7,3.5,60.0
891,10,3.5,60.0
892,10,3.5,60.0
893,14,3.5,60.0
894,11,3.5,60.0
895,4,3.5,60.0
896,13,3.5,60.0
897,6,3.5,60.0
898,8,3.5,60.0
899,5,3.5,60.0
900,5,3.5,60.0
901,7,3.5,60.0
902,5,3.5,60.0
903,11,3.5,60.0
904,10,3.5,60.0
905,7,3.5,60.0
906,10,3.5,60.0
907,8,3.5,60.0
908,10,3.5,60.0
909,7,3.5,60.0
910,8,3.5,60.0
911,3,3.5,60.0
912,7,3.5,60.0
913,9,3.5,60.0
914,6,3.5,60.0
915,8,3.5,60.0
916,6,3.5,60.0
917,7,3.5,60.0
918,11,3.5,60.0
919,7,3.5,60.0
920,7,3.5,60.0
921,8,3.5,60.0
922,6,3.5,60.0
923,7,3.5,60.0
924,8,3.5,60.0
925,5,3.5,60.0
926,11,3.5,60.0
927,4,3.5,60.0
928,7,3.5,60.0
929,5,3.5,60.0
930,6,3.5,60.0
931,4,3.5,60.0
932,7,3.5,60.0
933,8,3.5,60.0
934,7,3.5,60.0
936,4,3.5,60.0
937,8,3.5,60.0
938,5,3.5,60.0
939,14,3.5,60.0
940,6,3.5,60.0
941,7,3.5,60.0
942,5,3.5,60.0
943,4,3.5,60.0
944,8,3.5,60.0
945,10,3.5,60.0
946,3,3.5,60.0
947,2,3.5,60.0
948,6,3.5,60.0
949,9,3.5,60.0
950,9,3.5,60.0
951,8,3.5,60.0
952,5,3.5,60.0
953,2,3.5,60.0
954,2,3.5,60.0
955,6,3.5,60.0
956,4,3.5,60.0
957,3,3.5,60.0
958,5,3.5,60.0
959,10,3.5,60.0
960,8,3.5,60.0
961,3,3.5,60.0
962,13,3.5,60.0
963,3,3.5,60.0
964,4,3.5,60.0
965,5,3.5,60.0
966,10,3.5,60.0
967,6,3.5,60.0
968,4,3.5,60.0
969,5,3.5,60.0
970,6,3.5,60.0
971,7,3.5,60.0
973,6,3.5,60.0
974,7,3.5,60.0
975,2,3.5,60.0
976,3,3.5,60.0
977,6,3.5,60.0
978,8,3.5,60.0
979,3,3.5,60.0
980,5,3.5,60.0
981,4,3.5,60.0
982,3,3.5,60.0
983,6,3.5,60.0
984,4,3.5,60.0
985,6,3.5,60.0
986,8,3.5,60.0
987,7,3.5,60.0
988,4,3.5,60.0
989,3,3.5,60.0
990,8,3.5,60.0
991,1,3.5,60.0
992,6,3.5,60.0
993,6,3.5,60.0
994,5,3.5,60.0
995,4,3.5,60.0
996,3,3.5,60.0
997,4,3.5,60.0
998,5,3.5,60.0
999,2,3.5,60.0
1000,6,3.5,60.0
1001,5,3.5,60.0
1003,5,3.5,60.0
1004,4,3.5,60.0
1005,8,3.5,60.0
1006,5,3.5,60.0
1007,4,3.5,60.0
1008,5,3.5,60.0
1009,3,3.5,60.0
1010,2,3.5,60.0
1011,4,3.5,60.0
1012,10,3.5,60.0
1013,7,3.5,60.0
1014,3,3.5,60.0
1015,7,3.5,60.0
1016,8,3.5,60.0
1017,7,3.5,60.0
1018,6,3.5,60.0
1019,5,3.5,60.0
1020,3,3.5,60.0
1021,4,3.5,60.0
1022,8,3.5,60.0
1023,5,3.5,60.0
1024,7,3.5,60.0
1025,4,3.5,60.0
1026,7,3.5,60.0
1027,9,3.5,60.0
1028,9,3.5,60.0
1029,7,3.5,60.0
1030,3,3.5,60.0
1031,8,3.5,60.0
1032,7,3.5,60.0
1033,3,3.5,60.0
1034,5,3.5,60.0
1035,5,3.5,60.0
1036,11,3.5,60.0
1037,6,3.5,60.0
1038,8,3.5,60.0
1039,4,3.5,60.0
1040,5,3.5,60.0
1041,6,3.5,60.0
1042,8,3.5,60.0
1043,10,3.5,60.0
1044,8,3.5,60.0
1045,2,3.5,60.0
1046,2,3.5,60.0
1047,5,3.5,60.0
1048,7,3.5,60.0
1049,9,3.5,60.0
1050,8,3.5,60.0
1051,9,3.5,60.0
1052,3,3.5,60.0
1053,2,3.5,60.0
1054,6,3.5,60.0
1055,5,3.5,60.0
1056,2,3.5,60.0
1057,5,3.5,60.0
1058,7,3.5,60.0
1059,5,3.5,60.0
1060,2,3.5,60.0
1061,5,3.5,60.0
1062,6,3.5,60.0
1063,3,3.5,60.0
1064,4,3.5,60.0
1065,9,3.5,60.0
1066,2,3.5,60.0
1067,4,3.5,60.0
1068,5,3.5,60.0
1069,5,3.5,60.0
1070,3,3.5,60.0
1071,5,3.5,60.0
1072,3,3.5,60.0
1073,13,3.5,60.0
1074,6,3.5,60.0
1075,5,3.5,60.0
1076,7,3.5,60.0
1077,6,3.5,60.0
1078,2,3.5,60.0
1079,4,3.5,60.0
1080,4,3.5,60.0
1081,5,3.5,60.0
1082,4,3.5,60.0
1083,3,3.5,60.0
1084,3,3.5,60.0
1085,3,3.5,60.0
1086,5,3.5,60.0
1087,5,3.5,60.0
1088,5,3.5,60.0
1089,5,3.5,60.0
1090,3,3.5,60.0
1091,8,3.5,60.0
1092,2,3.5,60.0
1093,1,3.5,60.0
1094,7,3.5,60.0
1095,8,3.5,60.0
1096,2,3.5,60.0
1097,5,3.5,60.0
1098,6,3.5,60.0
1099,7,3.5,60.0
1100,3,3.5,60.0
1101,4,3.5,60.0
1102,1,3.5,60.0
1103,6,3.5,60.0
1104,5,3.5,60.0
1105,4,3.5,60.0
1106,2,3.5,60.0
1107,3,3.5,60.0
1108,4,3.5,60.0
1109,3,3.5,60.0
1110,6,3.5,60.0
1111,6,3.5,60.0
1112,4,3.5,60.0
1113,5,3.5,60.0
1114,8,3.5,60.0
1115,3,3.5,60.0
1116,2,3.5,60.0
1117,3,3.5,60.0
1118,4,3.5,60.0
1119,3,3.5,60.0
1120,5,3.5,60.0
1121,1,3.5,60.0
1122,5,3.5,60.0
1123,3,3.5,60.0
1124,3,3.5,60.0
1125,3,3.5,60.0
1126,2,3.5,60.0
1127,2,3.5,60.0
1128,2,3.5,60.0
1129,3,3.5,60.0
1130,7,3.5,60.0
1131,4,3.5,60.0
1132,6,3.5,60.0
1133,7,3.5,60.0
1134,1,3.5,60.0
1135,3,3.5,60.0
1137,4,3.5,60.0
1138,5,3.5,60.0
1139,2,3.5,60.0
1140,5,3.5,60.0
1141,6,3.5,60.0
1142,4,3.5,60.0
1143,4,3.5,60.0
1144,2,3.5,60.0
1145,2,3.5,60.0
1146,5,3.5,60.0
1147,6,3.5,60.0
1148,1,3.5,60.0
1149,2,3.5,60.0
1150,6,3.5,60.0
1151,2,3.5,60.0
1152,2,3.5,60.0
1153,1,3.5,60.0
1154,2,3.5,60.0
1155,3,3.5,60.0
1156,5,3.5,60.0
1157,3,3.5,60.0
1158,4,3.5,60.0
1159,6,3.5,60.0
1160,5,3.5,60.0
1161,6,3.5,60.0
1162,4,3.5,60.0
1163,7,3.5,60.0
1164,2,3.5,60.0
1165,4,3.5,60.0
1166,2,3.5,60.0
1167,4,3.5,60.0
1168,1,3.5,60.0
1169,3,3.5,60.0
1170,4,3.5,60.0
1171,6,3.5,60.0
1172,6,3.5,60.0
1173,2,3.5,60.0
1174,2,3.5,60.0
1175,2,3.5,60.0
1176,6,3.5,60.0
1177,7,3.5,60.0
1178,4,3.5,60.0
1179,2,3.5,60.0
1180,4,3.5,60.0
1181,4,3.5,60.0
1182,1,3.5,60.0
1183,2,3.5,60.0
1185,6,3.5,60.0
1186,2,3.5,60.0
1187,4,3.5,60.0
1188,1,3.5,60.0
1189,3,3.5,60.0
1190,2,3.5,60.0
1191,1,3.5,60.0
1192,2,3.5,60.0
1193,1,3.5,60.0
1194,5,3.5,60.0
1195,7,3.5,60.0
1196,3,3.5,60.0
1197,6,3.5,60.0
1198,1,3.5,60.0
1199,4,3.5,60.0
1200,5,3.5,60.0
1202,3,3.5,60.0
1203,5,3.5,60.0
1204,1,3.5,60.0
1205,3,3.5,60.0
1206,2,3.5,60.0
1207,5,3.5,60.0
1208,2,3.5,60.0
1209,2,3.5,60.0
1210,1,3.5,60.0
1211,2,3.5,60.0
1212,4,3.5,60.0
1214,3,3.5,60.0
1215,8,3.5,60.0
1216,3,3.5,60.0
1217,2,3.5,60.0
1218,5,3.5,60.0
1219,2,3.5,60.0
1220,5,3.5,60.0
1221,6,3.5,60.0
1222,2,3.5,60.0
1223,2,3.5,60.0
1225,4,3.5,60.0
1226,3,3.5,60.0
1227,5,3.5,60.0
1228,3,3.5,60.0
1229,2,3.5,60.0
1230,1,3.5,60.0
1231,2,3.5,60.0
1232,2,3.5,60.0
1233,1,3.5,60.0
1234,2,3.5,60.0
1235,3,3.5,60.0
1236,1,3.5,60.0
1237,4,3.5,60.0
1238,2,3.5,60.0
1239,4,3.5,60.0
1240,1,3.5,60.0
1241,2,3.5,60.0
1242,5,3.5,60.0
1243,3,3.5,60.0
1244,5,3.5,60.0
1245,3,3.5,60.0
1246,3,3.5,60.0
1248,2,3.5,60.0
1249,1,3.5,60.0
1250,2,3.5,60.0
1251,3,3.5,60.0
1252,1,3.5,60.0
1253,2,3.5,60.0
1254,2,3.5,60.0
1255,5,3.5,60.0
1256,7,3.5,60.0
1259,8,3.5,60.0
1260,2,3.5,60.0
1261,3,3.5,60.0
1262,5,3.5,60.0
1263,1,3.5,60.0
1264,5,3.5,60.0
1267,2,3.5,60.0
1268,9,3.5,60.0
1269,1,3.5,60.0
1270,1,3.5,60.0
1271,1,3.5,60.0
1272,2,3.5,60.0
1273,2,3.5,60.0
1274,3,3.5,60.0
1275,2,3.5,60.0
1276,2,3.5,60.0
1277,4,3.5,60.0
1278,1,3.5,60.0
1279,1,3.5,60.0
1280,1,3.5,60.0
1281,2,3.5,60.0
1283,2,3.5,60.0
1284,2,3.5,60.0
1285,3,3.5,60.0
1286,1,3.5,60.0
1288,2,3.5,60.0
1289,3,3.5,60.0
1290,5,3.5,60.0
1291,3,3.5,60.0
1292,2,3.5,60.0
1293,2,3.5,60.0
1294,2,3.5,60.0
1295,1,3.5,60.0
1296,3,3.5,60.0
1299,1,3.5,60.0
1300,1,3.5,60.0
1301,4,3.5,60.0
1302,2,3.5,60.0
1303,1,3.5,60.0
1304,1,3.5,60.0
1305,2,3.5,60.0
1306,1,3.5,60.0
1307,2,3.5,60.0
1308,4,3.5,60.0
1310,1,3.5,60.0
1311,1,3.5,60.0
1312,3,3.5,60.0
1313,1,3.5,60.0
1314,4,3.5,60.0
1315,2,3.5,60.0
1318,2,3.5,60.0
1319,2,3.5,60.0
1320,1,3.5,60.0
1321,4,3.5,60.0
1322,2,3.5,60.0
1323,4,3.5,60.0
1324,3,3.5,60.0
1325,2,3.5,60.0
1326,2,3.5,60.0
1327,2,3.5,60.0
1328,1,3.5,60.0
1329,1,3.5,60.0
1330,4,3.5,60.0
1331,1,3.5,60.0
1332,3,3.5,60.0
1333,2,3.5,60.0
1334,2,3.5,60.0
1336,5,3.5,60.0
1337,1,3.5,60.0
1338,3,3.5,60.0
1339,2,3.5,60.0
1340,2,3.5,60.0
1342,2,3.5,60.0
1343,2,3.5,60.0
1344,1,3.5,60.0
1345,1,3.5,60.0
1346,1,3.5,60.0
1347,2,3.5,60.0
1348,2,3.5,60.0
1351,2,3.5,60.0
1353,2,3.5,60.0
1354,5,3.5,60.0
1355,5,3.5,60.0
1356,7,3.5,60.0
1357,2,3.5,60.0
1359,2,3.5,60.0
1360,6,3.5,60.0
1361,1,3.5,60.0
1362,1,3.5,60.0
1363,2,3.5,60.0
1364,3,3.5,60.0
1365,2,3.5,60.0
1366,2,3.5,60.0
1367,2,3.5,60.0
1368,2,3.5,60.0
1369,1,3.5,60.0
1370,1,3.5,60.0
1371,3,3.5,60.0
1373,1,3.5,60.0
1374,2,3.5,60.0
1375,2,3.5,60.0
1377,5,3.5,60.0
1378,1,3.5,60.0
1379,2,3.5,60.0
1380,2,3.5,60.0
1382,1,3.5,60.0
1383,2,3.5,60.0
1384,1,3.5,60.0
1385,3,3.5,60.0
1387,2,3.5,60.0
1388,3,3.5,60.0
1389,3,3.5,60.0
1390,2,3.5,60.0
1391,2,3.5,60.0
1392,2,3.5,60.0
1393,1,3.5,60.0
1394,6,3.5,60.0
1395,1,3.5,60.0
1396,4,3.5,60.0
1397,1,3.5,60.0
1399,1,3.5,60.0
1400,1,3.5,60.0
1401,3,3.5,60.0
1402,1,3.5,60.0
1403,1,3.5,60.0
1404,1,3.5,60.0
1406,1,3.5,60.0
1407,1,3.5,60.0
1408,1,3.5,60.0
1409,1,3.5,60.0
1410,3,3.5,60.0
1411,4,3.5,60.0
1413,2,3.5,60.0
1414,2,3.5,60.0
1416,3,3.5,60.0
1417,1,3.5,60.0
1418,1,3.5,60.0
1419,3,3.5,60.0
1420,3,3.5,60.0
1421,1,3.5,60.0
1422,2,3.5,60.0
1423,2,3.5,60.0
1424,1,3.5,60.0
1425,2,3.5,60.0
1426,1,3.5,60.0
1427,2,3.5,60.0
1428,1,3.5,60.0
1429,5,3.5,60.0
1430,2,3.5,60.0
1432,1,3.5,60.0
1433,3,3.5,60.0
1434,3,3.5,60.0
1436,1,3.5,60.0
1437,1,3.5,60.0
1438,2,3.5,60.0
1440,4,3.5,60.0
1441,2,3.5,60.0
1442,1,3.5,60.0
1443,3,3.5,60.0
1444,1,3.5,60.0
1445,5,3.5,60.0
1446,2,3.5,60.0
1447,4,3.5,60.0
1449,2,3.5,60.0
1450,2,3.5,60.0
1451,2,3.5,60.0
1452,1,3.5,60.0
1453,2,3.5,60.0
1454,1,3.5,60.0
1455,2,3.5,60.0
1456,1,3.5,60.0
1459,2,3.5,60.0
1460,3,3.5,60.0
1461,3,3.5,60.0
1462,3,3.5,60.0
1463,3,3.5,60.0
1466,4,3.5,60.0
1467,3,3.5,60.0
1468,3,3.5,60.0
1469,2,3.5,60.0
1470,2,3.5,60.0
1471,1,3.5,60.0
1472,2,3.5,60.0
1474,1,3.5,60.0
1475,1,3.5,60.0
1476,1,3.5,60.0
1477,1,3.5,60.0
1478,1,3.5,60.0
1479,1,3.5,60.0
1480,1,3.5,60.0
1483,2,3.5,60.0
1484,3,3.5,60.0
1485,3,3.5,60.0
1487,1,3.5,60.0
1488,1,3.5,60.0
1489,2,3.5,60.0
1490,1,3.5,60.0
1491,1,3.5,60.0
1492,1,3.5,60.0
1496,1,3.5,60.0
1498,2,3.5,60.0
1499,2,3.5,60.0
1500,1,3.5,60.0
1501,1,3.5,60.0
1502,2,3.5,60.0
1504,3,3.5,60.0
1505,1,3.5,60.0
1506,2,3.5,60.0
1507,2,3.5,60.0
1508,1,3.5,60.0
1509,1,3.5,60.0
1511,1,3.5,60.0
1512,2,3.5,60.0
1517,1,3.5,60.0
1518,1,3.5,60.0
1520,1,3.5,60.0
1521,1,3.5,60.0
1522,1,3.5,60.0
1523,1,3.5,60.0
1524,1,3.5,60.0
1525,2,3.5,60.0
1526,2,3.5,60.0
1527,1,3.5,60.0
1528,2,3.5,60.0
1529,1,3.5,60.0
1530,1,3.5,60.0
1531,1,3.5,60.0
1532,2,3.5,60.0
1533,3,3.5,60.0
1534,1,3.5,60.0
1537,1,3.5,60.0
1538,2,3.5,60.0
1539,3,3.5,60.0
1540,1,3.5,60.0
1541,1,3.5,60.0
1542,2,3.5,60.0
1543,1,3.5,60.0
1544,1,3.5,60.0
1545,1,3.5,60.0
1546,1,3.5,60.0
1548,1,3.5,60.0
1552,1,3.5,60.0
1553,1,3.5,60.0
1554,1,3.5,60.0
1556,3,3.5,60.0
1557,1,3.5,60.0
1558,2,3.5,60.0
1559,3,3.5,60.0
1560,3,3.5,60.0
1562,2,3.5,60.0
1564,1,3.5,60.0
1565,1,3.5,60.0
1566,2,3.5,60.0
1568,4,3.5,60.0
1569,1,3.5,60.0
1570,2,3.5,60.0
1571,2,3.5,60.0
1572,1,3.5,60.0
1574,1,3.5,60.0
1575,1,3.5,60.0
1576,2,3.5,60.0
1578,2,3.5,60.0
1579,2,3.5,60.0
1582,1,3.5,60.0
1583,1,3.5,60.0
1584,1,3.5,60.0
1585,1,3.5,60.0
1587,2,3.5,60.0
1588,2,3.5,60.0
1590,1,3.5,60.0
1591,3,3.5,60.0
1592,1,3.5,60.0
1593,1,3.5,60.0
1594,1,3.5,60.0
1595,3,3.5,60.0
1596,1,3.5,60.0
1600,2,3.5,60.0
1601,1,3.5,60.0
1602,4,3.5,60.0
1603,1,3.5,60.0
1604,2,3.5,60.0
1605,1,3.5,60.0
1606,1,3.5,60.0
1607,1,3.5,60.0
1608,1,3.5,60.0
1609,1,3.5,60.0
1610,1,3.5,60.0
1612,3,3.5,60.0
1613,1,3.5,60.0
1614,1,3.5,60.0
1615,1,3.5,60.0
1616,1,3.5,60.0
1617,2,3.5,60.0
1618,1,3.5,60.0
1619,4,3.5,60.0
1621,1,3.5,60.0
1623,2,3.5,60.0
1625,1,3.5,60.0
1626,1,3.5,60.0
1627,3,3.5,60.0
1628,1,3.5,60.0
1629,1,3.5,60.0
1630,1,3.5,60.0
1631,1,3.5,60.0
1632,2,3.5,60.0
1633,1,3.5,60.0
1636,1,3.5,60.0
1638,1,3.5,60.0
1639,1,3.5,60.0
1640,1,3.5,60.0
1641,1,3.5,60.0
1642,1,3.5,60.0
1643,2,3.5,60.0
1645,1,3.5,60.0
1646,1,3.5,60.0
1647,1,3.5,60.0
1651,1,3.5,60.0
1652,1,3.5,60.0
1654,2,3.5,60.0
1656,1,3.5,60.0
1657,1,3.5,60.0
1658,1,3.5,60.0
1659,1,3.5,60.0
1661,1,3.5,60.0
1662,2,3.5,60.0
1663,2,3.5,60.0
1669,1,3.5,60.0
1670,1,3.5,60.0
1672,3,3.5,60.0
1673,1,3.5,60.0
1674,2,3.5,60.0
1675,2,3.5,60.0
1676,1,3.5,60.0
1678,2,3.5,60.0
1679,1,3.5,60.0
1680,1,3.5,60.0
1682,1,3.5,60.0
1684,2,3.5,60.0
1685,1,3.5,60.0
1686,2,3.5,60.0
1687,1,3.5,60.0
1689,1,3.5,60.0
1693,3,3.5,60.0
1694,1,3.5,60.0
1697,2,3.5,60.0
1699,2,3.5,60.0
1700,1,3.5,60.0
1701,3,3.5,60.0
1704,2,3.5,60.0
1707,1,3.5,60.0
1712,1,3.5,60.0
1714,1,3.5,60.0
1716,1,3.5,60.0
1718,2,3.5,60.0
1719,1,3.5,60.0
1721,1,3.5,60.0
1725,1,3.5,60.0
1726,1,3.5,60.0
1731,1,3.5,60.0
1736,1,3.5,60.0
1740,1,3.5,60.0
1741,1,3.5,60.0
1742,2,3.5,60.0
1744,1,3.5,60.0
1749,1,3.5,60.0
1752,1,3.5,60.0
1755,1,3.5,60.0
1757,1,3.5,60.0
1760,1,3.5,60.0
1763,1,3.5,60.0
1766,2,3.5,60.0
1771,1,3.5,60.0
1772,1,3.5,60.0
1773,1,3.5,60.0
1774,2,3.5,60.0
1775,1,3.5,60.0
1778,1,3.5,60.0
1783,1,3.5,60.0
1784,1,3.5,60.0
1785,1,3.5,60.0
1788,1,3.5,60.0
1790,3,3.5,60.0
1792,2,3.5,60.0
1798,1,3.5,60.0
1800,1,3.5,60.0
1801,1,3.5,60.0
1803,1,3.5,60.0
1804,1,3.5,60.0
1806,1,3.5,60.0
1807,1,3.5,60.0
1808,1,3.5,60.0
1809,1,3.5,60.0
1813,1,3.5,60.0
1815,1,3.5,60.0
1816,2,3.5,60.0
1817,1,3.5,60.0
1820,2,3.5,60.0
1821,1,3.5,60.0
1822,1,3.5,60.0
1826,1,3.5,60.0
1828,2,3.5,60.0
1829,2,3.5,60.0
1830,1,3.5,60.0
1836,1,3.5,60.0
1838,4,3.5,60.0
1840,1,3.5,60.0
1843,1,3.5,60.0
1845,2,3.5,60.0
1847,1,3.5,60.0
1848,2,3.5,60.0
1849,1,3.5,60.0
1850,1,3.5,60.0
1852,1,3.5,60.0
1853,2,3.5,60.0
1855,1,3.5,60.0
1856,1,3.5,60.0
1857,1,3.5,60.0
1860,2,3.5,60.0
1861,1,3.5,60.0
1866,3,3.5,60.0
1870,1,3.5,60.0
1871,2,3.5,60.0
1872,1,3.5,60.0
1873,2,3.5,60.0
1879,1,3.5,60.0
1881,1,3.5,60.0
1890,1,3.5,60.0
1893,1,3.5,60.0
1894,1,3.5,60.0
1898,1,3.5,60.0
1900,1,3.5,60.0
1902,2,3.5,60.0
1906,1,3.5,60.0
1911,1,3.5,60.0
1913,1,3.5,60.0
1921,2,3.5,60.0
1922,1,3.5,60.0
1923,2,3.5,60.0
1924,1,3.5,60.0
1927,1,3.5,60.0
1928,1,3.5,60.0
1929,1,3.5,60.0
1931,1,3.5,60.0
1937,1,3.5,60.0
1939,1,3.5,60.0
1941,1,3.5,60.0
1943,1,3.5,60.0
1944,1,3.5,60.0
1954,1,3.5,60.0
1955,1,3.5,60.0
1962,1,3.5,60.0
1963,2,3.5,60.0
1965,1,3.5,60.0
1967,1,3.5,60.0
1968,1,3.5,60.0
1976,1,3.5,60.0
1981,1,3.5,60.0
1982,1,3.5,60.0
1984,1,3.5,60.0
1989,1,3.5,60.0
1991,2,3.5,60.0
1993,2,3.5,60.0
1995,1,3.5,60.0
1996,1,3.5,60.0
2000,1,3.5,60.0
2004,2,3.5,60.0
2011,1,3.5,60.0
2018,1,3.5,60.0
2019,1,3.5,60.0
2023,1,3.5,60.0
2025,1,3.5,60.0
2028,1,3.5,60.0
2029,1,3.5,60.0
2034,1,3.5,60.0
2040,1,3.5,60.0
2042,1,3.5,60.0
2045,1,3.5,60.0
2046,1,3.5,60.0
2051,1,3.5,60.0
2058,1,3.5,60.0
2059,1,3.5,60.0
2061,2,3.5,60.0
2062,2,3.5,60.0
2063,1,3.5,60.0
2066,2,3.5,60.0
2068,1,3.5,60.0
2071,2,3.5,60.0
2075,1,3.5,60.0
2085,1,3.5,60.0
2086,1,3.5,60.0
2095,1,3.5,60.0
2099,1,3.5,60.0
2104,1,3.5,60.0
2106,1,3.5,60.0
2112,1,3.5,60.0
2114,1,3.5,60.0
2115,1,3.5,60.0
2117,1,3.5,60.0
2122,1,3.5,60.0
2126,1,3.5,60.0
2130,1,3.5,60.0
2132,3,3.5,60.0
2133,1,3.5,60.0
2136,1,3.5,60.0
2138,1,3.5,60.0
2142,1,3.5,60.0
2146,1,3.5,60.0
2148,1,3.5,60.0
2154,1,3.5,60.0
2167,1,3.5,60.0
2168,1,3.5,60.0
2170,1,3.5,60.0
2171,1,3.5,60.0
2175,1,3.5,60.0
2181,1,3.5,60.0
2197,1,3.5,60.0
2198,1,3.5,60.0
2200,1,3.5,60.0
2205,1,3.5,60.0
2208,1,3.5,60.0
2209,1,3.5,60.0
2211,1,3.5,60.0
2212,1,3.5,60.0
2221,2,3.5,60.0
2225,1,3.5,60.0
2227,1,3.5,60.0
2237,1,3.5,60.0
2238,1,3.5,60.0
2240,2,3.5,60.0
2241,1,3.5,60.0
2244,1,3.5,60.0
2246,1,3.5,60.0
2255,1,3.5,60.0
2260,1,3.5,60.0
2262,1,3.5,60.0
2264,1,3.5,60.0
2277,1,3.5,60.0
2278,1,3.5,60.0
2280,1,3.5,60.0
2286,1,3.5,60.0
2288,1,3.5,60.0
2297,1,3.5,60.0
2299,2,3.5,60.0
2303,1,3.5,60.0
2304,1,3.5,60.0
2314,2,3.5,60.0
2318,1,3.5,60.0
2323,1,3.5,60.0
2327,1,3.5,60.0
2332,1,3.5,60.0
2333,1,3.5,60.0
2339,1,3.5,60.0
2343,1,3.5,60.0
2353,1,3.5,60.0
2356,2,3.5,60.0
2371,1,3.5,60.0
2373,1,3.5,60.0
2394,1,3.5,60.0
2419,1,3.5,60.0
2430,1,3.5,60.0
2431,1,3.5,60.0
2436,2,3.5,60.0
2437,1,3.5,60.0
2445,1,3.5,60.0
2447,1,3.5,60.0
2469,1,3.5,60.0
2471,1,3.5,60.0
2485,1,3.5,60.0
2487,1,3.5,60.0
2492,1,3.5,60.0
2493,1,3.5,60.0
2528,1,3.5,60.0
2539,1,3.5,60.0
2540,1,3.5,60.0
2541,1,3.5,60.0
2549,1,3.5,60.0
2568,1,3.5,60.0
2602,1,3.5,60.0
2617,1,3.5,60.0
2623,1,3.5,60.0
2630,1,3.5,60.0
2633,1,3.5,60.0
2641,1,3.5,60.0
2655,1,3.5,60.0
2675,1,3.5,60.0
2718,1,3.5,60.0
2733,1,3.5,60.0
2796,1,3.5,60.0
2875,1,3.5,60.0
2876,1,3.5,60.0
2881,1,3.5,60.0
2883,1,3.5,60.0
2939,1,3.5,60.0
2947,1,3.5,60.0
2958,1,3.5,60.0
2962,1,3.5,60.0
3098,1,3.5,60.0
3106,1,3.5,60.0
3124,1,3.5,60.0
3158,1,3.5,60.0
3187,1,3.5,60.0
3221,1,3.5,60.0
3257,1,3.5,60.0
3273,1,3.5,60.0
3278,1,3.5,60.0
3303,1,3.5,60.0
3351,1,3.5,60.0
3357,1,3.5,60.0
3398,1,3.5,60.0
3469,1,3.5,60.0
3488,1,3.5,60.0
3523,1,3.5,60.0
3606,1,3.5,60.0
3770,1,3.5,60.0
4090,1,3.5,60.0
5583,1,3.5,60.0
1,2821,4.0,10.0
2,2610,4.0,10.0
3,2309,4.0,10.0
4,2191,4.0,10.0
5,2015,4.0,10.0
6,1890,4.0,10.0
7,1804,4.0,10.0
8,1582,4.0,10.0
9,1595,4.0,10.0
10,1376,4.0,10.0
11,1362,4.0,10.0
12,1253,4.0,10.0
13,1208,4.0,10.0
14,1180,4.0,10.0
15,1083,4.0,10.0
16,1042,4.0,10.0
17,930,4.0,10.0
18,945,4.0,10.0
19,829,4.0,10.0
20,815,4.0,10.0
21,780,4.0,10.0
22,759,4.0,10.0
23,717,4.0,10.0
24,716,4.0,10.0
25,692,4.0,10.0
26,636,4.0,10.0
27,588,4.0,10.0
28,565,4.0,10.0
29,565,4.0,10.0
30,530,4.0,10.0
31,511,4.0,10.0
32,524,4.0,10.0
33,429,4.0,10.0
34,486,4.0,10.0
35,440,4.0,10.0
36,432,4.0,10.0
37,389,4.0,10.0
38,390,4.0,10.0
39,334,4.0,10.0
40,350,4.0,10.0
41,334,4.0,10.0
42,303,4.0,10.0
43,293,4.0,10.0
44,295,4.0,10.0
45,304,4.0,10.0
46,292,4.0,10.0
47,287,4.0,10.0
48,280,4.0,10.0
49,283,4.0,10.0
50,253,4.0,10.0
51,257,4.0,10.0
52,210,4.0,10.0
53,221,4.0,10.0
54,231,4.0,10.0
55,193,4.0,10.0
56,222,4.0,10.0
57,217,4.0,10.0
58,206,4.0,10.0
59,190,4.0,10.0
60,177,4.0,10.0
61,206,4.0,10.0
62,183,4.0,10.0
63,179,4.0,10.0
64,182,4.0,10.0
65,166,4.0,10.0
66,150,4.0,10.0
67,149,4.0,10.0
68,157,4.0,10.0
69,151,4.0,10.0
70,156,4.0,10.0
71,154,4.0,10.0
72,117,4.0,10.0
73,146,4.0,10.0
74,135,4.0,10.0
75,117,4.0,10.0
76,118,4.0,10.0
77,124,4.0,10.0
78,125,4.0,10.0
79,117,4.0,10.0
80,126,4.0,10.0
81,113,4.0,10.0
82,109,4.0,10.0
83,97,4.0,10.0
84,107,4.0,10.0
85,112,4.0,10.0
86,101,4.0,10.0
87,99,4.0,10.0
88,89,4.0,10.0
89,88,4.0,10.0
90,105,4.0,10.0
91,102,4.0,10.0
92,89,4.0,10.0
93,101,4.0,10.0
94,99,4.0,10.0
95,93,4.0,10.0
96,88,4.0,10.0
97,97,4.0,10.0
98,83,4.0,10.0
99,78,4.0,10.0
100,77,4.0,10.0
101,88,4.0,10.0
102,79,4.0,10.0
103,66,4.0,10.0
104,90,4.0,10.0
105,78,4.0,10.0
106,96,4.0,10.0
107,65,4.0,10.0
108,79,4.0,10.0
109,71,4.0,10.0
110,81,4.0,10.0
111,65,4.0,10.0
112,74,4.0,10.0
113,80,4.0,10.0
114,56,4.0,10.0
115,77,4.0,10.0
116,65,4.0,10.0
117,53,4.0,10.0
118,70,4.0,10.0
119,67,4.0,10.0
120,61,4.0,10.0
121,58,4.0,10.0
122,62,4.0,10.0
123,67,4.0,10.0
124,63,4.0,10.0
125,73,4.0,10.0
126,59,4.0,10.0
127,40,4.0,10.0
128,49,4.0,10.0
129,62,4.0,10.0
130,64,4.0,10.0
131,65,4.0,10.0
132,49,4.0,10.0
133,56,4.0,10.0
134,51,4.0,10.0
135,42,4.0,10.0
136,59,4.0,10.0
137,61,4.0,10.0
138,66,4.0,10.0
139,43,4.0,10.0
140,40,4.0,10.0
141,52,4.0,10.0
142,46,4.0,10.0
143,44,4.0,10.0
144,42,4.0,10.0
145,49,4.0,10.0
146,48,4.0,10.0
147,54,4.0,10.0
148,53,4.0,10.0
149,49,4.0,10.0
150,47,4.0,10.0
151,43,4.0,10.0
152,48,4.0,10.0
153,40,4.0,10.0
154,39,4.0,10.0
155,42,4.0,10.0
156,47,4.0,10.0
157,45,4.0,10.0
158,50,4.0,10.0
159,44,4.0,10.0
160,40,4.0,10.0
161,49,4.0,10.0
162,33,4.0,10.0
163,36,4.0,10.0
164,43,4.0,10.0
165,39,4.0,10.0
166,39,4.0,10.0
167,43,4.0,10.0
168,35,4.0,10.0
169,34,4.0,10.0
170,39,4.0,10.0
171,37,4.0,10.0
172,39,4.0,10.0
173,39,4.0,10.0
174,21,4.0,10.0
175,39,4.0,10.0
176,42,4.0,10.0
177,27,4.0,10.0
178,44,4.0,10.0
179,46,4.0,10.0
180,37,4.0,10.0
181,24,4.0,10.0
182,37,4.0,10.0
183,35,4.0,10.0
184,28,4.0,10.0
185,34,4.0,10.0
186,25,4.0,10.0
187,31,4.0,10.0
188,30,4.0,10.0
189,46,4.0,10.0
190,35,4.0,10.0
191,32,4.0,10.0
192,21,4.0,10.0
193,24,4.0,10.0
194,26,4.0,10.0
195,27,4.0,10.0
196,31,4.0,10.0
197,38,4.0,10.0
198,21,4.0,10.0
199,29,4.0,10.0
200,19,4.0,10.0
201,24,4.0,10.0
202,29,4.0,10.0
203,24,4.0,10.0
204,34,4.0,10.0
205,35,4.0,10.0
206,29,4.0,10.0
207,18,4.0,10.0
208,22,4.0,10.0
209,24,4.0,10.0
210,34,4.0,10.0
211,28,4.0,10.0
212,21,4.0,10.0
213,23,4.0,10.0
214,24,4.0,10.0
215,30,4.0,10.0
216,16,4.0,10.0
217,29,4.0,10.0
218,18,4.0,10.0
219,20,4.0,10.0
220,19,4.0,10.0
221,29,4.0,10.0
222,22,4.0,10.0
223,26,4.0,10.0
224,21,4.0,10.0
225,22,4.0,10.0
226,23,4.0,10.0
227,22,4.0,10.0
228,25,4.0,10.0
229,14,4.0,10.0
230,21,4.0,10.0
231,33,4.0,10.0
232,22,4.0,10.0
233,25,4.0,10.0
234,25,4.0,10.0
235,14,4.0,10.0
236,16,4.0,10.0
237,24,4.0,10.0
238,30,4.0,10.0
239,10,4.0,10.0
240,17,4.0,10.0
241,20,4.0,10.0
242,17,4.0,10.0
243,25,4.0,10.0
244,23,4.0,10.0
245,21,4.0,10.0
246,22,4.0,10.0
247,22,4.0,10.0
248,14,4.0,10.0
249,22,4.0,10.0
250,17,4.0,10.0
251,12,4.0,10.0
252,9,4.0,10.0
253,14,4.0,10.0
254,22,4.0,10.0
255,14,4.0,10.0
256,25,4.0,10.0
257,20,4.0,10.0
258,20,4.0,10.0
259,29,4.0,10.0
260,15,4.0,10.0
261,14,4.0,10.0
262,25,4.0,10.0
263,18,4.0,10.0
264,14,4.0,10.0
265,14,4.0,10.0
266,22,4.0,10.0
267,12,4.0,10.0
268,18,4.0,10.0
269,14,4.0,10.0
270,11,4.0,10.0
271,14,4.0,10.0
272,12,4.0,10.0
273,18,4.0,10.0
274,10,4.0,10.0
275,14,4.0,10.0
276,13,4.0,10.0
277,15,4.0,10.0
278,11,4.0,10.0
279,17,4.0,10.0
280,19,4.0,10.0
281,14,4.0,10.0
282,23,4.0,10.0
283,11,4.0,10.0
284,15,4.0,10.0
285,11,4.0,10.0
286,12,4.0,10.0
287,11,4.0,10.0
288,24,4.0,10.0
289,11,4.0,10.0
290,9,4.0,10.0
291,11,4.0,10.0
292,18,4.0,10.0
293,19,4.0,10.0
294,12,4.0,10.0
295,16,4.0,10.0
296,19,4.0,10.0
297,17,4.0,10.0
298,10,4.0,10.0
299,16,4.0,10.0
300,11,4.0,10.0
301,11,4.0,10.0
302,8,4.0,10.0
303,10,4.0,10.0
304,13,4.0,10.0
305,8,4.0,10.0
306,12,4.0,10.0
307,12,4.0,10.0
308,12,4.0,10.0
309,12,4.0,10.0
310,10,4.0,10.0
311,12,4.0,10.0
312,12,4.0,10.0
313,13,4.0,10.0
314,13,4.0,10.0
315,11,4.0,10.0
316,20,4.0,10.0
317,16,4.0,10.0
318,15,4.0,10.0
319,6,4.0,10.0
320,18,4.0,10.0
321,18,4.0,10.0
322,9,4.0,10.0
323,7,4.0,10.0
324,12,4.0,10.0
325,13,4.0,10.0
326,6,4.0,10.0
327,11,4.0,10.0
328,12,4.0,10.0
329,11,4.0,10.0
330,14,4.0,10.0
331,7,4.0,10.0
332,9,4.0,10.0
333,16,4.0,10.0
334,14,4.0,10.0
335,9,4.0,10.0
336,13,4.0,10.0
337,8,4.0,10.0
338,8,4.0,10.0
339,9,4.0,10.0
340,13,4.0,10.0
341,14,4.0,10.0
342,10,4.0,10.0
343,8,4.0,10.0
344,12,4.0,10.0
345,16,4.0,10.0
346,12,4.0,10.0
347,9,4.0,10.0
348,12,4.0,10.0
349,9,4.0,10.0
350,11,4.0,10.0
351,12,4.0,10.0
352,4,4.0,10.0
353,11,4.0,10.0
354,13,4.0,10.0
355,9,4.0,10.0
356,7,4.0,10.0
357,3,4.0,10.0
358,5,4.0,10.0
359,6,4.0,10.0
360,14,4.0,10.0
361,11,4.0,10.0
362,6,4.0,10.0
363,10,4.0,10.0
364,6,4.0,10.0
365,7,4.0,10.0
366,12,4.0,10.0
367,11,4.0,10.0
368,16,4.0,10.0
369,6,4.0,10.0
370,13,4.0,10.0
371,10,4.0,10.0
372,11,4.0,10.0
373,6,4.0,10.0
374,11,4.0,10.0
375,5,4.0,10.0
376,11,4.0,10.0
377,10,4.0,10.0
378,11,4.0,10.0
379,11,4.0,10.0
380,9,4.0,10.0
381,8,4.0,10.0
382,8,4.0,10.0
383,5,4.0,10.0
384,5,4.0,10.0
385,7,4.0,10.0
386,11,4.0,10.0
387,11,4.0,10.0
388,8,4.0,10.0
389,9,4.0,10.0
390,15,4.0,10.0
391,13,4.0,10.0
392,11,4.0,10.0
393,3,4.0,10.0
394,5,4.0,10.0
395,8,4.0,10.0
396,7,4.0,10.0
397,10,4.0,10.0
398,4,4.0,10.0
399,12,4.0,10.0
400,13,4.0,10.0
401,8,4.0,10.0
402,5,4.0,10.0
403,6,4.0,10.0
404,9,4.0,10.0
405,1,4.0,10.0
406,8,4.0,10.0
407,10,4.0,10.0
408,6,4.0,10.0
409,10,4.0,10.0
410,7,4.0,10.0
411,4,4.0,10.0
412,11,4.0,10.0
413,8,4.0,10.0
414,1,4.0,10.0
415,8,4.0,10.0
416,6,4.0,10.0
417,4,4.0,10.0
418,6,4.0,10.0
419,7,4.0,10.0
420,7,4.0,10.0
421,5,4.0,10.0
422,3,4.0,10.0
423,6,4.0,10.0
424,7,4.0,10.0
425,6,4.0,10.0
426,5,4.0,10.0
427,10,4.0,10.0
428,8,4.0,10.0
429,7,4.0,10.0
430,8,4.0,10.0
431,3,4.0,10.0
432,5,4.0,10.0
433,6,4.0,10.0
434,6,4.0,10.0
435,9,4.0,10.0
436,4,4.0,10.0
437,7,4.0,10.0
438,5,4.0,10.0
439,11,4.0,10.0
440,6,4.0,10.0
441,8,4.0,10.0
442,8,4.0,10.0
443,7,4.0,10.0
444,7,4.0,10.0
445,5,4.0,10.0
446,11,4.0,10.0
447,3,4.0,10.0
448,8,4.0,10.0
449,8,4.0,10.0
450,6,4.0,10.0
451,7,4.0,10.0
452,6,4.0,10.0
453,6,4.0,10.0
454,7,4.0,10.0
455,8,4.0,10.0
456,1,4.0,10.0
457,7,4.0,10.0
458,6,4.0,10.0
459,4,4.0,10.0
460,7,4.0,10.0
461,9,4.0,10.0
462,7,4.0,10.0
463,5,4.0,10.0
464,12,4.0,10.0
465,11,4.0,10.0
466,6,4.0,10.0
467,4,4.0,10.0
468,9,4.0,10.0
469,1,4.0,10.0
470,8,4.0,10.0
471,9,4.0,10.0
472,6,4.0,10.0
473,3,4.0,10.0
474,6,4.0,10.0
475,6,4.0,10.0
476,5,4.0,10.0
477,8,4.0,10.0
478,7,4.0,10.0
479,7,4.0,10.0
480,6,4.0,10.0
481,7,4.0,10.0
482,7,4.0,10.0
483,6,4.0,10.0
484,4,4.0,10.0
485,8,4.0,10.0
486,3,4.0,10.0
487,4,4.0,10.0
488,6,4.0,10.0
489,4,4.0,10.0
490,5,4.0,10.0
491,3,4.0,10.0
492,4,4.0,10.0
493,7,4.0,10.0
494,2,4.0,10.0
495,8,4.0,10.0
496,4,4.0,10.0
497,5,4.0,10.0
498,7,4.0,10.0
499,5,4.0,10.0
500,3,4.0,10.0
501,8,4.0,10.0
502,3,4.0,10.0
503,6,4.0,10.0
504,5,4.0,10.0
505,9,4.0,10.0
506,6,4.0,10.0
507,8,4.0,10.0
508,4,4.0,10.0
509,5,4.0,10.0
510,7,4.0,10.0
511,6,4.0,10.0
512,6,4.0,10.0
513,2,4.0,10.0
514,9,4.0,10.0
515,7,4.0,10.0
516,6,4.0,10.0
517,4,4.0,10.0
518,9,4.0,10.0
519,5,4.0,10.0
520,3,4.0,10.0
521,7,4.0,10.0
522,6,4.0,10.0
523,3,4.0,10.0
524,7,4.0,10.0
525,5,4.0,10.0
526,4,4.0,10.0
527,7,4.0,10.0
528,5,4.0,10.0
529,6,4.0,10.0
530,7,4.0,10.0
531,6,4.0,10.0
532,3,4.0,10.0
533,3,4.0,10.0
534,8,4.0,10.0
535,4,4.0,10.0
536,6,4.0,10.0
537,5,4.0,10.0
538,7,4.0,10.0
539,3,4.0,10.0
540,6,4.0,10.0
541,5,4.0,10.0
542,2,4.0,10.0
543,2,4.0,10.0
544,8,4.0,10.0
545,4,4.0,10.0
546,3,4.0,10.0
547,11,4.0,10.0
548,4,4.0,10.0
549,1,4.0,10.0
550,2,4.0,10.0
551,4,4.0,10.0
552,5,4.0,10.0
553,5,4.0,10.0
554,5,4.0,10.0
555,4,4.0,10.0
556,4,4.0,10.0
557,6,4.0,10.0
558,4,4.0,10.0
559,6,4.0,10.0
560,3,4.0,10.0
561,5,4.0,10.0
562,3,4.0,10.0
563,3,4.0,10.0
564,5,4.0,10.0
565,2,4.0,10.0
566,2,4.0,10.0
567,4,4.0,10.0
568,3,4.0,10.0
569,6,4.0,10.0
570,4,4.0,10.0
571,3,4.0,10.0
572,8,4.0,10.0
573,4,4.0,10.0
574,5,4.0,10.0
575,4,4.0,10.0
576,3,4.0,10.0
577,2,4.0,10.0
579,1,4.0,10.0
580,5,4.0,10.0
581,5,4.0,10.0
582,7,4.0,10.0
583,6,4.0,10.0
584,3,4.0,10.0
585,4,4.0,10.0
586,4,4.0,10.0
587,7,4.0,10.0
588,7,4.0,10.0
589,2,4.0,10.0
590,4,4.0,10.0
591,3,4.0,10.0
592,7,4.0,10.0
593,2,4.0,10.0
594,2,4.0,10.0
595,2,4.0,10.0
596,5,4.0,10.0
597,3,4.0,10.0
598,2,4.0,10.0
599,7,4.0,10.0
600,3,4.0,10.0
601,4,4.0,10.0
602,5,4.0,10.0
604,1,4.0,10.0
605,7,4.0,10.0
606,6,4.0,10.0
607,5,4.0,10.0
608,5,4.0,10.0
609,4,4.0,10.0
610,4,4.0,10.0
611,2,4.0,10.0
612,7,4.0,10.0
613,1,4.0,10.0
614,4,4.0,10.0
615,2,4.0,10.0
616,6,4.0,10.0
617,3,4.0,10.0
618,3,4.0,10.0
619,2,4.0,10.0
620,6,4.0,10.0
621,4,4.0,10.0
622,2,4.0,10.0
623,7,4.0,10.0
624,1,4.0,10.0
627,2,4.0,10.0
628,4,4.0,10.0
629,3,4.0,10.0
630,6,4.0,10.0
631,2,4.0,10.0
632,4,4.0,10.0
633,4,4.0,10.0
634,4,4.0,10.0
635,3,4.0,10.0
636,6,4.0,10.0
637,2,4.0,10.0
638,1,4.0,10.0
639,3,4.0,10.0
640,2,4.0,10.0
641,3,4.0,10.0
642,7,4.0,10.0
643,7,4.0,10.0
644,4,4.0,10.0
645,4,4.0,10.0
646,1,4.0,10.0
647,4,4.0,10.0
648,5,4.0,10.0
649,2,4.0,10.0
650,4,4.0,10.0
651,3,4.0,10.0
652,3,4.0,10.0
653,1,4.0,10.0
654,6,4.0,10.0
655,4,4.0,10.0
656,1,4.0,10.0
657,2,4.0,10.0
658,8,4.0,10.0
659,2,4.0,10.0
660,6,4.0,10.0
662,4,4.0,10.0
664,3,4.0,10.0
665,4,4.0,10.0
666,4,4.0,10.0
667,5,4.0,10.0
668,2,4.0,10.0
669,1,4.0,10.0
670,3,4.0,10.0
671,3,4.0,10.0
672,1,4.0,10.0
673,5,4.0,10.0
676,3,4.0,10.0
677,1,4.0,10.0
678,2,4.0,10.0
679,7,4.0,10.0
680,2,4.0,10.0
683,1,4.0,10.0
684,2,4.0,10.0
685,1,4.0,10.0
686,2,4.0,10.0
687,4,4.0,10.0
688,3,4.0,10.0
689,3,4.0,10.0
690,5,4.0,10.0
691,3,4.0,10.0
692,5,4.0,10.0
693,1,4.0,10.0
694,1,4.0,10.0
695,3,4.0,10.0
696,4,4.0,10.0
697,1,4.0,10.0
698,5,4.0,10.0
699,3,4.0,10.0
700,5,4.0,10.0
701,6,4.0,10.0
702,2,4.0,10.0
703,3,4.0,10.0
704,1,4.0,10.0
705,3,4.0,10.0
706,4,4.0,10.0
707,1,4.0,10.0
708,7,4.0,10.0
709,5,4.0,10.0
710,3,4.0,10.0
711,3,4.0,10.0
712,1,4.0,10.0
713,2,4.0,10.0
715,3,4.0,10.0
716,1,4.0,10.0
717,3,4.0,10.0
718,3,4.0,10.0
720,1,4.0,10.0
721,1,4.0,10.0
722,2,4.0,10.0
723,2,4.0,10.0
724,3,4.0,10.0
725,2,4.0,10.0
726,5,4.0,10.0
727,4,4.0,10.0
728,2,4.0,10.0
729,2,4.0,10.0
730,1,4.0,10.0
731,2,4.0,10.0
732,2,4.0,10.0
733,2,4.0,10.0
734,1,4.0,10.0
735,3,4.0,10.0
737,2,4.0,10.0
738,4,4.0,10.0
740,1,4.0,10.0
742,1,4.0,10.0
743,3,4.0,10.0
744,4,4.0,10.0
745,2,4.0,10.0
746,3,4.0,10.0
748,1,4.0,10.0
749,1,4.0,10.0
750,1,4.0,10.0
751,4,4.0,10.0
752,1,4.0,10.0
753,6,4.0,10.0
754,1,4.0,10.0
755,1,4.0,10.0
756,3,4.0,10.0
757,3,4.0,10.0
758,4,4.0,10.0
759,2,4.0,10.0
760,1,4.0,10.0
761,3,4.0,10.0
762,3,4.0,10.0
763,3,4.0,10.0
764,3,4.0,10.0
766,5,4.0,10.0
767,4,4.0,10.0
768,2,4.0,10.0
769,5,4.0,10.0
770,2,4.0,10.0
771,1,4.0,10.0
772,3,4.0,10.0
773,4,4.0,10.0
774,3,4.0,10.0
775,5,4.0,10.0
776,3,4.0,10.0
777,2,4.0,10.0
778,6,4.0,10.0
779,2,4.0,10.0
780,1,4.0,10.0
781,3,4.0,10.0
782,1,4.0,10.0
783,2,4.0,10.0
784,3,4.0,10.0
785,1,4.0,10.0
786,1,4.0,10.0
787,1,4.0,10.0
788,1,4.0,10.0
789,1,4.0,10.0
790,3,4.0,10.0
791,1,4.0,10.0
792,4,4.0,10.0
793,3,4.0,10.0
794,2,4.0,10.0
795,6,4.0,10.0
796,1,4.0,10.0
797,2,4.0,10.0
798,1,4.0,10.0
799,2,4.0,10.0
800,7,4.0,10.0
802,2,4.0,10.0
803,2,4.0,10.0
804,2,4.0,10.0
805,4,4.0,10.0
806,1,4.0,10.0
807,2,4.0,10.0
809,1,4.0,10.0
811,3,4.0,10.0
812,3,4.0,10.0
813,2,4.0,10.0
814,1,4.0,10.0
815,2,4.0,10.0
816,7,4.0,10.0
817,4,4.0,10.0
818,2,4.0,10.0
819,3,4.0,10.0
820,2,4.0,10.0
823,1,4.0,10.0
824,1,4.0,10.0
825,1,4.0,10.0
826,2,4.0,10.0
827,1,4.0,10.0
828,3,4.0,10.0
829,1,4.0,10.0
830,3,4.0,10.0
831,2,4.0,10.0
833,4,4.0,10.0
834,5,4.0,10.0
835,2,4.0,10.0
837,3,4.0,10.0
838,1,4.0,10.0
839,1,4.0,10.0
840,2,4.0,10.0
841,1,4.0,10.0
842,1,4.0,10.0
843,3,4.0,10.0
844,1,4.0,10.0
845,2,4.0,10.0
846,2,4.0,10.0
847,1,4.0,10.0
848,2,4.0,10.0
849,1,4.0,10.0
850,2,4.0,10.0
852,2,4.0,10.0
853,1,4.0,10.0
854,5,4.0,10.0
856,2,4.0,10.0
857,4,4.0,10.0
858,1,4.0,10.0
859,4,4.0,10.0
860,1,4.0,10.0
861,2,4.0,10.0
863,2,4.0,10.0
864,3,4.0,10.0
865,2,4.0,10.0
867,3,4.0,10.0
869,1,4.0,10.0
870,2,4.0,10.0
871,1,4.0,10.0
872,1,4.0,10.0
873,3,4.0,10.0
874,2,4.0,10.0
875,2,4.0,10.0
878,2,4.0,10.0
879,1,4.0,10.0
880,1,4.0,10.0
882,2,4.0,10.0
883,1,4.0,10.0
884,2,4.0,10.0
885,1,4.0,10.0
886,1,4.0,10.0
887,2,4.0,10.0
888,2,4.0,10.0
889,2,4.0,10.0
890,1,4.0,10.0
892,2,4.0,10.0
893,1,4.0,10.0
895,4,4.0,10.0
897,2,4.0,10.0
898,1,4.0,10.0
899,5,4.0,10.0
900,2,4.0,10.0
902,2,4.0,10.0
903,1,4.0,10.0
904,1,4.0,10.0
905,3,4.0,10.0
910,1,4.0,10.0
911,2,4.0,10.0
912,1,4.0,10.0
914,3,4.0,10.0
915,1,4.0,10.0
916,3,4.0,10.0
917,1,4.0,10.0
918,1,4.0,10.0
919,1,4.0,10.0
922,1,4.0,10.0
923,1,4.0,10.0
924,1,4.0,10.0
925,1,4.0,10.0
926,2,4.0,10.0
928,4,4.0,10.0
929,2,4.0,10.0
930,3,4.0,10.0
932,1,4.0,10.0
933,2,4.0,10.0
934,2,4.0,10.0
935,1,4.0,10.0
936,3,4.0,10.0
937,1,4.0,10.0
938,4,4.0,10.0
939,1,4.0,10.0
940,2,4.0,10.0
941,1,4.0,10.0
942,2,4.0,10.0
943,1,4.0,10.0
945,2,4.0,10.0
946,1,4.0,10.0
947,1,4.0,10.0
948,1,4.0,10.0
949,1,4.0,10.0
950,2,4.0,10.0
951,1,4.0,10.0
952,3,4.0,10.0
956,2,4.0,10.0
957,1,4.0,10.0
958,3,4.0,10.0
959,1,4.0,10.0
960,2,4.0,10.0
963,1,4.0,10.0
964,3,4.0,10.0
967,2,4.0,10.0
968,1,4.0,10.0
969,3,4.0,10.0
970,1,4.0,10.0
972,1,4.0,10.0
973,1,4.0,10.0
977,2,4.0,10.0
978,1,4.0,10.0
979,2,4.0,10.0
980,1,4.0,10.0
981,3,4.0,10.0
983,1,4.0,10.0
984,3,4.0,10.0
985,1,4.0,10.0
987,2,4.0,10.0
988,2,4.0,10.0
989,1,4.0,10.0
990,3,4.0,10.0
992,2,4.0,10.0
993,1,4.0,10.0
994,1,4.0,10.0
996,1,4.0,10.0
998,4,4.0,10.0
999,3,4.0,10.0
1000,1,4.0,10.0
1001,2,4.0,10.0
1004,1,4.0,10.0
1006,1,4.0,10.0
1007,1,4.0,10.0
1008,2,4.0,10.0
1009,2,4.0,10.0
1010,2,4.0,10.0
1012,1,4.0,10.0
1013,1,4.0,10.0
1014,1,4.0,10.0
1015,1,4.0,10.0
1016,1,4.0,10.0
1017,1,4.0,10.0
1018,1,4.0,10.0
1020,1,4.0,10.0
1021,3,4.0,10.0
1023,2,4.0,10.0
1024,2,4.0,10.0
1026,1,4.0,10.0
1028,1,4.0,10.0
1030,1,4.0,10.0
1031,1,4.0,10.0
1033,1,4.0,10.0
1035,2,4.0,10.0
1036,2,4.0,10.0
1037,6,4.0,10.0
1038,2,4.0,10.0
1043,3,4.0,10.0
1044,1,4.0,10.0
1046,1,4.0,10.0
1047,1,4.0,10.0
1048,4,4.0,10.0
1050,1,4.0,10.0
1051,1,4.0,10.0
1052,1,4.0,10.0
1054,1,4.0,10.0
1056,2,4.0,10.0
1058,1,4.0,10.0
1061,2,4.0,10.0
1062,1,4.0,10.0
1063,1,4.0,10.0
1065,3,4.0,10.0
1068,1,4.0,10.0
1069,1,4.0,10.0
1070,3,4.0,10.0
1073,1,4.0,10.0
1075,1,4.0,10.0
1077,2,4.0,10.0
1079,1,4.0,10.0
1080,3,4.0,10.0
1081,1,4.0,10.0
1083,1,4.0,10.0
1084,2,4.0,10.0
1085,2,4.0,10.0
1087,1,4.0,10.0
1089,1,4.0,10.0
1090,2,4.0,10.0
1091,3,4.0,10.0
1092,1,4.0,10.0
1094,2,4.0,10.0
1096,2,4.0,10.0
1097,1,4.0,10.0
1098,3,4.0,10.0
1099,1,4.0,10.0
1100,2,4.0,10.0
1101,3,4.0,10.0
1104,1,4.0,10.0
1105,1,4.0,10.0
1106,1,4.0,10.0
1107,1,4.0,10.0
1108,1,4.0,10.0
1110,2,4.0,10.0
1111,1,4.0,10.0
1116,1,4.0,10.0
1117,3,4.0,10.0
1118,1,4.0,10.0
1120,1,4.0,10.0
1121,1,4.0,10.0
1123,1,4.0,10.0
1124,3,4.0,10.0
1125,2,4.0,10.0
1127,1,4.0,10.0
1129,1,4.0,10.0
1130,2,4.0,10.0
1132,1,4.0,10.0
1134,2,4.0,10.0
1135,1,4.0,10.0
1136,2,4.0,10.0
1137,1,4.0,10.0
1140,1,4.0,10.0
1141,1,4.0,10.0
1142,1,4.0,10.0
1146,1,4.0,10.0
1147,1,4.0,10.0
1148,1,4.0,10.0
1151,1,4.0,10.0
1152,1,4.0,10.0
1153,1,4.0,10.0
1156,1,4.0,10.0
1157,2,4.0,10.0
1159,1,4.0,10.0
1161,1,4.0,10.0
1162,1,4.0,10.0
1163,1,4.0,10.0
1164,1,4.0,10.0
1166,2,4.0,10.0
1168,1,4.0,10.0
1170,2,4.0,10.0
1173,2,4.0,10.0
1174,2,4.0,10.0
1177,1,4.0,10.0
1178,2,4.0,10.0
1179,1,4.0,10.0
1182,1,4.0,10.0
1185,1,4.0,10.0
1186,2,4.0,10.0
1187,1,4.0,10.0
1188,1,4.0,10.0
1190,2,4.0,10.0
1192,3,4.0,10.0
1193,3,4.0,10.0
1197,1,4.0,10.0
1200,1,4.0,10.0
1201,1,4.0,10.0
1205,3,4.0,10.0
1208,2,4.0,10.0
1213,1,4.0,10.0
1216,2,4.0,10.0
1218,1,4.0,10.0
1219,2,4.0,10.0
1220,1,4.0,10.0
1221,1,4.0,10.0
1224,1,4.0,10.0
1225,1,4.0,10.0
1226,3,4.0,10.0
1227,1,4.0,10.0
1228,1,4.0,10.0
1236,1,4.0,10.0
1237,2,4.0,10.0
1238,1,4.0,10.0
1239,1,4.0,10.0
1240,1,4.0,10.0
1241,1,4.0,10.0
1243,1,4.0,10.0
1245,1,4.0,10.0
1248,1,4.0,10.0
1249,4,4.0,10.0
1250,1,4.0,10.0
1252,1,4.0,10.0
1253,1,4.0,10.0
1254,1,4.0,10.0
1255,1,4.0,10.0
1256,5,4.0,10.0
1257,2,4.0,10.0
1259,2,4.0,10.0
1260,2,4.0,10.0
1262,1,4.0,10.0
1263,1,4.0,10.0
1265,2,4.0,10.0
1267,1,4.0,10.0
1271,1,4.0,10.0
1273,1,4.0,10.0
1274,2,4.0,10.0
1277,2,4.0,10.0
1279,1,4.0,10.0
1281,3,4.0,10.0
1282,1,4.0,10.0
1284,1,4.0,10.0
1285,2,4.0,10.0
1287,1,4.0,10.0
1288,1,4.0,10.0
1290,3,4.0,10.0
1291,1,4.0,10.0
1295,2,4.0,10.0
1297,1,4.0,10.0
1298,1,4.0,10.0
1299,2,4.0,10.0
1300,1,4.0,10.0
1301,1,4.0,10.0
1306,3,4.0,10.0
1307,1,4.0,10.0
1308,1,4.0,10.0
1310,2,4.0,10.0
1312,2,4.0,10.0
1314,2,4.0,10.0
1316,1,4.0,10.0
1318,2,4.0,10.0
1323,1,4.0,10.0
1324,1,4.0,10.0
1325,3,4.0,10.0
1327,3,4.0,10.0
1330,1,4.0,10.0
1331,1,4.0,10.0
1332,1,4.0,10.0
1337,2,4.0,10.0
1339,1,4.0,10.0
1342,2,4.0,10.0
1344,1,4.0,10.0
1345,2,4.0,10.0
1350,1,4.0,10.0
1352,2,4.0,10.0
1354,1,4.0,10.0
1358,1,4.0,10.0
1359,1,4.0,10.0
1360,1,4.0,10.0
1361,1,4.0,10.0
1362,1,4.0,10.0
1365,1,4.0,10.0
1366,1,4.0,10.0
1370,1,4.0,10.0
1371,1,4.0,10.0
1372,1,4.0,10.0
1374,1,4.0,10.0
1379,1,4.0,10.0
1380,1,4.0,10.0
1383,1,4.0,10.0
1385,1,4.0,10.0
1386,1,4.0,10.0
1389,1,4.0,10.0
1391,1,4.0,10.0
1393,1,4.0,10.0
1394,1,4.0,10.0
1395,1,4.0,10.0
1400,1,4.0,10.0
1401,1,4.0,10.0
1403,1,4.0,10.0
1405,1,4.0,10.0
1407,1,4.0,10.0
1412,1,4.0,10.0
1413,1,4.0,10.0
1416,1,4.0,10.0
1418,1,4.0,10.0
1421,1,4.0,10.0
1422,1,4.0,10.0
1425,1,4.0,10.0
1426,2,4.0,10.0
1431,1,4.0,10.0
1434,1,4.0,10.0
1436,1,4.0,10.0
1447,1,4.0,10.0
1448,2,4.0,10.0
1449,1,4.0,10.0
1457,1,4.0,10.0
1459,1,4.0,10.0
1465,1,4.0,10.0
1469,1,4.0,10.0
1475,1,4.0,10.0
1476,1,4.0,10.0
1479,1,4.0,10.0
1482,1,4.0,10.0
1485,1,4.0,10.0
1487,2,4.0,10.0
1489,1,4.0,10.0
1490,1,4.0,10.0
1491,1,4.0,10.0
1494,1,4.0,10.0
1499,1,4.0,10.0
1500,1,4.0,10.0
1501,2,4.0,10.0
1508,1,4.0,10.0
1509,1,4.0,10.0
1514,1,4.0,10.0
1516,2,4.0,10.0
1517,2,4.0,10.0
1520,1,4.0,10.0
1523,1,4.0,10.0
1529,3,4.0,10.0
1530,1,4.0,10.0
1536,1,4.0,10.0
1537,1,4.0,10.0
1538,1,4.0,10.0
1540,1,4.0,10.0
1542,1,4.0,10.0
1549,1,4.0,10.0
1550,2,4.0,10.0
1551,1,4.0,10.0
1554,1,4.0,10.0
1557,1,4.0,10.0
1562,1,4.0,10.0
1568,1,4.0,10.0
1572,1,4.0,10.0
1575,2,4.0,10.0
1580,3,4.0,10.0
1581,1,4.0,10.0
1583,2,4.0,10.0
1587,2,4.0,10.0
1590,1,4.0,10.0
1602,1,4.0,10.0
1604,1,4.0,10.0
1605,1,4.0,10.0
1606,1,4.0,10.0
1610,1,4.0,10.0
1615,1,4.0,10.0
1617,1,4.0,10.0
1621,1,4.0,10.0
1624,3,4.0,10.0
1625,1,4.0,10.0
1630,1,4.0,10.0
1632,1,4.0,10.0
1633,1,4.0,10.0
1649,1,4.0,10.0
1653,1,4.0,10.0
1654,1,4.0,10.0
1655,1,4.0,10.0
1658,2,4.0,10.0
1661,1,4.0,10.0
1663,1,4.0,10.0
1665,1,4.0,10.0
1670,1,4.0,10.0
1673,1,4.0,10.0
1677,2,4.0,10.0
1679,2,4.0,10.0
1681,1,4.0,10.0
1684,1,4.0,10.0
1686,1,4.0,10.0
1694,1,4.0,10.0
1699,1,4.0,10.0
1701,1,4.0,10.0
1719,1,4.0,10.0
1720,1,4.0,10.0
1723,1,4.0,10.0
1725,2,4.0,10.0
1727,1,4.0,10.0
1731,1,4.0,10.0
1734,1,4.0,10.0
1741,1,4.0,10.0
1744,1,4.0,10.0
1750,1,4.0,10.0
1751,1,4.0,10.0
1757,1,4.0,10.0
1758,1,4.0,10.0
1760,1,4.0,10.0
1763,1,4.0,10.0
1764,1,4.0,10.0
1766,1,4.0,10.0
1768,1,4.0,10.0
1771,1,4.0,10.0
1780,1,4.0,10.0
1782,1,4.0,10.0
1789,1,4.0,10.0
1791,1,4.0,10.0
1795,1,4.0,10.0
1799,1,4.0,10.0
1801,1,4.0,10.0
1804,1,4.0,10.0
1807,1,4.0,10.0
1812,1,4.0,10.0
1813,2,4.0,10.0
1818,1,4.0,10.0
1823,1,4.0,10.0
1829,1,4.0,10.0
1843,1,4.0,10.0
1844,1,4.0,10.0
1863,1,4.0,10.0
1867,1,4.0,10.0
1888,1,4.0,10.0
1889,2,4.0,10.0
1891,1,4.0,10.0
1899,1,4.0,10.0
1902,1,4.0,10.0
1904,1,4.0,10.0
1911,1,4.0,10.0
1920,1,4.0,10.0
1925,1,4.0,10.0
1926,1,4.0,10.0
1929,1,4.0,10.0
1934,1,4.0,10.0
1935,1,4.0,10.0
1938,1,4.0,10.0
1941,1,4.0,10.0
1947,1,4.0,10.0
1948,1,4.0,10.0
1949,2,4.0,10.0
1952,1,4.0,10.0
1953,1,4.0,10.0
1956,1,4.0,10.0
1958,1,4.0,10.0
1967,2,4.0,10.0
1968,1,4.0,10.0
1973,1,4.0,10.0
1979,2,4.0,10.0
1980,1,4.0,10.0
1986,1,4.0,10.0
1991,1,4.0,10.0
2007,1,4.0,10.0
2009,1,4.0,10.0
2015,1,4.0,10.0
2017,1,4.0,10.0
2018,1,4.0,10.0
2034,1,4.0,10.0
2047,1,4.0,10.0
2048,1,4.0,10.0
2051,1,4.0,10.0
2056,1,4.0,10.0
2058,1,4.0,10.0
2059,1,4.0,10.0
2088,1,4.0,10.0
2089,1,4.0,10.0
2092,1,4.0,10.0
2111,1,4.0,10.0
2116,1,4.0,10.0
2126,1,4.0,10.0
2144,1,4.0,10.0
2150,1,4.0,10.0
2158,1,4.0,10.0
2161,1,4.0,10.0
2162,1,4.0,10.0
2169,1,4.0,10.0
2170,1,4.0,10.0
2182,1,4.0,10.0
2190,1,4.0,10.0
2199,1,4.0,10.0
2200,1,4.0,10.0
2201,1,4.0,10.0
2205,1,4.0,10.0
2212,1,4.0,10.0
2223,1,4.0,10.0
2248,1,4.0,10.0
2254,1,4.0,10.0
2257,1,4.0,10.0
2261,1,4.0,10.0
2263,1,4.0,10.0
2266,1,4.0,10.0
2271,1,4.0,10.0
2293,1,4.0,10.0
2302,1,4.0,10.0
2303,1,4.0,10.0
2307,1,4.0,10.0
2317,1,4.0,10.0
2330,1,4.0,10.0
2340,1,4.0,10.0
2344,1,4.0,10.0
2345,1,4.0,10.0
2357,1,4.0,10.0
2367,1,4.0,10.0
2369,1,4.0,10.0
2370,1,4.0,10.0
2374,1,4.0,10.0
2379,1,4.0,10.0
2385,1,4.0,10.0
2390,1,4.0,10.0
2395,1,4.0,10.0
2408,1,4.0,10.0
2427,1,4.0,10.0
2442,1,4.0,10.0
2444,1,4.0,10.0
2456,1,4.0,10.0
2460,1,4.0,10.0
2484,1,4.0,10.0
2493,1,4.0,10.0
2498,2,4.0,10.0
2531,1,4.0,10.0
2534,1,4.0,10.0
2540,1,4.0,10.0
2558,1,4.0,10.0
2567,1,4.0,10.0
2568,1,4.0,10.0
2596,1,4.0,10.0
2602,1,4.0,10.0
2613,1,4.0,10.0
2619,1,4.0,10.0
2624,1,4.0,10.0
2631,1,4.0,10.0
2644,1,4.0,10.0
2683,1,4.0,10.0
2705,1,4.0,10.0
2709,1,4.0,10.0
2727,1,4.0,10.0
2728,1,4.0,10.0
2735,1,4.0,10.0
2756,1,4.0,10.0
2764,1,4.0,10.0
2768,1,4.0,10.0
2782,1,4.0,10.0
2870,1,4.0,10.0
2897,1,4.0,10.0
2917,1,4.0,10.0
2962,1,4.0,10.0
2981,1,4.0,10.0
2983,1,4.0,10.0
3008,1,4.0,10.0
3022,1,4.0,10.0
3047,1,4.0,10.0
3056,1,4.0,10.0
3137,1,4.0,10.0
3259,1,4.0,10.0
3455,1,4.0,10.0
3474,1,4.0,10.0
3574,1,4.0,10.0
3591,1,4.0,10.0
3603,1,4.0,10.0
3665,1,4.0,10.0
3703,1,4.0,10.0
3786,1,4.0,10.0
3988,1,4.0,10.0
4090,1,4.0,10.0
4389,1,4.0,10.0
5228,1,4.0,10.0
1,3106,4.0,20.0
2,2672,4.0,20.0
3,2486,4.0,20.0
4,2231,4.0,20.0
5,2135,4.0,20.0
6,2046,4.0,20.0
7,1890,4.0,20.0
8,1788,4.0,20.0
9,1749,4.0,20.0
10,1523,4.0,20.0
11,1462,4.0,20.0
12,1376,4.0,20.0
13,1308,4.0,20.0
14,1278,4.0,20.0
15,1179,4.0,20.0
16,1138,4.0,20.0
17,1084,4.0,20.0
18,1011,4.0,20.0
19,967,4.0,20.0
20,934,4.0,20.0
21,896,4.0,20.0
22,859,4.0,20.0
23,792,4.0,20.0
24,744,4.0,20.0
25,746,4.0,20.0
26,734,4.0,20.0
27,701,4.0,20.0
28,666,4.0,20.0
29,625,4.0,20.0
30,594,4.0,20.0
31,600,4.0,20.0
32,550,4.0,20.0
33,578,4.0,20.0
34,553,4.0,20.0
35,499,4.0,20.0
36,503,4.0,20.0
37,455,4.0,20.0
38,463,4.0,20.0
39,444,4.0,20.0
40,392,4.0,20.0
41,404,4.0,20.0
42,422,4.0,20.0
43,375,4.0,20.0
44,355,4.0,20.0
45,379,4.0,20.0
46,337,4.0,20.0
47,341,4.0,20.0
48,316,4.0,20.0
49,336,4.0,20.0
50,323,4.0,20.0
51,283,4.0,20.0
52,315,4.0,20.0
53,259,4.0,20.0
54,292,4.0,20.0
55,276,4.0,20.0
56,245,4.0,20.0
57,256,4.0,20.0
58,238,4.0,20.0
59,270,4.0,20.0
60,261,4.0,20.0
61,257,4.0,20.0
62,253,4.0,20.0
63,208,4.0,20.0
64,220,4.0,20.0
65,191,4.0,20.0
66,234,4.0,20.0
67,189,4.0,20.0
68,179,4.0,20.0
69,216,4.0,20.0
70,217,4.0,20.0
71,185,4.0,20.0
72,182,4.0,20.0
73,160,4.0,20.0
74,165,4.0,20.0
75,191,4.0,20.0
76,175,4.0,20.0
77,163,4.0,20.0
78,145,4.0,20.0
79,163,4.0,20.0
80,150,4.0,20.0
81,166,4.0,20.0
82,156,4.0,20.0
83,134,4.0,20.0
84,148,4.0,20.0
85,142,4.0,20.0
86,127,4.0,20.0
87,126,4.0,20.0
88,161,4.0,20.0
89,135,4.0,20.0
90,120,4.0,20.0
91,131,4.0,20.0
92,146,4.0,20.0
93,117,4.0,20.0
94,114,4.0,20.0
95,118,4.0,20.0
96,121,4.0,20.0
97,101,4.0,20.0
98,116,4.0,20.0
99,121,4.0,20.0
100,111,4.0,20.0
101,119,4.0,20.0
102,125,4.0,20.0
103,113,4.0,20.0
104,105,4.0,20.0
105,124,4.0,20.0
106,112,4.0,20.0
107,108,4.0,20.0
108,87,4.0,20.0
109,115,4.0,20.0
110,91,4.0,20.0
111,103,4.0,20.0
112,100,4.0,20.0
113,108,4.0,20.0
114,98,4.0,20.0
115,98,4.0,20.0
116,98,4.0,20.0
117,97,4.0,20.0
118,71,4.0,20.0
119,91,4.0,20.0
120,79,4.0,20.0
121,83,4.0,20.0
122,82,4.0,20.0
123,84,4.0,20.0
124,93,4.0,20.0
125,66,4.0,20.0
126,96,4.0,20.0
127,88,4.0,20.0
128,82,4.0,20.0
129,75,4.0,20.0
130,77,4.0,20.0
131,78,4.0,20.0
132,74,4.0,20.0
133,79,4.0,20.0
134,62,4.0,20.0
135,78,4.0,20.0
136,70,4.0,20.0
137,60,4.0,20.0
138,77,4.0,20.0
139,73,4.0,20.0
140,75,4.0,20.0
141,81,4.0,20.0
142,88,4.0,20.0
143,62,4.0,20.0
144,62,4.0,20.0
145,62,4.0,20.0
146,67,4.0,20.0
147,72,4.0,20.0
148,59,4.0,20.0
149,64,4.0,20.0
150,60,4.0,20.0
151,61,4.0,20.0
152,57,4.0,20.0
153,57,4.0,20.0
154,56,4.0,20.0
155,58,4.0,20.0
156,60,4.0,20.0
157,60,4.0,20.0
158,60,4.0,20.0
159,57,4.0,20.0
160,68,4.0,20.0
161,61,4.0,20.0
162,49,4.0,20.0
163,63,4.0,20.0
164,61,4.0,20.0
165,63,4.0,20.0
166,62,4.0,20.0
167,66,4.0,20.0
168,54,4.0,20.0
169,43,4.0,20.0
170,53,4.0,20.0
171,49,4.0,20.0
172,49,4.0,20.0
173,39,4.0,20.0
174,47,4.0,20.0
175,43,4.0,20.0
176,49,4.0,20.0
177,52,4.0,20.0
178,34,4.0,20.0
179,49,4.0,20.0
180,46,4.0,20.0
181,53,4.0,20.0
182,38,4.0,20.0
183,47,4.0,20.0
184,44,4.0,20.0
185,46,4.0,20.0
186,59,4.0,20.0
187,58,4.0,20.0
188,47,4.0,20.0
189,50,4.0,20.0
190,41,4.0,20.0
191,42,4.0,20.0
192,48,4.0,20.0
193,57,4.0,20.0
194,51,4.0,20.0
195,44,4.0,20.0
196,41,4.0,20.0
197,48,4.0,20.0
198,55,4.0,20.0
199,46,4.0,20.0
200,46,4.0,20.0
201,35,4.0,20.0
202,32,4.0,20.0
203,35,4.0,20.0
204,37,4.0,20.0
205,42,4.0,20.0
206,43,4.0,20.0
207,37,4.0,20.0
208,34,4.0,20.0
209,44,4.0,20.0
210,41,4.0,20.0
211,26,4.0,20.0
212,45,4.0,20.0
213,35,4.0,20.0
214,45,4.0,20.0
215,59,4.0,20.0
216,37,4.0,20.0
217,40,4.0,20.0
218,32,4.0,20.0
219,31,4.0,20.0
220,37,4.0,20.0
221,36,4.0,20.0
222,51,4.0,20.0
223,35,4.0,20.0
224,42,4.0,20.0
225,55,4.0,20.0
226,35,4.0,20.0
227,33,4.0,20.0
228,41,4.0,20.0
229,30,4.0,20.0
230,25,4.0,20.0
231,36,4.0,20.0
232,33,4.0,20.0
233,26,4.0,20.0
234,17,4.0,20.0
235,26,4.0,20.0
236,35,4.0,20.0
237,30,4.0,20.0
238,35,4.0,20.0
239,32,4.0,20.0
240,30,4.0,20.0
241,42,4.0,20.0
242,42,4.0,20.0
243,31,4.0,20.0
244,22,4.0,20.0
245,38,4.0,20.0
246,33,4.0,20.0
247,24,4.0,20.0
248,20,4.0,20.0
249,31,4.0,20.0
250,29,4.0,20.0
251,28,4.0,20.0
252,36,4.0,20.0
253,19,4.0,20.0
254,23,4.0,20.0
255,21,4.0,20.0
256,23,4.0,20.0
257,31,4.0,20.0
258,25,4.0,20.0
259,27,4.0,20.0
260,21,4.0,20.0
261,23,4.0,20.0
262,29,4.0,20.0
263,29,4.0,20.0
264,28,4.0,20.0
265,38,4.0,20.0
266,17,4.0,20.0
267,26,4.0,20.0
268,37,4.0,20.0
269,29,4.0,20.0
270,24,4.0,20.0
271,20,4.0,20.0
272,29,4.0,20.0
273,30,4.0,20.0
274,31,4.0,20.0
275,27,4.0,20.0
276,23,4.0,20.0
277,27,4.0,20.0
278,29,4.0,20.0
279,31,4.0,20.0
280,28,4.0,20.0
281,21,4.0,20.0
282,31,4.0,20.0
283,28,4.0,20.0
284,16,4.0,20.0
285,12,4.0,20.0
286,25,4.0,20.0
287,33,4.0,20.0
288,28,4.0,20.0
289,20,4.0,20.0
290,27,4.0,20.0
291,18,4.0,20.0
292,18,4.0,20.0
293,28,4.0,20.0
294,30,4.0,20.0
295,28,4.0,20.0
296,15,4.0,20.0
297,20,4.0,20.0
298,18,4.0,20.0
299,30,4.0,20.0
300,17,4.0,20.0
301,26,4.0,20.0
302,16,4.0,20.0
303,16,4.0,20.0
304,25,4.0,20.0
305,27,4.0,20.0
306,24,4.0,20.0
307,22,4.0,20.0
308,27,4.0,20.0
309,22,4.0,20.0
310,20,4.0,20.0
311,15,4.0,20.0
312,22,4.0,20.0
313,27,4.0,20.0
314,17,4.0,20.0
315,25,4.0,20.0
316,29,4.0,20.0
317,9,4.0,20.0
318,21,4.0,20.0
319,15,4.0,20.0
320,15,4.0,20.0
321,19,4.0,20.0
322,15,4.0,20.0
323,19,4.0,20.0
324,23,4.0,20.0
325,21,4.0,20.0
326,22,4.0,20.0
327,15,4.0,20.0
328,23,4.0,20.0
329,21,4.0,20.0
330,17,4.0,20.0
331,18,4.0,20.0
332,30,4.0,20.0
333,19,4.0,20.0
334,13,4.0,20.0
335,21,4.0,20.0
336,14,4.0,20.0
337,22,4.0,20.0
338,17,4.0,20.0
339,29,4.0,20.0
340,12,4.0,20.0
341,12,4.0,20.0
342,21,4.0,20.0
343,16,4.0,20.0
344,21,4.0,20.0
345,15,4.0,20.0
346,15,4.0,20.0
347,24,4.0,20.0
348,18,4.0,20.0
349,13,4.0,20.0
350,23,4.0,20.0
351,26,4.0,20.0
352,12,4.0,20.0
353,12,4.0,20.0
354,13,4.0,20.0
355,22,4.0,20.0
356,13,4.0,20.0
357,11,4.0,20.0
358,13,4.0,20.0
359,19,4.0,20.0
360,12,4.0,20.0
361,14,4.0,20.0
362,13,4.0,20.0
363,14,4.0,20.0
364,14,4.0,20.0
365,12,4.0,20.0
366,12,4.0,20.0
367,20,4.0,20.0
368,9,4.0,20.0
369,11,4.0,20.0
370,11,4.0,20.0
371,9,4.0,20.0
372,11,4.0,20.0
373,11,4.0,20.0
374,22,4.0,20.0
375,15,4.0,20.0
376,23,4.0,20.0
377,16,4.0,20.0
378,20,4.0,20.0
379,13,4.0,20.0
380,10,4.0,20.0
381,18,4.0,20.0
382,19,4.0,20.0
383,16,4.0,20.0
384,13,4.0,20.0
385,12,4.0,20.0
386,14,4.0,20.0
387,16,4.0,20.0
388,13,4.0,20.0
389,20,4.0,20.0
390,18,4.0,20.0
391,16,4.0,20.0
392,23,4.0,20.0
393,16,4.0,20.0
394,14,4.0,20.0
395,15,4.0,20.0
396,16,4.0,20.0
397,7,4.0,20.0
398,11,4.0,20.0
399,24,4.0,20.0
400,11,4.0,20.0
401,12,4.0,20.0
402,14,4.0,20.0
403,15,4.0,20.0
404,12,4.0,20.0
405,14,4.0,20.0
406,10,4.0,20.0
407,12,4.0,20.0
408,15,4.0,20.0
409,11,4.0,20.0
410,17,4.0,20.0
411,14,4.0,20.0
412,9,4.0,20.0
413,13,4.0,20.0
414,9,4.0,20.0
415,15,4.0,20.0
416,13,4.0,20.0
417,18,4.0,20.0
418,8,4.0,20.0
419,14,4.0,20.0
420,16,4.0,20.0
421,11,4.0,20.0
422,14,4.0,20.0
423,18,4.0,20.0
424,13,4.0,20.0
425,9,4.0,20.0
426,13,4.0,20.0
427,12,4.0,20.0
428,23,4.0,20.0
429,16,4.0,20.0
430,12,4.0,20.0
431,17,4.0,20.0
432,18,4.0,20.0
433,14,4.0,20.0
434,10,4.0,20.0
435,11,4.0,20.0
436,18,4.0,20.0
437,11,4.0,20.0
438,9,4.0,20.0
439,9,4.0,20.0
440,20,4.0,20.0
441,10,4.0,20.0
442,13,4.0,20.0
443,6,4.0,20.0
444,10,4.0,20.0
445,17,4.0,20.0
446,11,4.0,20.0
447,12,4.0,20.0
448,11,4.0,20.0
449,10,4.0,20.0
450,9,4.0,20.0
451,6,4.0,20.0
452,12,4.0,20.0
453,8,4.0,20.0
454,14,4.0,20.0
455,11,4.0,20.0
456,10,4.0,20.0
457,6,4.0,20.0
458,14,4.0,20.0
459,14,4.0,20.0
460,15,4.0,20.0
461,14,4.0,20.0
462,5,4.0,20.0
463,9,4.0,20.0
464,11,4.0,20.0
465,12,4.0,20.0
466,13,4.0,20.0
467,18,4.0,20.0
468,9,4.0,20.0
469,5,4.0,20.0
470,11,4.0,20.0
471,11,4.0,20.0
472,12,4.0,20.0
473,15,4.0,20.0
474,11,4.0,20.0
475,8,4.0,20.0
476,9,4.0,20.0
477,11,4.0,20.0
478,15,4.0,20.0
479,7,4.0,20.0
480,10,4.0,20.0
481,9,4.0,20.0
482,11,4.0,20.0
483,11,4.0,20.0
484,7,4.0,20.0
485,13,4.0,20.0
486,7,4.0,20.0
487,8,4.0,20.0
488,9,4.0,20.0
489,6,4.0,20.0
490,6,4.0,20.0
491,15,4.0,20.0
492,11,4.0,20.0
493,11,4.0,20.0
494,13,4.0,20.0
495,11,4.0,20.0
496,7,4.0,20.0
497,10,4.0,20.0
498,9,4.0,20.0
499,10,4.0,20.0
500,4,4.0,20.0
501,11,4.0,20.0
502,6,4.0,20.0
503,16,4.0,20.0
504,12,4.0,20.0
505,17,4.0,20.0
506,12,4.0,20.0
507,5,4.0,20.0
508,12,4.0,20.0
509,14,4.0,20.0
510,10,4.0,20.0
511,9,4.0,20.0
512,15,4.0,20.0
513,8,4.0,20.0
514,3,4.0,20.0
515,11,4.0,20.0
516,9,4.0,20.0
517,13,4.0,20.0
518,7,4.0,20.0
519,10,4.0,20.0
520,4,4.0,20.0
521,13,4.0,20.0
522,16,4.0,20.0
523,9,4.0,20.0
524,9,4.0,20.0
525,7,4.0,20.0
526,9,4.0,20.0
527,11,4.0,20.0
528,12,4.0,20.0
529,11,4.0,20.0
530,8,4.0,20.0
531,10,4.0,20.0
532,5,4.0,20.0
533,7,4.0,20.0
534,10,4.0,20.0
535,7,4.0,20.0
536,13,4.0,20.0
537,5,4.0,20.0
538,8,4.0,20.0
539,9,4.0,20.0
540,11,4.0,20.0
541,13,4.0,20.0
542,7,4.0,20.0
543,8,4.0,20.0
544,13,4.0,20.0
545,8,4.0,20.0
546,10,4.0,20.0
547,8,4.0,20.0
548,11,4.0,20.0
549,5,4.0,20.0
550,12,4.0,20.0
551,4,4.0,20.0
552,9,4.0,20.0
553,7,4.0,20.0
554,7,4.0,20.0
555,9,4.0,20.0
556,10,4.0,20.0
557,5,4.0,20.0
558,8,4.0,20.0
559,13,4.0,20.0
560,7,4.0,20.0
561,10,4.0,20.0
562,7,4.0,20.0
563,5,4.0,20.0
564,11,4.0,20.0
565,5,4.0,20.0
566,8,4.0,20.0
567,7,4.0,20.0
568,8,4.0,20.0
569,12,4.0,20.0
570,11,4.0,20.0
571,9,4.0,20.0
572,10,4.0,20.0
573,13,4.0,20.0
574,8,4.0,20.0
575,9,4.0,20.0
576,4,4.0,20.0
577,8,4.0,20.0
578,11,4.0,20.0
579,6,4.0,20.0
580,9,4.0,20.0
581,9,4.0,20.0
582,13,4.0,20.0
583,10,4.0,20.0
584,7,4.0,20.0
585,8,4.0,20.0
586,11,4.0,20.0
587,7,4.0,20.0
588,6,4.0,20.0
589,11,4.0,20.0
590,10,4.0,20.0
591,13,4.0,20.0
592,6,4.0,20.0
593,7,4.0,20.0
594,11,4.0,20.0
595,10,4.0,20.0
596,14,4.0,20.0
597,5,4.0,20.0
598,3,4.0,20.0
599,5,4.0,20.0
600,11,4.0,20.0
601,9,4.0,20.0
602,6,4.0,20.0
603,6,4.0,20.0
604,6,4.0,20.0
605,6,4.0,20.0
606,7,4.0,20.0
607,6,4.0,20.0
608,8,4.0,20.0
609,12,4.0,20.0
610,5,4.0,20.0
611,6,4.0,20.0
612,6,4.0,20.0
613,7,4.0,20.0
614,3,4.0,20.0
615,9,4.0,20.0
616,8,4.0,20.0
617,11,4.0,20.0
618,8,4.0,20.0
619,8,4.0,20.0
620,6,4.0,20.0
621,6,4.0,20.0
622,7,4.0,20.0
623,9,4.0,20.0
624,9,4.0,20.0
625,4,4.0,20.0
626,12,4.0,20.0
627,3,4.0,20.0
628,5,4.0,20.0
629,4,4.0,20.0
630,8,4.0,20.0
631,8,4.0,20.0
632,5,4.0,20.0
633,9,4.0,20.0
634,7,4.0,20.0
635,4,4.0,20.0
636,4,4.0,20.0
637,5,4.0,20.0
638,5,4.0,20.0
639,6,4.0,20.0
640,5,4.0,20.0
641,5,4.0,20.0
642,4,4.0,20.0
643,7,4.0,20.0
644,9,4.0,20.0
645,6,4.0,20.0
646,3,4.0,20.0
647,11,4.0,20.0
648,6,4.0,20.0
649,8,4.0,20.0
650,10,4.0,20.0
651,11,4.0,20.0
652,3,4.0,20.0
653,7,4.0,20.0
654,5,4.0,20.0
655,11,4.0,20.0
656,11,4.0,20.0
657,4,4.0,20.0
658,7,4.0,20.0
659,8,4.0,20.0
660,4,4.0,20.0
661,4,4.0,20.0
662,6,4.0,20.0
663,7,4.0,20.0
664,6,4.0,20.0
665,4,4.0,20.0
666,7,4.0,20.0
667,6,4.0,20.0
668,11,4.0,20.0
669,4,4.0,20.0
670,2,4.0,20.0
671,4,4.0,20.0
672,10,4.0,20.0
673,6,4.0,20.0
674,6,4.0,20.0
675,7,4.0,20.0
676,6,4.0,20.0
677,5,4.0,20.0
678,9,4.0,20.0
679,8,4.0,20.0
680,6,4.0,20.0
681,3,4.0,20.0
682,6,4.0,20.0
683,7,4.0,20.0
684,6,4.0,20.0
685,5,4.0,20.0
686,8,4.0,20.0
687,2,4.0,20.0
688,5,4.0,20.0
689,3,4.0,20.0
690,8,4.0,20.0
691,9,4.0,20.0
692,6,4.0,20.0
693,9,4.0,20.0
694,5,4.0,20.0
695,5,4.0,20.0
696,3,4.0,20.0
697,6,4.0,20.0
698,6,4.0,20.0
699,5,4.0,20.0
700,7,4.0,20.0
701,7,4.0,20.0
702,9,4.0,20.0
703,10,4.0,20.0
704,8,4.0,20.0
705,3,4.0,20.0
706,5,4.0,20.0
707,6,4.0,20.0
708,5,4.0,20.0
709,5,4.0,20.0
710,5,4.0,20.0
711,10,4.0,20.0
712,9,4.0,20.0
713,3,4.0,20.0
714,9,4.0,20.0
715,5,4.0,20.0
716,4,4.0,20.0
717,7,4.0,20.0
718,4,4.0,20.0
719,4,4.0,20.0
720,5,4.0,20.0
721,3,4.0,20.0
722,3,4.0,20.0
723,5,4.0,20.0
724,3,4.0,20.0
725,5,4.0,20.0
726,4,4.0,20.0
727,2,4.0,20.0
728,9,4.0,20.0
729,4,4.0,20.0
730,6,4.0,20.0
731,7,4.0,20.0
732,2,4.0,20.0
733,6,4.0,20.0
734,7,4.0,20.0
735,5,4.0,20.0
736,5,4.0,20.0
737,10,4.0,20.0
738,8,4.0,20.0
739,10,4.0,20.0
740,3,4.0,20.0
741,4,4.0,20.0
742,5,4.0,20.0
743,8,4.0,20.0
744,4,4.0,20.0
745,7,4.0,20.0
746,7,4.0,20.0
747,3,4.0,20.0
748,2,4.0,20.0
749,7,4.0,20.0
750,4,4.0,20.0
751,3,4.0,20.0
752,7,4.0,20.0
753,4,4.0,20.0
754,7,4.0,20.0
755,2,4.0,20.0
756,6,4.0,20.0
757,4,4.0,20.0
758,5,4.0,20.0
759,4,4.0,20.0
760,2,4.0,20.0
761,3,4.0,20.0
762,8,4.0,20.0
763,4,4.0,20.0
764,7,4.0,20.0
765,7,4.0,20.0
766,7,4.0,20.0
767,5,4.0,20.0
768,8,4.0,20.0
769,10,4.0,20.0
770,5,4.0,20.0
771,3,4.0,20.0
772,3,4.0,20.0
773,6,4.0,20.0
774,7,4.0,20.0
775,1,4.0,20.0
776,4,4.0,20.0
777,7,4.0,20.0
778,11,4.0,20.0
779,3,4.0,20.0
780,8,4.0,20.0
781,6,4.0,20.0
782,3,4.0,20.0
783,4,4.0,20.0
784,8,4.0,20.0
785,7,4.0,20.0
786,6,4.0,20.0
787,6,4.0,20.0
788,3,4.0,20.0
789,7,4.0,20.0
790,5,4.0,20.0
791,3,4.0,20.0
792,6,4.0,20.0
793,1,4.0,20.0
794,3,4.0,20.0
795,4,4.0,20.0
796,6,4.0,20.0
797,3,4.0,20.0
798,2,4.0,20.0
799,3,4.0,20.0
800,6,4.0,20.0
801,7,4.0,20.0
802,3,4.0,20.0
803,6,4.0,20.0
804,5,4.0,20.0
805,3,4.0,20.0
806,8,4.0,20.0
807,4,4.0,20.0
808,4,4.0,20.0
809,1,4.0,20.0
810,6,4.0,20.0
811,2,4.0,20.0
812,1,4.0,20.0
813,4,4.0,20.0
814,6,4.0,20.0
815,4,4.0,20.0
816,3,4.0,20.0
817,7,4.0,20.0
818,2,4.0,20.0
819,2,4.0,20.0
820,2,4.0,20.0
821,6,4.0,20.0
822,3,4.0,20.0
823,7,4.0,20.0
824,10,4.0,20.0
825,5,4.0,20.0
826,3,4.0,20.0
827,4,4.0,20.0
828,2,4.0,20.0
829,3,4.0,20.0
830,2,4.0,20.0
831,4,4.0,20.0
832,10,4.0,20.0
833,2,4.0,20.0
834,4,4.0,20.0
835,5,4.0,20.0
836,3,4.0,20.0
837,4,4.0,20.0
838,9,4.0,20.0
839,5,4.0,20.0
840,4,4.0,20.0
841,5,4.0,20.0
842,2,4.0,20.0
843,2,4.0,20.0
844,2,4.0,20.0
845,4,4.0,20.0
846,3,4.0,20.0
847,1,4.0,20.0
848,7,4.0,20.0
849,5,4.0,20.0
850,2,4.0,20.0
851,6,4.0,20.0
852,2,4.0,20.0
853,1,4.0,20.0
854,4,4.0,20.0
855,2,4.0,20.0
856,6,4.0,20.0
857,5,4.0,20.0
858,3,4.0,20.0
859,3,4.0,20.0
860,2,4.0,20.0
861,3,4.0,20.0
862,6,4.0,20.0
863,4,4.0,20.0
864,6,4.0,20.0
865,1,4.0,20.0
866,4,4.0,20.0
867,4,4.0,20.0
868,8,4.0,20.0
869,5,4.0,20.0
870,2,4.0,20.0
871,3,4.0,20.0
872,4,4.0,20.0
873,3,4.0,20.0
874,4,4.0,20.0
875,1,4.0,20.0
876,3,4.0,20.0
877,4,4.0,20.0
878,6,4.0,20.0
879,3,4.0,20.0
880,2,4.0,20.0
881,5,4.0,20.0
882,5,4.0,20.0
883,4,4.0,20.0
884,3,4.0,20.0
885,6,4.0,20.0
887,3,4.0,20.0
888,2,4.0,20.0
889,7,4.0,20.0
890,1,4.0,20.0
891,3,4.0,20.0
892,6,4.0,20.0
893,5,4.0,20.0
894,6,4.0,20.0
895,4,4.0,20.0
896,4,4.0,20.0
897,10,4.0,20.0
898,3,4.0,20.0
899,3,4.0,20.0
900,2,4.0,20.0
901,4,4.0,20.0
902,4,4.0,20.0
903,6,4.0,20.0
904,4,4.0,20.0
905,3,4.0,20.0
906,6,4.0,20.0
907,4,4.0,20.0
908,3,4.0,20.0
909,4,4.0,20.0
910,4,4.0,20.0
911,4,4.0,20.0
912,3,4.0,20.0
913,4,4.0,20.0
914,4,4.0,20.0
915,3,4.0,20.0
916,4,4.0,20.0
917,2,4.0,20.0
918,3,4.0,20.0
919,5,4.0,20.0
920,6,4.0,20.0
921,4,4.0,20.0
922,4,4.0,20.0
923,2,4.0,20.0
924,4,4.0,20.0
925,4,4.0,20.0
926,3,4.0,20.0
927,4,4.0,20.0
928,2,4.0,20.0
929,5,4.0,20.0
930,2,4.0,20.0
931,4,4.0,20.0
932,8,4.0,20.0
933,5,4.0,20.0
934,2,4.0,20.0
936,5,4.0,20.0
937,4,4.0,20.0
938,3,4.0,20.0
939,5,4.0,20.0
940,2,4.0,20.0
941,2,4.0,20.0
942,2,4.0,20.0
943,5,4.0,20.0
944,1,4.0,20.0
945,4,4.0,20.0
946,4,4.0,20.0
947,7,4.0,20.0
948,4,4.0,20.0
949,2,4.0,20.0
950,1,4.0,20.0
951,8,4.0,20.0
952,4,4.0,20.0
953,3,4.0,20.0
954,1,4.0,20.0
955,2,4.0,20.0
956,5,4.0,20.0
957,2,4.0,20.0
958,3,4.0,20.0
959,5,4.0,20.0
960,1,4.0,20.0
961,1,4.0,20.0
962,4,4.0,20.0
963,1,4.0,20.0
966,2,4.0,20.0
967,6,4.0,20.0
968,3,4.0,20.0
969,5,4.0,20.0
970,2,4.0,20.0
971,3,4.0,20.0
972,1,4.0,20.0
973,2,4.0,20.0
974,3,4.0,20.0
975,4,4.0,20.0
976,2,4.0,20.0
977,3,4.0,20.0
978,3,4.0,20.0
979,4,4.0,20.0
980,2,4.0,20.0
981,3,4.0,20.0
982,3,4.0,20.0
983,5,4.0,20.0
984,4,4.0,20.0
985,5,4.0,20.0
986,3,4.0,20.0
987,1,4.0,20.0
988,4,4.0,20.0
989,3,4.0,20.0
990,3,4.0,20.0
991,2,4.0,20.0
992,3,4.0,20.0
993,3,4.0,20.0
995,6,4.0,20.0
996,4,4.0,20.0
997,3,4.0,20.0
998,1,4.0,20.0
999,2,4.0,20.0
1000,3,4.0,20.0
1001,2,4.0,20.0
1002,1,4.0,20.0
1003,5,4.0,20.0
1004,3,4.0,20.0
1005,2,4.0,20.0
1006,4,4.0,20.0
1007,5,4.0,20.0
1008,5,4.0,20.0
1009,1,4.0,20.0
1010,2,4.0,20.0
1012,4,4.0,20.0
1013,3,4.0,20.0
1014,3,4.0,20.0
1015,1,4.0,20.0
1016,1,4.0,20.0
1017,4,4.0,20.0
1018,4,4.0,20.0
1019,6,4.0,20.0
1020,5,4.0,20.0
1021,2,4.0,20.0
1022,2,4.0,20.0
1023,3,4.0,20.0
1024,4,4.0,20.0
1025,2,4.0,20.0
1026,5,4.0,20.0
1027,4,4.0,20.0
1028,4,4.0,20.0
1029,3,4.0,20.0
1030,1,4.0,20.0
1031,3,4.0,20.0
1032,3,4.0,20.0
1033,6,4.0,20.0
1034,5,4.0,20.0
1035,5,4.0,20.0
1037,6,4.0,20.0
1038,4,4.0,20.0
1039,6,4.0,20.0
1040,2,4.0,20.0
1041,5,4.0,20.0
1042,5,4.0,20.0
1043,6,4.0,20.0
1044,6,4.0,20.0
1045,3,4.0,20.0
1046,2,4.0,20.0
1047,4,4.0,20.0
1048,4,4.0,20.0
1049,6,4.0,20.0
1050,4,4.0,20.0
1051,4,4.0,20.0
1053,3,4.0,20.0
1054,2,4.0,20.0
1055,3,4.0,20.0
1056,2,4.0,20.0
1057,3,4.0,20.0
1058,1,4.0,20.0
1059,2,4.0,20.0
1060,1,4.0,20.0
1061,1,4.0,20.0
1062,4,4.0,20.0
1064,7,4.0,20.0
1065,2,4.0,20.0
1066,4,4.0,20.0
1067,1,4.0,20.0
1068,3,4.0,20.0
1069,1,4.0,20.0
1070,5,4.0,20.0
1071,2,4.0,20.0
1072,1,4.0,20.0
1073,1,4.0,20.0
1074,3,4.0,20.0
1075,3,4.0,20.0
1076,6,4.0,20.0
1077,2,4.0,20.0
1078,2,4.0,20.0
1079,2,4.0,20.0
1080,4,4.0,20.0
1081,2,4.0,20.0
1082,2,4.0,20.0
1083,5,4.0,20.0
1084,2,4.0,20.0
1085,2,4.0,20.0
1086,3,4.0,20.0
1087,1,4.0,20.0
1088,1,4.0,20.0
1089,3,4.0,20.0
1090,3,4.0,20.0
1091,3,4.0,20.0
1092,1,4.0,20.0
1093,1,4.0,20.0
1094,5,4.0,20.0
1095,5,4.0,20.0
1097,3,4.0,20.0
1098,3,4.0,20.0
1099,1,4.0,20.0
1101,5,4.0,20.0
1102,2,4.0,20.0
1103,2,4.0,20.0
1104,8,4.0,20.0
1105,2,4.0,20.0
1106,1,4.0,20.0
1107,5,4.0,20.0
1108,5,4.0,20.0
1109,1,4.0,20.0
1110,4,4.0,20.0
1111,2,4.0,20.0
1112,1,4.0,20.0
1114,1,4.0,20.0
1115,4,4.0,20.0
1116,3,4.0,20.0
1117,1,4.0,20.0
1118,4,4.0,20.0
1119,3,4.0,20.0
1120,5,4.0,20.0
1121,1,4.0,20.0
1122,3,4.0,20.0
1123,5,4.0,20.0
1124,2,4.0,20.0
1126,3,4.0,20.0
1127,3,4.0,20.0
1128,4,4.0,20.0
1129,2,4.0,20.0
1130,1,4.0,20.0
1131,1,4.0,20.0
1132,4,4.0,20.0
1133,3,4.0,20.0
1134,1,4.0,20.0
1135,2,4.0,20.0
1136,1,4.0,20.0
1138,2,4.0,20.0
1140,2,4.0,20.0
1141,2,4.0,20.0
1142,3,4.0,20.0
1143,3,4.0,20.0
1144,3,4.0,20.0
1145,1,4.0,20.0
1146,7,4.0,20.0
1149,5,4.0,20.0
1150,3,4.0,20.0
1151,2,4.0,20.0
1153,3,4.0,20.0
1154,3,4.0,20.0
1155,3,4.0,20.0
1156,3,4.0,20.0
1158,5,4.0,20.0
1159,1,4.0,20.0
1160,1,4.0,20.0
1161,3,4.0,20.0
1162,2,4.0,20.0
1163,5,4.0,20.0
1164,3,4.0,20.0
1165,1,4.0,20.0
1166,1,4.0,20.0
1168,2,4.0,20.0
1169,1,4.0,20.0
1170,3,4.0,20.0
1171,2,4.0,20.0
1172,1,4.0,20.0
1173,2,4.0,20.0
1174,3,4.0,20.0
1175,3,4.0,20.0
1176,7,4.0,20.0
1177,1,4.0,20.0
1178,5,4.0,20.0
1181,1,4.0,20.0
1182,3,4.0,20.0
1183,2,4.0,20.0
1184,2,4.0,20.0
1186,1,4.0,20.0
1187,2,4.0,20.0
1188,4,4.0,20.0
1189,3,4.0,20.0
1190,3,4.0,20.0
1191,1,4.0,20.0
1192,2,4.0,20.0
1193,2,4.0,20.0
1194,1,4.0,20.0
1195,1,4.0,20.0
1196,2,4.0,20.0
1197,4,4.0,20.0
1198,3,4.0,20.0
1199,1,4.0,20.0
1201,2,4.0,20.0
1202,2,4.0,20.0
1205,4,4.0,20.0
1206,1,4.0,20.0
1207,4,4.0,20.0
1208,2,4.0,20.0
1209,2,4.0,20.0
1210,1,4.0,20.0
1211,1,4.0,20.0
1212,2,4.0,20.0
1213,2,4.0,20.0
1214,2,4.0,20.0
1215,1,4.0,20.0
1216,1,4.0,20.0
1217,4,4.0,20.0
1219,2,4.0,20.0
1221,2,4.0,20.0
1222,2,4.0,20.0
1223,2,4.0,20.0
1224,1,4.0,20.0
1225,1,4.0,20.0
1226,1,4.0,20.0
1227,2,4.0,20.0
1228,1,4.0,20.0
1229,2,4.0,20.0
1231,1,4.0,20.0
1233,4,4.0,20.0
1234,1,4.0,20.0
1235,4,4.0,20.0
1236,4,4.0,20.0
1237,4,4.0,20.0
1238,4,4.0,20.0
1239,4,4.0,20.0
1240,3,4.0,20.0
1241,4,4.0,20.0
1242,4,4.0,20.0
1244,3,4.0,20.0
1245,4,4.0,20.0
1246,2,4.0,20.0
1247,3,4.0,20.0
1248,4,4.0,20.0
1251,2,4.0,20.0
1252,2,4.0,20.0
1253,2,4.0,20.0
1254,2,4.0,20.0
1255,2,4.0,20.0
1256,1,4.0,20.0
1257,3,4.0,20.0
1259,1,4.0,20.0
1260,2,4.0,20.0
1261,2,4.0,20.0
1262,1,4.0,20.0
1263,3,4.0,20.0
1264,4,4.0,20.0
1266,1,4.0,20.0
1267,3,4.0,20.0
1268,1,4.0,20.0
1269,2,4.0,20.0
1270,3,4.0,20.0
1271,3,4.0,20.0
1273,1,4.0,20.0
1274,2,4.0,20.0
1275,4,4.0,20.0
1277,3,4.0,20.0
1278,2,4.0,20.0
1279,1,4.0,20.0
1280,1,4.0,20.0
1281,1,4.0,20.0
1282,1,4.0,20.0
1283,4,4.0,20.0
1284,1,4.0,20.0
1285,1,4.0,20.0
1286,1,4.0,20.0
1287,1,4.0,20.0
1288,3,4.0,20.0
1289,3,4.0,20.0
1290,2,4.0,20.0
1291,3,4.0,20.0
1292,5,4.0,20.0
1294,4,4.0,20.0
1295,1,4.0,20.0
1296,2,4.0,20.0
1297,2,4.0,20.0
1298,1,4.0,20.0
1299,2,4.0,20.0
1301,1,4.0,20.0
1303,6,4.0,20.0
1304,1,4.0,20.0
1305,2,4.0,20.0
1306,5,4.0,20.0
1307,4,4.0,20.0
1308,4,4.0,20.0
1312,1,4.0,20.0
1313,2,4.0,20.0
1314,2,4.0,20.0
1315,2,4.0,20.0
1316,3,4.0,20.0
1317,3,4.0,20.0
1318,3,4.0,20.0
1320,2,4.0,20.0
1321,1,4.0,20.0
1322,1,4.0,20.0
1324,2,4.0,20.0
1325,2,4.0,20.0
1326,4,4.0,20.0
1327,2,4.0,20.0
1328,4,4.0,20.0
1329,1,4.0,20.0
1330,2,4.0,20.0
1331,3,4.0,20.0
1332,2,4.0,20.0
1333,1,4.0,20.0
1334,2,4.0,20.0
1335,3,4.0,20.0
1336,1,4.0,20.0
1338,1,4.0,20.0
1339,1,4.0,20.0
1341,2,4.0,20.0
1344,1,4.0,20.0
1346,3,4.0,20.0
1347,2,4.0,20.0
1348,3,4.0,20.0
1350,1,4.0,20.0
1351,1,4.0,20.0
1352,1,4.0,20.0
1353,2,4.0,20.0
1354,1,4.0,20.0
1355,4,4.0,20.0
1357,4,4.0,20.0
1358,2,4.0,20.0
1360,1,4.0,20.0
1361,3,4.0,20.0
1362,2,4.0,20.0
1363,1,4.0,20.0
1364,1,4.0,20.0
1365,2,4.0,20.0
1366,2,4.0,20.0
1367,1,4.0,20.0
1370,1,4.0,20.0
1372,1,4.0,20.0
1373,2,4.0,20.0
1374,1,4.0,20.0
1375,4,4.0,20.0
1376,3,4.0,20.0
1377,1,4.0,20.0
1378,1,4.0,20.0
1379,3,4.0,20.0
1380,1,4.0,20.0
1383,3,4.0,20.0
1384,3,4.0,20.0
1385,3,4.0,20.0
1386,1,4.0,20.0
1387,1,4.0,20.0
1388,2,4.0,20.0
1389,2,4.0,20.0
1391,1,4.0,20.0
1393,1,4.0,20.0
1394,2,4.0,20.0
1395,1,4.0,20.0
1396,2,4.0,20.0
1397,1,4.0,20.0
1398,1,4.0,20.0
1399,2,4.0,20.0
1400,1,4.0,20.0
1401,2,4.0,20.0
1402,1,4.0,20.0
1403,1,4.0,20.0
1404,1,4.0,20.0
1405,1,4.0,20.0
1407,5,4.0,20.0
1409,1,4.0,20.0
1410,3,4.0,20.0
1412,2,4.0,20.0
1413,5,4.0,20.0
1414,2,4.0,20.0
1416,1,4.0,20.0
1417,1,4.0,20.0
1418,2,4.0,20.0
1420,2,4.0,20.0
1421,1,4.0,20.0
1422,1,4.0,20.0
1423,3,4.0,20.0
1424,1,4.0,20.0
1425,1,4.0,20.0
1426,3,4.0,20.0
1432,2,4.0,20.0
1435,2,4.0,20.0
1436,2,4.0,20.0
1437,1,4.0,20.0
1438,1,4.0,20.0
1439,2,4.0,20.0
1440,5,4.0,20.0
1442,1,4.0,20.0
1443,2,4.0,20.0
1445,2,4.0,20.0
1446,1,4.0,20.0
1447,1,4.0,20.0
1448,2,4.0,20.0
1449,1,4.0,20.0
1450,1,4.0,20.0
1451,2,4.0,20.0
1452,1,4.0,20.0
1454,1,4.0,20.0
1455,2,4.0,20.0
1456,2,4.0,20.0
1457,2,4.0,20.0
1458,4,4.0,20.0
1459,2,4.0,20.0
1460,2,4.0,20.0
1462,3,4.0,20.0
1463,3,4.0,20.0
1464,1,4.0,20.0
1465,4,4.0,20.0
1469,2,4.0,20.0
1471,3,4.0,20.0
1473,1,4.0,20.0
1474,2,4.0,20.0
1475,2,4.0,20.0
1476,1,4.0,20.0
1478,1,4.0,20.0
1479,3,4.0,20.0
1480,1,4.0,20.0
1482,1,4.0,20.0
1487,2,4.0,20.0
1488,2,4.0,20.0
1491,1,4.0,20.0
1493,1,4.0,20.0
1494,1,4.0,20.0
1496,3,4.0,20.0
1497,1,4.0,20.0
1498,3,4.0,20.0
1499,2,4.0,20.0
1501,1,4.0,20.0
1502,2,4.0,20.0
1503,2,4.0,20.0
1505,1,4.0,20.0
1507,2,4.0,20.0
1508,1,4.0,20.0
1509,3,4.0,20.0
1510,2,4.0,20.0
1511,3,4.0,20.0
1512,4,4.0,20.0
1513,1,4.0,20.0
1514,3,4.0,20.0
1515,2,4.0,20.0
1516,4,4.0,20.0
1517,1,4.0,20.0
1519,1,4.0,20.0
1520,2,4.0,20.0
1522,1,4.0,20.0
1523,1,4.0,20.0
1524,1,4.0,20.0
1525,1,4.0,20.0
1526,1,4.0,20.0
1527,2,4.0,20.0
1528,3,4.0,20.0
1533,1,4.0,20.0
1534,1,4.0,20.0
1536,2,4.0,20.0
1537,2,4.0,20.0
1538,2,4.0,20.0
1539,1,4.0,20.0
1540,3,4.0,20.0
1541,2,4.0,20.0
1542,1,4.0,20.0
1543,2,4.0,20.0
1544,1,4.0,20.0
1545,1,4.0,20.0
1547,2,4.0,20.0
1548,1,4.0,20.0
1549,1,4.0,20.0
1550,1,4.0,20.0
1551,1,4.0,20.0
1553,2,4.0,20.0
1555,1,4.0,20.0
1557,1,4.0,20.0
1558,1,4.0,20.0
1559,1,4.0,20.0
1560,2,4.0,20.0
1561,3,4.0,20.0
1563,1,4.0,20.0
1564,2,4.0,20.0
1565,5,4.0,20.0
1567,1,4.0,20.0
1568,2,4.0,20.0
1569,3,4.0,20.0
1570,1,4.0,20.0
1571,1,4.0,20.0
1572,1,4.0,20.0
1573,1,4.0,20.0
1576,1,4.0,20.0
1577,1,4.0,20.0
1578,2,4.0,20.0
1582,1,4.0,20.0
1583,2,4.0,20.0
1585,1,4.0,20.0
1588,2,4.0,20.0
1589,1,4.0,20.0
1590,1,4.0,20.0
1591,1,4.0,20.0
1592,3,4.0,20.0
1594,1,4.0,20.0
1595,1,4.0,20.0
1597,3,4.0,20.0
1598,1,4.0,20.0
1599,1,4.0,20.0
1600,1,4.0,20.0
1601,1,4.0,20.0
1602,1,4.0,20.0
1603,2,4.0,20.0
1605,3,4.0,20.0
1607,2,4.0,20.0
1608,2,4.0,20.0
1609,2,4.0,20.0
1610,3,4.0,20.0
1612,1,4.0,20.0
1613,2,4.0,20.0
1614,1,4.0,20.0
1615,1,4.0,20.0
1616,1,4.0,20.0
1618,4,4.0,20.0
1622,2,4.0,20.0
1623,1,4.0,20.0
1626,1,4.0,20.0
1627,2,4.0,20.0
1628,2,4.0,20.0
1630,2,4.0,20.0
1631,1,4.0,20.0
1633,1,4.0,20.0
1634,1,4.0,20.0
1636,2,4.0,20.0
1637,1,4.0,20.0
1639,3,4.0,20.0
1640,1,4.0,20.0
1643,1,4.0,20.0
1644,1,4.0,20.0
1646,2,4.0,20.0
1647,1,4.0,20.0
1648,1,4.0,20.0
1649,2,4.0,20.0
1652,1,4.0,20.0
1655,1,4.0,20.0
1659,1,4.0,20.0
1662,1,4.0,20.0
1663,1,4.0,20.0
1666,1,4.0,20.0
1668,2,4.0,20.0
1669,2,4.0,20.0
1670,1,4.0,20.0
1671,1,4.0,20.0
1672,1,4.0,20.0
1673,2,4.0,20.0
1674,1,4.0,20.0
1675,1,4.0,20.0
1677,1,4.0,20.0
1679,1,4.0,20.0
1681,4,4.0,20.0
1685,1,4.0,20.0
1688,3,4.0,20.0
1689,3,4.0,20.0
1691,2,4.0,20.0
1695,1,4.0,20.0
1696,2,4.0,20.0
1697,2,4.0,20.0
1698,2,4.0,20.0
1699,1,4.0,20.0
1700,2,4.0,20.0
1701,1,4.0,20.0
1703,1,4.0,20.0
1704,2,4.0,20.0
1705,3,4.0,20.0
1707,1,4.0,20.0
1708,2,4.0,20.0
1711,1,4.0,20.0
1714,1,4.0,20.0
1716,1,4.0,20.0
1719,1,4.0,20.0
1727,1,4.0,20.0
1728,1,4.0,20.0
1731,2,4.0,20.0
1733,1,4.0,20.0
1734,1,4.0,20.0
1735,1,4.0,20.0
1736,1,4.0,20.0
1737,2,4.0,20.0
1738,2,4.0,20.0
1739,3,4.0,20.0
1740,1,4.0,20.0
1741,1,4.0,20.0
1743,2,4.0,20.0
1744,1,4.0,20.0
1745,1,4.0,20.0
1749,1,4.0,20.0
1753,2,4.0,20.0
1755,1,4.0,20.0
1756,1,4.0,20.0
1757,3,4.0,20.0
1760,1,4.0,20.0
1761,1,4.0,20.0
1762,2,4.0,20.0
1763,2,4.0,20.0
1765,1,4.0,20.0
1766,1,4.0,20.0
1767,1,4.0,20.0
1768,2,4.0,20.0
1769,2,4.0,20.0
1770,2,4.0,20.0
1771,2,4.0,20.0
1772,1,4.0,20.0
1773,1,4.0,20.0
1775,2,4.0,20.0
1778,3,4.0,20.0
1779,1,4.0,20.0
1780,2,4.0,20.0
1781,1,4.0,20.0
1783,1,4.0,20.0
1784,1,4.0,20.0
1785,1,4.0,20.0
1791,2,4.0,20.0
1792,1,4.0,20.0
1797,1,4.0,20.0
1798,5,4.0,20.0
1800,2,4.0,20.0
1804,2,4.0,20.0
1805,1,4.0,20.0
1806,1,4.0,20.0
1812,1,4.0,20.0
1815,2,4.0,20.0
1817,1,4.0,20.0
1818,2,4.0,20.0
1820,1,4.0,20.0
1821,1,4.0,20.0
1825,1,4.0,20.0
1829,1,4.0,20.0
1831,1,4.0,20.0
1833,1,4.0,20.0
1834,1,4.0,20.0
1837,1,4.0,20.0
1838,2,4.0,20.0
1840,2,4.0,20.0
1841,3,4.0,20.0
1845,1,4.0,20.0
1847,1,4.0,20.0
1852,1,4.0,20.0
1855,2,4.0,20.0
1857,1,4.0,20.0
1858,1,4.0,20.0
1859,1,4.0,20.0
1860,2,4.0,20.0
1861,1,4.0,20.0
1864,1,4.0,20.0
1865,1,4.0,20.0
1866,1,4.0,20.0
1868,4,4.0,20.0
1869,1,4.0,20.0
1871,1,4.0,20.0
1872,1,4.0,20.0
1875,1,4.0,20.0
1877,1,4.0,20.0
1878,1,4.0,20.0
1879,1,4.0,20.0
1880,3,4.0,20.0
1882,2,4.0,20.0
1885,1,4.0,20.0
1886,2,4.0,20.0
1888,1,4.0,20.0
1890,1,4.0,20.0
1891,1,4.0,20.0
1892,1,4.0,20.0
1893,1,4.0,20.0
1897,2,4.0,20.0
1898,1,4.0,20.0
1900,1,4.0,20.0
1901,1,4.0,20.0
1902,1,4.0,20.0
1903,1,4.0,20.0
1904,1,4.0,20.0
1905,2,4.0,20.0
1906,1,4.0,20.0
1907,3,4.0,20.0
1914,1,4.0,20.0
1916,1,4.0,20.0
1922,1,4.0,20.0
1923,1,4.0,20.0
1929,1,4.0,20.0
1931,1,4.0,20.0
1932,1,4.0,20.0
1933,2,4.0,20.0
1934,1,4.0,20.0
1937,1,4.0,20.0
1938,2,4.0,20.0
1945,2,4.0,20.0
1946,1,4.0,20.0
1948,1,4.0,20.0
1950,2,4.0,20.0
1953,1,4.0,20.0
1954,1,4.0,20.0
1956,1,4.0,20.0
1957,1,4.0,20.0
1959,2,4.0,20.0
1960,1,4.0,20.0
1962,1,4.0,20.0
1963,1,4.0,20.0
1964,1,4.0,20.0
1966,1,4.0,20.0
1969,1,4.0,20.0
1972,2,4.0,20.0
1973,2,4.0,20.0
1976,1,4.0,20.0
1977,1,4.0,20.0
1979,1,4.0,20.0
1981,1,4.0,20.0
1982,1,4.0,20.0
1984,1,4.0,20.0
1985,1,4.0,20.0
1986,1,4.0,20.0
1988,1,4.0,20.0
1990,1,4.0,20.0
1992,2,4.0,20.0
1993,2,4.0,20.0
1994,1,4.0,20.0
1995,1,4.0,20.0
1998,3,4.0,20.0
2000,1,4.0,20.0
2001,1,4.0,20.0
2004,1,4.0,20.0
2005,1,4.0,20.0
2007,1,4.0,20.0
2010,1,4.0,20.0
2013,1,4.0,20.0
2015,1,4.0,20.0
2018,1,4.0,20.0
2020,1,4.0,20.0
2021,1,4.0,20.0
2023,1,4.0,20.0
2024,2,4.0,20.0
2031,1,4.0,20.0
2032,2,4.0,20.0
2033,2,4.0,20.0
2034,1,4.0,20.0
2035,2,4.0,20.0
2036,1,4.0,20.0
2037,1,4.0,20.0
2041,1,4.0,20.0
2043,2,4.0,20.0
2047,1,4.0,20.0
2048,1,4.0,20.0
2050,2,4.0,20.0
2052,1,4.0,20.0
2053,1,4.0,20.0
2055,1,4.0,20.0
2058,1,4.0,20.0
2059,1,4.0,20.0
2060,3,4.0,20.0
2061,1,4.0,20.0
2062,1,4.0,20.0
2066,3,4.0,20.0
2067,1,4.0,20.0
2068,1,4.0,20.0
2072,3,4.0,20.0
2075,1,4.0,20.0
2080,1,4.0,20.0
2085,1,4.0,20.0
2086,1,4.0,20.0
2087,1,4.0,20.0
2088,1,4.0,20.0
2089,1,4.0,20.0
2093,2,4.0,20.0
2095,2,4.0,20.0
2097,1,4.0,20.0
2098,2,4.0,20.0
2101,1,4.0,20.0
2102,2,4.0,20.0
2103,1,4.0,20.0
2105,1,4.0,20.0
2106,1,4.0,20.0
2107,2,4.0,20.0
2109,2,4.0,20.0
2110,1,4.0,20.0
2112,2,4.0,20.0
2113,2,4.0,20.0
2120,2,4.0,20.0
2122,3,4.0,20.0
2123,1,4.0,20.0
2124,2,4.0,20.0
2128,4,4.0,20.0
2129,1,4.0,20.0
2131,1,4.0,20.0
2132,1,4.0,20.0
2133,3,4.0,20.0
2135,1,4.0,20.0
2136,2,4.0,20.0
2139,1,4.0,20.0
2141,1,4.0,20.0
2143,1,4.0,20.0
2144,1,4.0,20.0
2145,1,4.0,20.0
2150,1,4.0,20.0
2154,1,4.0,20.0
2158,1,4.0,20.0
2159,1,4.0,20.0
2160,1,4.0,20.0
2161,1,4.0,20.0
2162,3,4.0,20.0
2170,1,4.0,20.0
2172,1,4.0,20.0
2176,1,4.0,20.0
2177,1,4.0,20.0
2179,1,4.0,20.0
2182,1,4.0,20.0
2188,1,4.0,20.0
2190,1,4.0,20.0
2193,1,4.0,20.0
2198,2,4.0,20.0
2199,1,4.0,20.0
2200,1,4.0,20.0
2204,1,4.0,20.0
2205,1,4.0,20.0
2207,1,4.0,20.0
2208,1,4.0,20.0
2209,1,4.0,20.0
2210,1,4.0,20.0
2212,1,4.0,20.0
2213,1,4.0,20.0
2214,1,4.0,20.0
2216,1,4.0,20.0
2220,1,4.0,20.0
2224,2,4.0,20.0
2228,1,4.0,20.0
2230,1,4.0,20.0
2232,1,4.0,20.0
2241,2,4.0,20.0
2242,1,4.0,20.0
2243,1,4.0,20.0
2247,2,4.0,20.0
2248,1,4.0,20.0
2249,1,4.0,20.0
2254,1,4.0,20.0
2260,1,4.0,20.0
2266,1,4.0,20.0
2267,1,4.0,20.0
2271,1,4.0,20.0
2276,1,4.0,20.0
2278,2,4.0,20.0
2284,1,4.0,20.0
2288,2,4.0,20.0
2289,1,4.0,20.0
2290,1,4.0,20.0
2291,1,4.0,20.0
2294,1,4.0,20.0
2295,1,4.0,20.0
2296,2,4.0,20.0
2304,1,4.0,20.0
2305,1,4.0,20.0
2314,1,4.0,20.0
2321,2,4.0,20.0
2322,1,4.0,20.0
2324,1,4.0,20.0
2326,1,4.0,20.0
2327,1,4.0,20.0
2329,1,4.0,20.0
2330,1,4.0,20.0
2332,1,4.0,20.0
2335,1,4.0,20.0
2336,1,4.0,20.0
2340,1,4.0,20.0
2343,1,4.0,20.0
2344,1,4.0,20.0
2350,1,4.0,20.0
2351,2,4.0,20.0
2353,3,4.0,20.0
2354,1,4.0,20.0
2357,1,4.0,20.0
2358,1,4.0,20.0
2365,1,4.0,20.0
2367,1,4.0,20.0
2368,1,4.0,20.0
2373,1,4.0,20.0
2377,2,4.0,20.0
2381,1,4.0,20.0
2387,1,4.0,20.0
2390,1,4.0,20.0
2395,1,4.0,20.0
2402,1,4.0,20.0
2404,1,4.0,20.0
2409,1,4.0,20.0
2414,1,4.0,20.0
2423,2,4.0,20.0
2427,1,4.0,20.0
2428,1,4.0,20.0
2436,1,4.0,20.0
2437,1,4.0,20.0
2438,1,4.0,20.0
2451,1,4.0,20.0
2455,1,4.0,20.0
2456,1,4.0,20.0
2458,1,4.0,20.0
2466,2,4.0,20.0
2471,1,4.0,20.0
2472,1,4.0,20.0
2474,2,4.0,20.0
2475,1,4.0,20.0
2476,2,4.0,20.0
2479,2,4.0,20.0
2480,1,4.0,20.0
2482,1,4.0,20.0
2483,1,4.0,20.0
2486,1,4.0,20.0
2489,1,4.0,20.0
2492,1,4.0,20.0
2495,2,4.0,20.0
2496,1,4.0,20.0
2498,1,4.0,20.0
2501,2,4.0,20.0
2511,2,4.0,20.0
2513,1,4.0,20.0
2517,1,4.0,20.0
2521,1,4.0,20.0
2522,1,4.0,20.0
2528,1,4.0,20.0
2530,1,4.0,20.0
2536,1,4.0,20.0
2537,1,4.0,20.0
2540,1,4.0,20.0
2553,1,4.0,20.0
2564,1,4.0,20.0
2569,1,4.0,20.0
2572,2,4.0,20.0
2574,1,4.0,20.0
2579,1,4.0,20.0
2587,1,4.0,20.0
2594,1,4.0,20.0
2604,2,4.0,20.0
2613,2,4.0,20.0
2614,1,4.0,20.0
2616,1,4.0,20.0
2617,1,4.0,20.0
2633,1,4.0,20.0
2640,1,4.0,20.0
2654,1,4.0,20.0
2658,2,4.0,20.0
2659,1,4.0,20.0
2661,2,4.0,20.0
2662,1,4.0,20.0
2663,1,4.0,20.0
2668,1,4.0,20.0
2669,1,4.0,20.0
2671,1,4.0,20.0
2675,1,4.0,20.0
2676,1,4.0,20.0
2677,1,4.0,20.0
2679,1,4.0,20.0
2680,1,4.0,20.0
2683,1,4.0,20.0
2692,1,4.0,20.0
2695,1,4.0,20.0
2696,1,4.0,20.0
2697,1,4.0,20.0
2700,2,4.0,20.0
2707,1,4.0,20.0
2709,1,4.0,20.0
2715,1,4.0,20.0
2717,1,4.0,20.0
2721,1,4.0,20.0
2725,2,4.0,20.0
2727,1,4.0,20.0
2734,1,4.0,20.0
2735,1,4.0,20.0
2744,1,4.0,20.0
2753,1,4.0,20.0
2754,2,4.0,20.0
2755,1,4.0,20.0
2757,1,4.0,20.0
2759,1,4.0,20.0
2766,1,4.0,20.0
2769,1,4.0,20.0
2776,1,4.0,20.0
2778,2,4.0,20.0
2781,1,4.0,20.0
2792,1,4.0,20.0
2794,1,4.0,20.0
2800,1,4.0,20.0
2814,1,4.0,20.0
2819,1,4.0,20.0
2824,1,4.0,20.0
2831,1,4.0,20.0
2841,1,4.0,20.0
2845,1,4.0,20.0
2849,1,4.0,20.0
2850,1,4.0,20.0
2853,1,4.0,20.0
2864,1,4.0,20.0
2867,1,4.0,20.0
2872,1,4.0,20.0
2874,1,4.0,20.0
2876,1,4.0,20.0
2890,1,4.0,20.0
2902,1,4.0,20.0
2912,1,4.0,20.0
2914,1,4.0,20.0
2919,1,4.0,20.0
2925,1,4.0,20.0
2932,1,4.0,20.0
2941,1,4.0,20.0
2942,1,4.0,20.0
2945,1,4.0,20.0
2949,1,4.0,20.0
2955,1,4.0,20.0
2958,1,4.0,20.0
2967,1,4.0,20.0
2971,1,4.0,20.0
2981,1,4.0,20.0
2989,1,4.0,20.0
2992,1,4.0,20.0
2995,1,4.0,20.0
2999,1,4.0,20.0
3005,2,4.0,20.0
3013,1,4.0,20.0
3014,1,4.0,20.0
3015,1,4.0,20.0
3021,2,4.0,20.0
3031,1,4.0,20.0
3044,1,4.0,20.0
3046,1,4.0,20.0
3055,1,4.0,20.0
3058,1,4.0,20.0
3060,1,4.0,20.0
3066,2,4.0,20.0
3067,1,4.0,20.0
3074,1,4.0,20.0
3075,1,4.0,20.0
3076,1,4.0,20.0
3081,2,4.0,20.0
3083,1,4.0,20.0
3095,1,4.0,20.0
3099,1,4.0,20.0
3100,1,4.0,20.0
3114,1,4.0,20.0
3118,1,4.0,20.0
3130,1,4.0,20.0
3132,1,4.0,20.0
3133,1,4.0,20.0
3161,1,4.0,20.0
3191,1,4.0,20.0
3193,1,4.0,20.0
3198,2,4.0,20.0
3199,1,4.0,20.0
3248,1,4.0,20.0
3254,1,4.0,20.0
3266,2,4.0,20.0
3278,1,4.0,20.0
3284,1,4.0,20.0
3289,1,4.0,20.0
3296,1,4.0,20.0
3297,1,4.0,20.0
3303,2,4.0,20.0
3305,1,4.0,20.0
3312,1,4.0,20.0
3315,1,4.0,20.0
3318,1,4.0,20.0
3321,1,4.0,20.0
3326,1,4.0,20.0
3327,1,4.0,20.0
3330,2,4.0,20.0
3344,1,4.0,20.0
3368,1,4.0,20.0
3369,1,4.0,20.0
3389,1,4.0,20.0
3391,1,4.0,20.0
3395,1,4.0,20.0
3401,1,4.0,20.0
3413,2,4.0,20.0
3415,1,4.0,20.0
3419,1,4.0,20.0
3421,1,4.0,20.0
3429,1,4.0,20.0
3436,1,4.0,20.0
3460,1,4.0,20.0
3467,1,4.0,20.0
3483,1,4.0,20.0
3495,1,4.0,20.0
3508,1,4.0,20.0
3542,1,4.0,20.0
3543,1,4.0,20.0
3549,1,4.0,20.0
3556,1,4.0,20.0
3562,1,4.0,20.0
3573,1,4.0,20.0
3585,1,4.0,20.0
3596,1,4.0,20.0
3614,1,4.0,20.0
3615,1,4.0,20.0
3618,1,4.0,20.0
3642,1,4.0,20.0
3647,1,4.0,20.0
3648,1,4.0,20.0
3667,1,4.0,20.0
3670,1,4.0,20.0
3682,1,4.0,20.0
3688,1,4.0,20.0
3692,1,4.0,20.0
3694,1,4.0,20.0
3706,1,4.0,20.0
3712,1,4.0,20.0
3730,1,4.0,20.0
3755,1,4.0,20.0
3780,1,4.0,20.0
3796,1,4.0,20.0
3799,1,4.0,20.0
3809,1,4.0,20.0
3810,1,4.0,20.0
3826,1,4.0,20.0
3855,1,4.0,20.0
3872,1,4.0,20.0
3879,1,4.0,20.0
3898,1,4.0,20.0
3906,1,4.0,20.0
3916,1,4.0,20.0
3942,1,4.0,20.0
3972,1,4.0,20.0
4026,1,4.0,20.0
4068,2,4.0,20.0
4078,1,4.0,20.0
4081,1,4.0,20.0
4101,1,4.0,20.0
4106,1,4.0,20.0
4111,1,4.0,20.0
4120,1,4.0,20.0
4126,1,4.0,20.0
4144,1,4.0,20.0
4151,1,4.0,20.0
4193,1,4.0,20.0
4196,1,4.0,20.0
4208,1,4.0,20.0
4218,1,4.0,20.0
4236,1,4.0,20.0
4252,1,4.0,20.0
4260,1,4.0,20.0
4277,2,4.0,20.0
4282,1,4.0,20.0
4323,1,4.0,20.0
4364,1,4.0,20.0
4385,1,4.0,20.0
4420,1,4.0,20.0
4429,1,4.0,20.0
4463,1,4.0,20.0
4549,1,4.0,20.0
4552,1,4.0,20.0
4553,1,4.0,20.0
4606,1,4.0,20.0
4657,1,4.0,20.0
4694,1,4.0,20.0
4701,1,4.0,20.0
4764,1,4.0,20.0
4795,1,4.0,20.0
4898,1,4.0,20.0
4991,1,4.0,20.0
5134,1,4.0,20.0
5150,1,4.0,20.0
5155,1,4.0,20.0
5325,1,4.0,20.0
5346,1,4.0,20.0
5569,1,4.0,20.0
5742,1,4.0,20.0
5839,1,4.0,20.0
5963,1,4.0,20.0
6122,1,4.0,20.0
6284,1,4.0,20.0
6290,1,4.0,20.0
6405,1,4.0,20.0
6516,1,4.0,20.0
6531,1,4.0,20.0
6543,1,4.0,20.0
6938,1,4.0,20.0
7278,1,4.0,20.0
1,2340,4.0,40.0
2,2176,4.0,40.0
3,2021,4.0,40.0
4,1851,4.0,40.0
5,1803,4.0,40.0
6,1815,4.0,40.0
7,1643,4.0,40.0
8,1524,4.0,40.0
9,1554,4.0,40.0
10,1484,4.0,40.0
11,1349,4.0,40.0
12,1308,4.0,40.0
13,1242,4.0,40.0
14,1229,4.0,40.0
15,1197,4.0,40.0
16,1120,4.0,40.0
17,1063,4.0,40.0
18,1088,4.0,40.0
19,1035,4.0,40.0
20,984,4.0,40.0
21,1001,4.0,40.0
22,920,4.0,40.0
23,954,4.0,40.0
24,892,4.0,40.0
25,947,4.0,40.0
26,866,4.0,40.0
27,825,4.0,40.0
28,799,4.0,40.0
29,790,4.0,40.0
30,755,4.0,40.0
31,775,4.0,40.0
32,768,4.0,40.0
33,739,4.0,40.0
34,672,4.0,40.0
35,658,4.0,40.0
36,672,4.0,40.0
37,639,4.0,40.0
38,610,4.0,40.0
39,637,4.0,40.0
40,598,4.0,40.0
41,642,4.0,40.0
42,639,4.0,40.0
43,575,4.0,40.0
44,627,4.0,40.0
45,607,4.0,40.0
46,555,4.0,40.0
47,545,4.0,40.0
48,515,4.0,40.0
49,556,4.0,40.0
50,540,4.0,40.0
51,495,4.0,40.0
52,503,4.0,40.0
53,490,4.0,40.0
54,451,4.0,40.0
55,465,4.0,40.0
56,468,4.0,40.0
57,471,4.0,40.0
58,439,4.0,40.0
59,431,4.0,40.0
60,442,4.0,40.0
61,402,4.0,40.0
62,414,4.0,40.0
63,393,4.0,40.0
64,418,4.0,40.0
65,402,4.0,40.0
66,384,4.0,40.0
67,374,4.0,40.0
68,374,4.0,40.0
69,375,4.0,40.0
70,354,4.0,40.0
71,373,4.0,40.0
72,360,4.0,40.0
73,356,4.0,40.0
74,342,4.0,40.0
75,339,4.0,40.0
76,364,4.0,40.0
77,327,4.0,40.0
78,323,4.0,40.0
79,310,4.0,40.0
80,320,4.0,40.0
81,322,4.0,40.0
82,323,4.0,40.0
83,273,4.0,40.0
84,302,4.0,40.0
85,308,4.0,40.0
86,271,4.0,40.0
87,293,4.0,40.0
88,289,4.0,40.0
89,266,4.0,40.0
90,272,4.0,40.0
91,243,4.0,40.0
92,266,4.0,40.0
93,294,4.0,40.0
94,254,4.0,40.0
95,276,4.0,40.0
96,280,4.0,40.0
97,233,4.0,40.0
98,269,4.0,40.0
99,245,4.0,40.0
100,263,4.0,40.0
101,266,4.0,40.0
102,255,4.0,40.0
103,253,4.0,40.0
104,229,4.0,40.0
105,228,4.0,40.0
106,245,4.0,40.0
107,226,4.0,40.0
108,237,4.0,40.0
109,235,4.0,40.0
110,232,4.0,40.0
111,215,4.0,40.0
112,210,4.0,40.0
113,225,4.0,40.0
114,201,4.0,40.0
115,213,4.0,40.0
116,199,4.0,40.0
117,186,4.0,40.0
118,225,4.0,40.0
119,183,4.0,40.0
120,205,4.0,40.0
121,200,4.0,40.0
122,166,4.0,40.0
123,182,4.0,40.0
124,204,4.0,40.0
125,156,4.0,40.0
126,191,4.0,40.0
127,178,4.0,40.0
128,173,4.0,40.0
129,181,4.0,40.0
130,176,4.0,40.0
131,200,4.0,40.0
132,186,4.0,40.0
133,176,4.0,40.0
134,163,4.0,40.0
135,164,4.0,40.0
136,140,4.0,40.0
137,157,4.0,40.0
138,163,4.0,40.0
139,155,4.0,40.0
140,158,4.0,40.0
141,171,4.0,40.0
142,141,4.0,40.0
143,153,4.0,40.0
144,153,4.0,40.0
145,143,4.0,40.0
146,130,4.0,40.0
147,148,4.0,40.0
148,169,4.0,40.0
149,120,4.0,40.0
150,151,4.0,40.0
151,160,4.0,40.0
152,141,4.0,40.0
153,145,4.0,40.0
154,152,4.0,40.0
155,134,4.0,40.0
156,128,4.0,40.0
157,131,4.0,40.0
158,110,4.0,40.0
159,119,4.0,40.0
160,145,4.0,40.0
161,139,4.0,40.0
162,129,4.0,40.0
163,125,4.0,40.0
164,101,4.0,40.0
165,134,4.0,40.0
166,117,4.0,40.0
167,139,4.0,40.0
168,129,4.0,40.0
169,133,4.0,40.0
170,137,4.0,40.0
171,99,4.0,40.0
172,104,4.0,40.0
173,123,4.0,40.0
174,85,4.0,40.0
175,121,4.0,40.0
176,99,4.0,40.0
177,115,4.0,40.0
178,109,4.0,40.0
179,101,4.0,40.0
180,95,4.0,40.0
181,111,4.0,40.0
182,119,4.0,40.0
183,97,4.0,40.0
184,98,4.0,40.0
185,100,4.0,40.0
186,97,4.0,40.0
187,96,4.0,40.0
188,90,4.0,40.0
189,111,4.0,40.0
190,104,4.0,40.0
191,110,4.0,40.0
192,122,4.0,40.0
193,101,4.0,40.0
194,108,4.0,40.0
195,92,4.0,40.0
196,117,4.0,40.0
197,108,4.0,40.0
198,107,4.0,40.0
199,96,4.0,40.0
200,92,4.0,40.0
201,84,4.0,40.0
202,87,4.0,40.0
203,92,4.0,40.0
204,88,4.0,40.0
205,79,4.0,40.0
206,85,4.0,40.0
207,105,4.0,40.0
208,83,4.0,40.0
209,94,4.0,40.0
210,91,4.0,40.0
211,90,4.0,40.0
212,86,4.0,40.0
213,87,4.0,40.0
214,86,4.0,40.0
215,92,4.0,40.0
216,91,4.0,40.0
217,84,4.0,40.0
218,71,4.0,40.0
219,69,4.0,40.0
220,91,4.0,40.0
221,78,4.0,40.0
222,94,4.0,40.0
223,95,4.0,40.0
224,75,4.0,40.0
225,69,4.0,40.0
226,73,4.0,40.0
227,74,4.0,40.0
228,92,4.0,40.0
229,84,4.0,40.0
230,90,4.0,40.0
231,76,4.0,40.0
232,76,4.0,40.0
233,76,4.0,40.0
234,70,4.0,40.0
235,77,4.0,40.0
236,46,4.0,40.0
237,68,4.0,40.0
238,57,4.0,40.0
239,63,4.0,40.0
240,61,4.0,40.0
241,78,4.0,40.0
242,71,4.0,40.0
243,68,4.0,40.0
244,67,4.0,40.0
245,67,4.0,40.0
246,60,4.0,40.0
247,64,4.0,40.0
248,69,4.0,40.0
249,74,4.0,40.0
250,57,4.0,40.0
251,65,4.0,40.0
252,80,4.0,40.0
253,70,4.0,40.0
254,64,4.0,40.0
255,52,4.0,40.0
256,57,4.0,40.0
257,59,4.0,40.0
258,67,4.0,40.0
259,55,4.0,40.0
260,78,4.0,40.0
261,67,4.0,40.0
262,52,4.0,40.0
263,55,4.0,40.0
264,63,4.0,40.0
265,74,4.0,40.0
266,60,4.0,40.0
267,59,4.0,40.0
268,62,4.0,40.0
269,63,4.0,40.0
270,69,4.0,40.0
271,70,4.0,40.0
272,58,4.0,40.0
273,49,4.0,40.0
274,60,4.0,40.0
275,60,4.0,40.0
276,54,4.0,40.0
277,61,4.0,40.0
278,77,4.0,40.0
279,59,4.0,40.0
280,60,4.0,40.0
281,50,4.0,40.0
282,48,4.0,40.0
283,50,4.0,40.0
284,36,4.0,40.0
285,53,4.0,40.0
286,44,4.0,40.0
287,45,4.0,40.0
288,41,4.0,40.0
289,45,4.0,40.0
290,51,4.0,40.0
291,60,4.0,40.0
292,62,4.0,40.0
293,53,4.0,40.0
294,60,4.0,40.0
295,42,4.0,40.0
296,48,4.0,40.0
297,49,4.0,40.0
298,42,4.0,40.0
299,41,4.0,40.0
300,42,4.0,40.0
301,46,4.0,40.0
302,45,4.0,40.0
303,47,4.0,40.0
304,38,4.0,40.0
305,40,4.0,40.0
306,51,4.0,40.0
307,47,4.0,40.0
308,48,4.0,40.0
309,41,4.0,40.0
310,58,4.0,40.0
311,58,4.0,40.0
312,44,4.0,40.0
313,61,4.0,40.0
314,45,4.0,40.0
315,28,4.0,40.0
316,42,4.0,40.0
317,47,4.0,40.0
318,44,4.0,40.0
319,50,4.0,40.0
320,42,4.0,40.0
321,46,4.0,40.0
322,38,4.0,40.0
323,46,4.0,40.0
324,52,4.0,40.0
325,50,4.0,40.0
326,40,4.0,40.0
327,43,4.0,40.0
328,43,4.0,40.0
329,53,4.0,40.0
330,39,4.0,40.0
331,36,4.0,40.0
332,41,4.0,40.0
333,41,4.0,40.0
334,39,4.0,40.0
335,40,4.0,40.0
336,36,4.0,40.0
337,41,4.0,40.0
338,38,4.0,40.0
339,35,4.0,40.0
340,39,4.0,40.0
341,39,4.0,40.0
342,37,4.0,40.0
343,44,4.0,40.0
344,33,4.0,40.0
345,35,4.0,40.0
346,46,4.0,40.0
347,43,4.0,40.0
348,49,4.0,40.0
349,35,4.0,40.0
350,36,4.0,40.0
351,35,4.0,40.0
352,48,4.0,40.0
353,39,4.0,40.0
354,31,4.0,40.0
355,41,4.0,40.0
356,27,4.0,40.0
357,41,4.0,40.0
358,33,4.0,40.0
359,33,4.0,40.0
360,33,4.0,40.0
361,29,4.0,40.0
362,43,4.0,40.0
363,34,4.0,40.0
364,30,4.0,40.0
365,34,4.0,40.0
366,34,4.0,40.0
367,27,4.0,40.0
368,25,4.0,40.0
369,42,4.0,40.0
370,46,4.0,40.0
371,22,4.0,40.0
372,37,4.0,40.0
373,30,4.0,40.0
374,36,4.0,40.0
375,24,4.0,40.0
376,33,4.0,40.0
377,42,4.0,40.0
378,34,4.0,40.0
379,31,4.0,40.0
380,25,4.0,40.0
381,25,4.0,40.0
382,37,4.0,40.0
383,38,4.0,40.0
384,27,4.0,40.0
385,40,4.0,40.0
386,38,4.0,40.0
387,29,4.0,40.0
388,24,4.0,40.0
389,28,4.0,40.0
390,35,4.0,40.0
391,29,4.0,40.0
392,38,4.0,40.0
393,37,4.0,40.0
394,21,4.0,40.0
395,29,4.0,40.0
396,23,4.0,40.0
397,32,4.0,40.0
398,24,4.0,40.0
399,33,4.0,40.0
400,34,4.0,40.0
401,25,4.0,40.0
402,29,4.0,40.0
403,43,4.0,40.0
404,27,4.0,40.0
405,34,4.0,40.0
406,23,4.0,40.0
407,29,4.0,40.0
408,33,4.0,40.0
409,35,4.0,40.0
410,34,4.0,40.0
411,32,4.0,40.0
412,36,4.0,40.0
413,28,4.0,40.0
414,26,4.0,40.0
415,25,4.0,40.0
416,29,4.0,40.0
417,27,4.0,40.0
418,29,4.0,40.0
419,29,4.0,40.0
420,28,4.0,40.0
421,26,4.0,40.0
422,28,4.0,40.0
423,27,4.0,40.0
424,33,4.0,40.0
425,29,4.0,40.0
426,33,4.0,40.0
427,27,4.0,40.0
428,28,4.0,40.0
429,20,4.0,40.0
430,29,4.0,40.0
431,31,4.0,40.0
432,28,4.0,40.0
433,31,4.0,40.0
434,26,4.0,40.0
435,16,4.0,40.0
436,30,4.0,40.0
437,31,4.0,40.0
438,31,4.0,40.0
439,16,4.0,40.0
440,25,4.0,40.0
441,17,4.0,40.0
442,29,4.0,40.0
443,20,4.0,40.0
444,24,4.0,40.0
445,31,4.0,40.0
446,21,4.0,40.0
447,27,4.0,40.0
448,26,4.0,40.0
449,26,4.0,40.0
450,31,4.0,40.0
451,33,4.0,40.0
452,24,4.0,40.0
453,16,4.0,40.0
454,25,4.0,40.0
455,12,4.0,40.0
456,17,4.0,40.0
457,27,4.0,40.0
458,35,4.0,40.0
459,19,4.0,40.0
460,36,4.0,40.0
461,24,4.0,40.0
462,30,4.0,40.0
463,25,4.0,40.0
464,22,4.0,40.0
465,20,4.0,40.0
466,24,4.0,40.0
467,19,4.0,40.0
468,28,4.0,40.0
469,26,4.0,40.0
470,23,4.0,40.0
471,27,4.0,40.0
472,28,4.0,40.0
473,26,4.0,40.0
474,29,4.0,40.0
475,23,4.0,40.0
476,25,4.0,40.0
477,24,4.0,40.0
478,17,4.0,40.0
479,23,4.0,40.0
480,29,4.0,40.0
481,18,4.0,40.0
482,20,4.0,40.0
483,19,4.0,40.0
484,17,4.0,40.0
485,20,4.0,40.0
486,25,4.0,40.0
487,18,4.0,40.0
488,25,4.0,40.0
489,15,4.0,40.0
490,20,4.0,40.0
491,27,4.0,40.0
492,25,4.0,40.0
493,23,4.0,40.0
494,23,4.0,40.0
495,20,4.0,40.0
496,22,4.0,40.0
497,25,4.0,40.0
498,23,4.0,40.0
499,20,4.0,40.0
500,13,4.0,40.0
501,22,4.0,40.0
502,21,4.0,40.0
503,16,4.0,40.0
504,27,4.0,40.0
505,23,4.0,40.0
506,18,4.0,40.0
507,26,4.0,40.0
508,17,4.0,40.0
509,23,4.0,40.0
510,22,4.0,40.0
511,21,4.0,40.0
512,28,4.0,40.0
513,11,4.0,40.0
514,23,4.0,40.0
515,14,4.0,40.0
516,23,4.0,40.0
517,27,4.0,40.0
518,19,4.0,40.0
519,19,4.0,40.0
520,13,4.0,40.0
521,21,4.0,40.0
522,10,4.0,40.0
523,17,4.0,40.0
524,19,4.0,40.0
525,14,4.0,40.0
526,21,4.0,40.0
527,20,4.0,40.0
528,16,4.0,40.0
529,21,4.0,40.0
530,11,4.0,40.0
531,20,4.0,40.0
532,10,4.0,40.0
533,8,4.0,40.0
534,22,4.0,40.0
535,15,4.0,40.0
536,22,4.0,40.0
537,7,4.0,40.0
538,16,4.0,40.0
539,17,4.0,40.0
540,20,4.0,40.0
541,12,4.0,40.0
542,19,4.0,40.0
543,18,4.0,40.0
544,10,4.0,40.0
545,19,4.0,40.0
546,15,4.0,40.0
547,18,4.0,40.0
548,18,4.0,40.0
549,21,4.0,40.0
550,12,4.0,40.0
551,13,4.0,40.0
552,19,4.0,40.0
553,13,4.0,40.0
554,25,4.0,40.0
555,12,4.0,40.0
556,20,4.0,40.0
557,22,4.0,40.0
558,23,4.0,40.0
559,20,4.0,40.0
560,17,4.0,40.0
561,9,4.0,40.0
562,22,4.0,40.0
563,16,4.0,40.0
564,18,4.0,40.0
565,16,4.0,40.0
566,13,4.0,40.0
567,11,4.0,40.0
568,22,4.0,40.0
569,20,4.0,40.0
570,22,4.0,40.0
571,11,4.0,40.0
572,20,4.0,40.0
573,14,4.0,40.0
574,20,4.0,40.0
575,12,4.0,40.0
576,15,4.0,40.0
577,14,4.0,40.0
578,10,4.0,40.0
579,13,4.0,40.0
580,14,4.0,40.0
581,17,4.0,40.0
582,20,4.0,40.0
583,21,4.0,40.0
584,13,4.0,40.0
585,15,4.0,40.0
586,16,4.0,40.0
587,25,4.0,40.0
588,25,4.0,40.0
589,16,4.0,40.0
590,15,4.0,40.0
591,19,4.0,40.0
592,14,4.0,40.0
593,17,4.0,40.0
594,13,4.0,40.0
595,14,4.0,40.0
596,17,4.0,40.0
597,13,4.0,40.0
598,14,4.0,40.0
599,8,4.0,40.0
600,20,4.0,40.0
601,15,4.0,40.0
602,11,4.0,40.0
603,8,4.0,40.0
604,18,4.0,40.0
605,15,4.0,40.0
606,12,4.0,40.0
607,11,4.0,40.0
608,27,4.0,40.0
609,16,4.0,40.0
610,15,4.0,40.0
611,17,4.0,40.0
612,13,4.0,40.0
613,19,4.0,40.0
614,12,4.0,40.0
615,17,4.0,40.0
616,10,4.0,40.0
617,13,4.0,40.0
618,16,4.0,40.0
619,11,4.0,40.0
620,9,4.0,40.0
621,13,4.0,40.0
622,13,4.0,40.0
623,14,4.0,40.0
624,12,4.0,40.0
625,11,4.0,40.0
626,15,4.0,40.0
627,15,4.0,40.0
628,17,4.0,40.0
629,11,4.0,40.0
630,11,4.0,40.0
631,14,4.0,40.0
632,11,4.0,40.0
633,13,4.0,40.0
634,21,4.0,40.0
635,12,4.0,40.0
636,14,4.0,40.0
637,10,4.0,40.0
638,10,4.0,40.0
639,12,4.0,40.0
640,12,4.0,40.0
641,10,4.0,40.0
642,18,4.0,40.0
643,12,4.0,40.0
644,18,4.0,40.0
645,14,4.0,40.0
646,13,4.0,40.0
647,15,4.0,40.0
648,16,4.0,40.0
649,19,4.0,40.0
650,14,4.0,40.0
651,11,4.0,40.0
652,11,4.0,40.0
653,11,4.0,40.0
654,14,4.0,40.0
655,12,4.0,40.0
656,14,4.0,40.0
657,14,4.0,40.0
658,12,4.0,40.0
659,10,4.0,40.0
660,16,4.0,40.0
661,10,4.0,40.0
662,10,4.0,40.0
663,7,4.0,40.0
664,8,4.0,40.0
665,7,4.0,40.0
666,13,4.0,40.0
667,16,4.0,40.0
668,10,4.0,40.0
669,8,4.0,40.0
670,11,4.0,40.0
671,16,4.0,40.0
672,16,4.0,40.0
673,9,4.0,40.0
674,20,4.0,40.0
675,14,4.0,40.0
676,16,4.0,40.0
677,15,4.0,40.0
678,16,4.0,40.0
679,6,4.0,40.0
680,12,4.0,40.0
681,10,4.0,40.0
682,17,4.0,40.0
683,13,4.0,40.0
684,9,4.0,40.0
685,13,4.0,40.0
686,16,4.0,40.0
687,9,4.0,40.0
688,7,4.0,40.0
689,10,4.0,40.0
690,11,4.0,40.0
691,14,4.0,40.0
692,3,4.0,40.0
693,13,4.0,40.0
694,7,4.0,40.0
695,9,4.0,40.0
696,15,4.0,40.0
697,13,4.0,40.0
698,16,4.0,40.0
699,10,4.0,40.0
700,6,4.0,40.0
701,7,4.0,40.0
702,9,4.0,40.0
703,9,4.0,40.0
704,9,4.0,40.0
705,12,4.0,40.0
706,16,4.0,40.0
707,11,4.0,40.0
708,11,4.0,40.0
709,9,4.0,40.0
710,14,4.0,40.0
711,9,4.0,40.0
712,11,4.0,40.0
713,8,4.0,40.0
714,15,4.0,40.0
715,9,4.0,40.0
716,13,4.0,40.0
717,12,4.0,40.0
718,7,4.0,40.0
719,13,4.0,40.0
720,8,4.0,40.0
721,7,4.0,40.0
722,8,4.0,40.0
723,17,4.0,40.0
724,11,4.0,40.0
725,12,4.0,40.0
726,9,4.0,40.0
727,8,4.0,40.0
728,11,4.0,40.0
729,10,4.0,40.0
730,8,4.0,40.0
731,11,4.0,40.0
732,9,4.0,40.0
733,6,4.0,40.0
734,12,4.0,40.0
735,8,4.0,40.0
736,8,4.0,40.0
737,12,4.0,40.0
738,7,4.0,40.0
739,12,4.0,40.0
740,14,4.0,40.0
741,9,4.0,40.0
742,11,4.0,40.0
743,9,4.0,40.0
744,9,4.0,40.0
745,16,4.0,40.0
746,14,4.0,40.0
747,7,4.0,40.0
748,10,4.0,40.0
749,5,4.0,40.0
750,7,4.0,40.0
751,9,4.0,40.0
752,15,4.0,40.0
753,13,4.0,40.0
754,11,4.0,40.0
755,9,4.0,40.0
756,10,4.0,40.0
757,10,4.0,40.0
758,15,4.0,40.0
759,13,4.0,40.0
760,10,4.0,40.0
761,18,4.0,40.0
762,8,4.0,40.0
763,15,4.0,40.0
764,11,4.0,40.0
765,10,4.0,40.0
766,15,4.0,40.0
767,11,4.0,40.0
768,9,4.0,40.0
769,14,4.0,40.0
770,11,4.0,40.0
771,9,4.0,40.0
772,11,4.0,40.0
773,9,4.0,40.0
774,11,4.0,40.0
775,11,4.0,40.0
776,8,4.0,40.0
777,12,4.0,40.0
778,8,4.0,40.0
779,7,4.0,40.0
780,7,4.0,40.0
781,7,4.0,40.0
782,6,4.0,40.0
783,7,4.0,40.0
784,10,4.0,40.0
785,10,4.0,40.0
786,15,4.0,40.0
787,15,4.0,40.0
788,18,4.0,40.0
789,14,4.0,40.0
790,10,4.0,40.0
791,9,4.0,40.0
792,8,4.0,40.0
793,13,4.0,40.0
794,13,4.0,40.0
795,9,4.0,40.0
796,13,4.0,40.0
797,7,4.0,40.0
798,7,4.0,40.0
799,7,4.0,40.0
800,7,4.0,40.0
801,10,4.0,40.0
802,12,4.0,40.0
803,11,4.0,40.0
804,17,4.0,40.0
805,16,4.0,40.0
806,11,4.0,40.0
807,8,4.0,40.0
808,9,4.0,40.0
809,2,4.0,40.0
810,9,4.0,40.0
811,7,4.0,40.0
812,14,4.0,40.0
813,14,4.0,40.0
814,3,4.0,40.0
815,10,4.0,40.0
816,7,4.0,40.0
817,10,4.0,40.0
818,14,4.0,40.0
819,7,4.0,40.0
820,20,4.0,40.0
821,2,4.0,40.0
822,8,4.0,40.0
823,9,4.0,40.0
824,3,4.0,40.0
825,8,4.0,40.0
826,7,4.0,40.0
827,5,4.0,40.0
828,9,4.0,40.0
829,5,4.0,40.0
830,19,4.0,40.0
831,6,4.0,40.0
832,8,4.0,40.0
833,16,4.0,40.0
834,8,4.0,40.0
835,13,4.0,40.0
836,11,4.0,40.0
837,6,4.0,40.0
838,6,4.0,40.0
839,11,4.0,40.0
840,8,4.0,40.0
841,11,4.0,40.0
842,8,4.0,40.0
843,4,4.0,40.0
844,11,4.0,40.0
845,10,4.0,40.0
846,11,4.0,40.0
847,10,4.0,40.0
848,14,4.0,40.0
849,5,4.0,40.0
850,9,4.0,40.0
851,14,4.0,40.0
852,7,4.0,40.0
853,5,4.0,40.0
854,7,4.0,40.0
855,5,4.0,40.0
856,9,4.0,40.0
857,6,4.0,40.0
858,4,4.0,40.0
859,9,4.0,40.0
860,9,4.0,40.0
861,9,4.0,40.0
862,11,4.0,40.0
863,10,4.0,40.0
864,8,4.0,40.0
865,10,4.0,40.0
866,9,4.0,40.0
867,10,4.0,40.0
868,10,4.0,40.0
869,11,4.0,40.0
870,12,4.0,40.0
871,13,4.0,40.0
872,7,4.0,40.0
873,5,4.0,40.0
874,5,4.0,40.0
875,9,4.0,40.0
876,6,4.0,40.0
877,8,4.0,40.0
878,7,4.0,40.0
879,7,4.0,40.0
880,12,4.0,40.0
881,10,4.0,40.0
882,7,4.0,40.0
883,11,4.0,40.0
884,7,4.0,40.0
885,8,4.0,40.0
886,2,4.0,40.0
887,11,4.0,40.0
888,12,4.0,40.0
889,8,4.0,40.0
890,15,4.0,40.0
891,6,4.0,40.0
892,6,4.0,40.0
893,11,4.0,40.0
894,4,4.0,40.0
895,5,4.0,40.0
896,4,4.0,40.0
897,9,4.0,40.0
898,8,4.0,40.0
899,5,4.0,40.0
900,9,4.0,40.0
901,6,4.0,40.0
902,14,4.0,40.0
903,6,4.0,40.0
904,1,4.0,40.0
905,4,4.0,40.0
906,8,4.0,40.0
907,2,4.0,40.0
908,10,4.0,40.0
909,7,4.0,40.0
910,6,4.0,40.0
911,6,4.0,40.0
912,10,4.0,40.0
913,6,4.0,40.0
914,7,4.0,40.0
915,5,4.0,40.0
916,11,4.0,40.0
917,5,4.0,40.0
918,10,4.0,40.0
919,6,4.0,40.0
920,7,4.0,40.0
921,9,4.0,40.0
922,8,4.0,40.0
923,4,4.0,40.0
924,12,4.0,40.0
925,8,4.0,40.0
926,7,4.0,40.0
927,12,4.0,40.0
928,5,4.0,40.0
929,7,4.0,40.0
930,6,4.0,40.0
931,4,4.0,40.0
932,8,4.0,40.0
933,7,4.0,40.0
934,7,4.0,40.0
935,3,4.0,40.0
936,7,4.0,40.0
937,5,4.0,40.0
938,7,4.0,40.0
939,3,4.0,40.0
940,11,4.0,40.0
941,4,4.0,40.0
942,5,4.0,40.0
943,4,4.0,40.0
944,6,4.0,40.0
945,5,4.0,40.0
946,10,4.0,40.0
948,4,4.0,40.0
949,6,4.0,40.0
950,7,4.0,40.0
951,10,4.0,40.0
952,2,4.0,40.0
953,11,4.0,40.0
954,5,4.0,40.0
955,9,4.0,40.0
956,3,4.0,40.0
957,1,4.0,40.0
958,5,4.0,40.0
959,6,4.0,40.0
960,8,4.0,40.0
961,7,4.0,40.0
962,12,4.0,40.0
963,7,4.0,40.0
964,11,4.0,40.0
965,2,4.0,40.0
966,6,4.0,40.0
967,6,4.0,40.0
968,5,4.0,40.0
969,3,4.0,40.0
970,2,4.0,40.0
971,6,4.0,40.0
972,6,4.0,40.0
973,4,4.0,40.0
974,3,4.0,40.0
975,11,4.0,40.0
976,9,4.0,40.0
977,8,4.0,40.0
978,6,4.0,40.0
979,2,4.0,40.0
980,4,4.0,40.0
981,13,4.0,40.0
982,6,4.0,40.0
983,7,4.0,40.0
984,8,4.0,40.0
985,11,4.0,40.0
986,8,4.0,40.0
987,7,4.0,40.0
988,5,4.0,40.0
989,5,4.0,40.0
990,5,4.0,40.0
991,8,4.0,40.0
992,6,4.0,40.0
993,7,4.0,40.0
994,6,4.0,40.0
995,10,4.0,40.0
996,7,4.0,40.0
997,4,4.0,40.0
998,6,4.0,40.0
999,13,4.0,40.0
1000,13,4.0,40.0
1001,4,4.0,40.0
1002,6,4.0,40.0
1003,12,4.0,40.0
1004,9,4.0,40.0
1005,4,4.0,40.0
1006,2,4.0,40.0
1007,7,4.0,40.0
1008,7,4.0,40.0
1009,5,4.0,40.0
1010,4,4.0,40.0
1011,5,4.0,40.0
1012,7,4.0,40.0
1013,3,4.0,40.0
1014,6,4.0,40.0
1015,3,4.0,40.0
1016,5,4.0,40.0
1017,10,4.0,40.0
1018,5,4.0,40.0
1019,10,4.0,40.0
1020,5,4.0,40.0
1021,7,4.0,40.0
1022,3,4.0,40.0
1023,7,4.0,40.0
1024,11,4.0,40.0
1025,8,4.0,40.0
1026,4,4.0,40.0
1027,7,4.0,40.0
1028,5,4.0,40.0
1029,7,4.0,40.0
1030,7,4.0,40.0
1031,6,4.0,40.0
1032,7,4.0,40.0
1033,8,4.0,40.0
1034,5,4.0,40.0
1035,7,4.0,40.0
1036,3,4.0,40.0
1037,4,4.0,40.0
1038,3,4.0,40.0
1039,5,4.0,40.0
1040,6,4.0,40.0
1041,4,4.0,40.0
1042,7,4.0,40.0
1043,8,4.0,40.0
1044,4,4.0,40.0
1045,3,4.0,40.0
1046,13,4.0,40.0
1047,6,4.0,40.0
1048,7,4.0,40.0
1049,5,4.0,40.0
1050,9,4.0,40.0
1051,9,4.0,40.0
1052,6,4.0,40.0
1053,10,4.0,40.0
1054,6,4.0,40.0
1055,4,4.0,40.0
1056,8,4.0,40.0
1057,1,4.0,40.0
1058,3,4.0,40.0
1059,4,4.0,40.0
1060,7,4.0,40.0
1061,8,4.0,40.0
1062,3,4.0,40.0
1063,6,4.0,40.0
1064,10,4.0,40.0
1065,5,4.0,40.0
1066,4,4.0,40.0
1067,3,4.0,40.0
1068,8,4.0,40.0
1069,2,4.0,40.0
1070,8,4.0,40.0
1071,6,4.0,40.0
1072,3,4.0,40.0
1073,4,4.0,40.0
1074,7,4.0,40.0
1075,4,4.0,40.0
1076,6,4.0,40.0
1077,7,4.0,40.0
1078,4,4.0,40.0
1079,1,4.0,40.0
1080,7,4.0,40.0
1081,5,4.0,40.0
1082,7,4.0,40.0
1083,7,4.0,40.0
1084,3,4.0,40.0
1085,7,4.0,40.0
1086,5,4.0,40.0
1087,7,4.0,40.0
1088,2,4.0,40.0
1089,2,4.0,40.0
1090,6,4.0,40.0
1091,10,4.0,40.0
1092,6,4.0,40.0
1093,5,4.0,40.0
1094,5,4.0,40.0
1095,11,4.0,40.0
1096,5,4.0,40.0
1097,5,4.0,40.0
1098,2,4.0,40.0
1099,1,4.0,40.0
1100,8,4.0,40.0
1101,10,4.0,40.0
1102,3,4.0,40.0
1103,4,4.0,40.0
1104,6,4.0,40.0
1105,9,4.0,40.0
1106,1,4.0,40.0
1107,6,4.0,40.0
1108,6,4.0,40.0
1109,3,4.0,40.0
1110,2,4.0,40.0
1111,6,4.0,40.0
1112,3,4.0,40.0
1113,1,4.0,40.0
1114,8,4.0,40.0
1115,9,4.0,40.0
1116,5,4.0,40.0
1117,2,4.0,40.0
1118,6,4.0,40.0
1119,1,4.0,40.0
1120,4,4.0,40.0
1121,3,4.0,40.0
1122,6,4.0,40.0
1123,7,4.0,40.0
1124,5,4.0,40.0
1125,7,4.0,40.0
1126,3,4.0,40.0
1127,6,4.0,40.0
1128,7,4.0,40.0
1129,7,4.0,40.0
1130,5,4.0,40.0
1131,10,4.0,40.0
1132,4,4.0,40.0
1133,10,4.0,40.0
1134,5,4.0,40.0
1135,2,4.0,40.0
1136,7,4.0,40.0
1137,9,4.0,40.0
1138,6,4.0,40.0
1139,3,4.0,40.0
1140,9,4.0,40.0
1141,8,4.0,40.0
1142,4,4.0,40.0
1143,2,4.0,40.0
1144,5,4.0,40.0
1145,8,4.0,40.0
1146,9,4.0,40.0
1147,4,4.0,40.0
1148,2,4.0,40.0
1149,6,4.0,40.0
1150,8,4.0,40.0
1151,3,4.0,40.0
1152,2,4.0,40.0
1153,2,4.0,40.0
1154,3,4.0,40.0
1155,2,4.0,40.0
1156,6,4.0,40.0
1157,6,4.0,40.0
1158,6,4.0,40.0
1159,8,4.0,40.0
1160,9,4.0,40.0
1161,8,4.0,40.0
1162,2,4.0,40.0
1163,3,4.0,40.0
1164,5,4.0,40.0
1165,2,4.0,40.0
1166,2,4.0,40.0
1167,2,4.0,40.0
1168,4,4.0,40.0
1169,2,4.0,40.0
1170,6,4.0,40.0
1171,6,4.0,40.0
1172,4,4.0,40.0
1173,4,4.0,40.0
1174,5,4.0,40.0
1175,3,4.0,40.0
1176,3,4.0,40.0
1177,2,4.0,40.0
1178,5,4.0,40.0
1179,8,4.0,40.0
1180,1,4.0,40.0
1181,5,4.0,40.0
1182,3,4.0,40.0
1183,9,4.0,40.0
1184,12,4.0,40.0
1185,3,4.0,40.0
1186,6,4.0,40.0
1187,5,4.0,40.0
1188,4,4.0,40.0
1190,11,4.0,40.0
1191,5,4.0,40.0
1192,3,4.0,40.0
1193,4,4.0,40.0
1194,8,4.0,40.0
1195,5,4.0,40.0
1196,3,4.0,40.0
1197,6,4.0,40.0
1198,5,4.0,40.0
1199,6,4.0,40.0
1200,3,4.0,40.0
1201,3,4.0,40.0
1202,7,4.0,40.0
1203,7,4.0,40.0
1204,3,4.0,40.0
1205,7,4.0,40.0
1206,7,4.0,40.0
1207,3,4.0,40.0
1208,1,4.0,40.0
1209,4,4.0,40.0
1210,4,4.0,40.0
1211,4,4.0,40.0
1212,2,4.0,40.0
1213,2,4.0,40.0
1214,6,4.0,40.0
1215,7,4.0,40.0
1216,1,4.0,40.0
1217,4,4.0,40.0
1218,2,4.0,40.0
1219,5,4.0,40.0
1220,1,4.0,40.0
1221,7,4.0,40.0
1222,1,4.0,40.0
1223,7,4.0,40.0
1224,7,4.0,40.0
1225,6,4.0,40.0
1226,4,4.0,40.0
1227,2,4.0,40.0
1228,4,4.0,40.0
1229,3,4.0,40.0
1230,4,4.0,40.0
1231,5,4.0,40.0
1232,2,4.0,40.0
1233,2,4.0,40.0
1234,3,4.0,40.0
1235,3,4.0,40.0
1236,3,4.0,40.0
1237,1,4.0,40.0
1238,1,4.0,40.0
1239,6,4.0,40.0
1240,7,4.0,40.0
1241,8,4.0,40.0
1242,4,4.0,40.0
1243,1,4.0,40.0
1244,4,4.0,40.0
1245,4,4.0,40.0
1246,5,4.0,40.0
1247,4,4.0,40.0
1248,4,4.0,40.0
1249,4,4.0,40.0
1250,3,4.0,40.0
1251,5,4.0,40.0
1252,3,4.0,40.0
1253,4,4.0,40.0
1254,8,4.0,40.0
1255,4,4.0,40.0
1256,6,4.0,40.0
1257,3,4.0,40.0
1258,3,4.0,40.0
1259,1,4.0,40.0
1260,3,4.0,40.0
1261,3,4.0,40.0
1262,3,4.0,40.0
1263,3,4.0,40.0
1264,3,4.0,40.0
1265,2,4.0,40.0
1266,1,4.0,40.0
1267,5,4.0,40.0
1268,4,4.0,40.0
1269,4,4.0,40.0
1270,3,4.0,40.0
1271,3,4.0,40.0
1272,3,4.0,40.0
1273,3,4.0,40.0
1274,7,4.0,40.0
1275,7,4.0,40.0
1276,3,4.0,40.0
1277,7,4.0,40.0
1278,2,4.0,40.0
1279,2,4.0,40.0
1280,2,4.0,40.0
1281,5,4.0,40.0
1282,2,4.0,40.0
1283,3,4.0,40.0
1284,6,4.0,40.0
1285,5,4.0,40.0
1286,5,4.0,40.0
1287,3,4.0,40.0
1288,1,4.0,40.0
1289,4,4.0,40.0
1290,4,4.0,40.0
1291,4,4.0,40.0
1292,5,4.0,40.0
1293,7,4.0,40.0
1294,1,4.0,40.0
1295,5,4.0,40.0
1296,2,4.0,40.0
1297,3,4.0,40.0
1298,5,4.0,40.0
1299,1,4.0,40.0
1300,6,4.0,40.0
1301,8,4.0,40.0
1302,3,4.0,40.0
1303,3,4.0,40.0
1304,3,4.0,40.0
1305,3,4.0,40.0
1306,1,4.0,40.0
1307,8,4.0,40.0
1308,3,4.0,40.0
1309,4,4.0,40.0
1310,4,4.0,40.0
1311,3,4.0,40.0
1312,4,4.0,40.0
1313,5,4.0,40.0
1314,4,4.0,40.0
1315,2,4.0,40.0
1316,1,4.0,40.0
1317,4,4.0,40.0
1318,3,4.0,40.0
1319,1,4.0,40.0
1320,1,4.0,40.0
1321,4,4.0,40.0
1322,3,4.0,40.0
1323,3,4.0,40.0
1324,2,4.0,40.0
1325,2,4.0,40.0
1326,3,4.0,40.0
1327,4,4.0,40.0
1328,1,4.0,40.0
1329,2,4.0,40.0
1330,2,4.0,40.0
1332,2,4.0,40.0
1333,3,4.0,40.0
1334,6,4.0,40.0
1335,4,4.0,40.0
1336,2,4.0,40.0
1337,2,4.0,40.0
1338,1,4.0,40.0
1339,6,4.0,40.0
1340,3,4.0,40.0
1341,3,4.0,40.0
1342,2,4.0,40.0
1343,1,4.0,40.0
1344,4,4.0,40.0
1345,4,4.0,40.0
1346,6,4.0,40.0
1347,4,4.0,40.0
1348,3,4.0,40.0
1349,2,4.0,40.0
1350,2,4.0,40.0
1351,3,4.0,40.0
1352,2,4.0,40.0
1354,5,4.0,40.0
1355,4,4.0,40.0
1356,3,4.0,40.0
1357,6,4.0,40.0
1358,2,4.0,40.0
1359,8,4.0,40.0
1360,2,4.0,40.0
1361,5,4.0,40.0
1362,4,4.0,40.0
1363,4,4.0,40.0
1364,6,4.0,40.0
1365,4,4.0,40.0
1366,6,4.0,40.0
1367,4,4.0,40.0
1368,2,4.0,40.0
1369,7,4.0,40.0
1370,3,4.0,40.0
1371,1,4.0,40.0
1372,3,4.0,40.0
1374,4,4.0,40.0
1375,3,4.0,40.0
1376,5,4.0,40.0
1377,2,4.0,40.0
1378,4,4.0,40.0
1379,3,4.0,40.0
1380,3,4.0,40.0
1381,2,4.0,40.0
1382,3,4.0,40.0
1383,4,4.0,40.0
1384,4,4.0,40.0
1385,4,4.0,40.0
1386,1,4.0,40.0
1387,1,4.0,40.0
1388,1,4.0,40.0
1389,2,4.0,40.0
1391,4,4.0,40.0
1392,2,4.0,40.0
1393,1,4.0,40.0
1394,2,4.0,40.0
1395,1,4.0,40.0
1396,4,4.0,40.0
1397,7,4.0,40.0
1398,1,4.0,40.0
1399,3,4.0,40.0
1400,3,4.0,40.0
1401,3,4.0,40.0
1402,6,4.0,40.0
1403,1,4.0,40.0
1404,2,4.0,40.0
1405,2,4.0,40.0
1406,4,4.0,40.0
1407,6,4.0,40.0
1408,4,4.0,40.0
1409,2,4.0,40.0
1410,3,4.0,40.0
1411,2,4.0,40.0
1412,4,4.0,40.0
1413,2,4.0,40.0
1414,7,4.0,40.0
1416,5,4.0,40.0
1418,4,4.0,40.0
1419,1,4.0,40.0
1421,2,4.0,40.0
1422,6,4.0,40.0
1423,3,4.0,40.0
1424,4,4.0,40.0
1425,1,4.0,40.0
1426,3,4.0,40.0
1427,3,4.0,40.0
1428,4,4.0,40.0
1429,1,4.0,40.0
1430,3,4.0,40.0
1431,3,4.0,40.0
1432,5,4.0,40.0
1433,2,4.0,40.0
1434,5,4.0,40.0
1435,1,4.0,40.0
1436,4,4.0,40.0
1437,2,4.0,40.0
1438,5,4.0,40.0
1439,5,4.0,40.0
1440,6,4.0,40.0
1441,3,4.0,40.0
1442,3,4.0,40.0
1443,5,4.0,40.0
1444,4,4.0,40.0
1445,3,4.0,40.0
1446,6,4.0,40.0
1447,2,4.0,40.0
1448,2,4.0,40.0
1449,5,4.0,40.0
1450,4,4.0,40.0
1451,4,4.0,40.0
1452,4,4.0,40.0
1453,4,4.0,40.0
1454,3,4.0,40.0
1455,3,4.0,40.0
1456,2,4.0,40.0
1457,6,4.0,40.0
1458,1,4.0,40.0
1459,2,4.0,40.0
1460,3,4.0,40.0
1461,2,4.0,40.0
1462,1,4.0,40.0
1463,4,4.0,40.0
1464,3,4.0,40.0
1465,1,4.0,40.0
1466,3,4.0,40.0
1467,3,4.0,40.0
1468,6,4.0,40.0
1469,4,4.0,40.0
1470,2,4.0,40.0
1471,1,4.0,40.0
1472,3,4.0,40.0
1473,2,4.0,40.0
1474,4,4.0,40.0
1475,3,4.0,40.0
1476,3,4.0,40.0
1477,4,4.0,40.0
1478,1,4.0,40.0
1479,3,4.0,40.0
1480,2,4.0,40.0
1481,1,4.0,40.0
1482,2,4.0,40.0
1484,2,4.0,40.0
1487,5,4.0,40.0
1488,4,4.0,40.0
1489,4,4.0,40.0
1490,3,4.0,40.0
1491,2,4.0,40.0
1492,1,4.0,40.0
1494,7,4.0,40.0
1495,5,4.0,40.0
1496,3,4.0,40.0
1497,2,4.0,40.0
1498,3,4.0,40.0
1499,2,4.0,40.0
1500,4,4.0,40.0
1501,1,4.0,40.0
1502,5,4.0,40.0
1503,5,4.0,40.0
1504,1,4.0,40.0
1505,1,4.0,40.0
1506,4,4.0,40.0
1507,4,4.0,40.0
1508,1,4.0,40.0
1509,4,4.0,40.0
1510,2,4.0,40.0
1511,2,4.0,40.0
1512,1,4.0,40.0
1514,2,4.0,40.0
1515,4,4.0,40.0
1517,1,4.0,40.0
1518,2,4.0,40.0
1519,3,4.0,40.0
1520,3,4.0,40.0
1521,2,4.0,40.0
1522,1,4.0,40.0
1523,2,4.0,40.0
1525,1,4.0,40.0
1526,5,4.0,40.0
1527,5,4.0,40.0
1529,1,4.0,40.0
1530,1,4.0,40.0
1531,8,4.0,40.0
1532,2,4.0,40.0
1533,4,4.0,40.0
1535,4,4.0,40.0
1536,1,4.0,40.0
1537,3,4.0,40.0
1538,7,4.0,40.0
1539,1,4.0,40.0
1540,3,4.0,40.0
1541,2,4.0,40.0
1542,3,4.0,40.0
1543,2,4.0,40.0
1544,3,4.0,40.0
1545,3,4.0,40.0
1546,4,4.0,40.0
1547,2,4.0,40.0
1548,3,4.0,40.0
1549,1,4.0,40.0
1550,2,4.0,40.0
1551,1,4.0,40.0
1552,5,4.0,40.0
1553,2,4.0,40.0
1554,2,4.0,40.0
1555,3,4.0,40.0
1556,2,4.0,40.0
1557,2,4.0,40.0
1558,2,4.0,40.0
1559,3,4.0,40.0
1560,3,4.0,40.0
1561,4,4.0,40.0
1563,3,4.0,40.0
1564,1,4.0,40.0
1565,2,4.0,40.0
1566,2,4.0,40.0
1567,1,4.0,40.0
1568,2,4.0,40.0
1569,1,4.0,40.0
1570,7,4.0,40.0
1572,2,4.0,40.0
1573,4,4.0,40.0
1574,2,4.0,40.0
1575,1,4.0,40.0
1576,2,4.0,40.0
1577,3,4.0,40.0
1578,3,4.0,40.0
1580,1,4.0,40.0
1581,3,4.0,40.0
1582,3,4.0,40.0
1584,4,4.0,40.0
1585,2,4.0,40.0
1586,1,4.0,40.0
1587,4,4.0,40.0
1588,2,4.0,40.0
1590,4,4.0,40.0
1591,3,4.0,40.0
1593,1,4.0,40.0
1594,1,4.0,40.0
1595,1,4.0,40.0
1596,4,4.0,40.0
1597,2,4.0,40.0
1598,3,4.0,40.0
1599,1,4.0,40.0
1600,4,4.0,40.0
1601,1,4.0,40.0
1602,3,4.0,40.0
1603,3,4.0,40.0
1604,2,4.0,40.0
1605,2,4.0,40.0
1606,1,4.0,40.0
1607,1,4.0,40.0
1608,1,4.0,40.0
1609,6,4.0,40.0
1610,2,4.0,40.0
1611,3,4.0,40.0
1612,1,4.0,40.0
1613,3,4.0,40.0
1614,4,4.0,40.0
1615,2,4.0,40.0
1616,4,4.0,40.0
1617,2,4.0,40.0
1618,3,4.0,40.0
1619,1,4.0,40.0
1620,3,4.0,40.0
1621,3,4.0,40.0
1622,2,4.0,40.0
1623,3,4.0,40.0
1624,2,4.0,40.0
1625,1,4.0,40.0
1626,5,4.0,40.0
1627,1,4.0,40.0
1628,3,4.0,40.0
1630,3,4.0,40.0
1631,2,4.0,40.0
1633,2,4.0,40.0
1634,8,4.0,40.0
1635,4,4.0,40.0
1636,2,4.0,40.0
1638,1,4.0,40.0
1639,3,4.0,40.0
1640,5,4.0,40.0
1641,5,4.0,40.0
1642,1,4.0,40.0
1643,6,4.0,40.0
1645,2,4.0,40.0
1646,2,4.0,40.0
1647,2,4.0,40.0
1648,9,4.0,40.0
1649,3,4.0,40.0
1650,7,4.0,40.0
1651,3,4.0,40.0
1653,3,4.0,40.0
1655,3,4.0,40.0
1656,1,4.0,40.0
1657,2,4.0,40.0
1658,2,4.0,40.0
1660,1,4.0,40.0
1661,1,4.0,40.0
1662,4,4.0,40.0
1663,5,4.0,40.0
1664,2,4.0,40.0
1666,3,4.0,40.0
1667,2,4.0,40.0
1669,1,4.0,40.0
1670,2,4.0,40.0
1672,2,4.0,40.0
1673,2,4.0,40.0
1674,2,4.0,40.0
1675,1,4.0,40.0
1676,1,4.0,40.0
1677,2,4.0,40.0
1678,2,4.0,40.0
1679,3,4.0,40.0
1680,2,4.0,40.0
1681,5,4.0,40.0
1682,1,4.0,40.0
1683,2,4.0,40.0
1684,2,4.0,40.0
1687,2,4.0,40.0
1688,3,4.0,40.0
1689,3,4.0,40.0
1690,1,4.0,40.0
1691,6,4.0,40.0
1692,5,4.0,40.0
1694,1,4.0,40.0
1695,2,4.0,40.0
1696,3,4.0,40.0
1697,1,4.0,40.0
1698,1,4.0,40.0
1699,2,4.0,40.0
1700,1,4.0,40.0
1701,1,4.0,40.0
1702,1,4.0,40.0
1703,1,4.0,40.0
1704,1,4.0,40.0
1705,5,4.0,40.0
1706,2,4.0,40.0
1707,2,4.0,40.0
1708,1,4.0,40.0
1709,1,4.0,40.0
1710,1,4.0,40.0
1711,7,4.0,40.0
1712,4,4.0,40.0
1713,4,4.0,40.0
1714,3,4.0,40.0
1715,2,4.0,40.0
1716,1,4.0,40.0
1718,3,4.0,40.0
1719,1,4.0,40.0
1720,1,4.0,40.0
1721,1,4.0,40.0
1722,2,4.0,40.0
1726,3,4.0,40.0
1727,3,4.0,40.0
1728,4,4.0,40.0
1729,1,4.0,40.0
1730,1,4.0,40.0
1731,2,4.0,40.0
1733,2,4.0,40.0
1734,1,4.0,40.0
1735,2,4.0,40.0
1736,3,4.0,40.0
1737,1,4.0,40.0
1740,6,4.0,40.0
1741,1,4.0,40.0
1742,3,4.0,40.0
1743,3,4.0,40.0
1744,1,4.0,40.0
1745,2,4.0,40.0
1746,1,4.0,40.0
1747,2,4.0,40.0
1748,2,4.0,40.0
1749,1,4.0,40.0
1751,2,4.0,40.0
1752,2,4.0,40.0
1753,4,4.0,40.0
1754,3,4.0,40.0
1755,2,4.0,40.0
1756,2,4.0,40.0
1758,1,4.0,40.0
1759,3,4.0,40.0
1760,1,4.0,40.0
1761,2,4.0,40.0
1762,2,4.0,40.0
1763,2,4.0,40.0
1764,3,4.0,40.0
1765,1,4.0,40.0
1766,4,4.0,40.0
1767,3,4.0,40.0
1768,1,4.0,40.0
1769,2,4.0,40.0
1770,6,4.0,40.0
1771,2,4.0,40.0
1772,1,4.0,40.0
1773,1,4.0,40.0
1774,2,4.0,40.0
1775,2,4.0,40.0
1776,2,4.0,40.0
1777,2,4.0,40.0
1779,2,4.0,40.0
1781,1,4.0,40.0
1782,1,4.0,40.0
1784,1,4.0,40.0
1785,1,4.0,40.0
1786,3,4.0,40.0
1791,3,4.0,40.0
1792,3,4.0,40.0
1793,1,4.0,40.0
1794,1,4.0,40.0
1796,2,4.0,40.0
1797,2,4.0,40.0
1798,2,4.0,40.0
1799,2,4.0,40.0
1801,3,4.0,40.0
1804,1,4.0,40.0
1805,4,4.0,40.0
1806,2,4.0,40.0
1807,1,4.0,40.0
1808,2,4.0,40.0
1809,3,4.0,40.0
1811,4,4.0,40.0
1812,1,4.0,40.0
1813,2,4.0,40.0
1814,1,4.0,40.0
1815,2,4.0,40.0
1816,1,4.0,40.0
1817,2,4.0,40.0
1820,3,4.0,40.0
1821,3,4.0,40.0
1822,2,4.0,40.0
1823,1,4.0,40.0
1828,1,4.0,40.0
1829,1,4.0,40.0
1830,1,4.0,40.0
1831,2,4.0,40.0
1833,4,4.0,40.0
1834,2,4.0,40.0
1835,1,4.0,40.0
1836,1,4.0,40.0
1837,4,4.0,40.0
1839,2,4.0,40.0
1840,2,4.0,40.0
1841,1,4.0,40.0
1843,1,4.0,40.0
1844,4,4.0,40.0
1848,2,4.0,40.0
1851,3,4.0,40.0
1852,1,4.0,40.0
1853,2,4.0,40.0
1855,5,4.0,40.0
1857,3,4.0,40.0
1858,1,4.0,40.0
1860,1,4.0,40.0
1861,4,4.0,40.0
1862,4,4.0,40.0
1863,1,4.0,40.0
1864,2,4.0,40.0
1865,2,4.0,40.0
1866,1,4.0,40.0
1867,2,4.0,40.0
1868,1,4.0,40.0
1869,1,4.0,40.0
1870,3,4.0,40.0
1872,1,4.0,40.0
1873,1,4.0,40.0
1874,2,4.0,40.0
1875,2,4.0,40.0
1876,1,4.0,40.0
1877,3,4.0,40.0
1878,4,4.0,40.0
1879,1,4.0,40.0
1881,1,4.0,40.0
1883,4,4.0,40.0
1884,1,4.0,40.0
1885,3,4.0,40.0
1888,2,4.0,40.0
1891,2,4.0,40.0
1892,2,4.0,40.0
1893,1,4.0,40.0
1894,1,4.0,40.0
1895,2,4.0,40.0
1896,2,4.0,40.0
1897,2,4.0,40.0
1898,1,4.0,40.0
1899,2,4.0,40.0
1900,1,4.0,40.0
1901,2,4.0,40.0
1902,1,4.0,40.0
1903,2,4.0,40.0
1904,2,4.0,40.0
1905,1,4.0,40.0
1907,2,4.0,40.0
1908,4,4.0,40.0
1909,1,4.0,40.0
1911,3,4.0,40.0
1912,2,4.0,40.0
1914,2,4.0,40.0
1915,2,4.0,40.0
1917,2,4.0,40.0
1918,3,4.0,40.0
1919,1,4.0,40.0
1920,4,4.0,40.0
1922,1,4.0,40.0
1924,1,4.0,40.0
1925,2,4.0,40.0
1929,2,4.0,40.0
1930,4,4.0,40.0
1931,2,4.0,40.0
1933,3,4.0,40.0
1934,3,4.0,40.0
1935,1,4.0,40.0
1936,3,4.0,40.0
1937,3,4.0,40.0
1938,3,4.0,40.0
1940,1,4.0,40.0
1941,1,4.0,40.0
1943,3,4.0,40.0
1945,2,4.0,40.0
1947,4,4.0,40.0
1948,1,4.0,40.0
1949,3,4.0,40.0
1951,3,4.0,40.0
1952,1,4.0,40.0
1953,3,4.0,40.0
1954,4,4.0,40.0
1955,2,4.0,40.0
1957,3,4.0,40.0
1961,2,4.0,40.0
1962,2,4.0,40.0
1964,2,4.0,40.0
1967,2,4.0,40.0
1968,1,4.0,40.0
1969,3,4.0,40.0
1970,2,4.0,40.0
1971,1,4.0,40.0
1972,2,4.0,40.0
1973,1,4.0,40.0
1974,1,4.0,40.0
1975,1,4.0,40.0
1976,1,4.0,40.0
1981,2,4.0,40.0
1982,1,4.0,40.0
1983,1,4.0,40.0
1984,2,4.0,40.0
1986,1,4.0,40.0
1987,1,4.0,40.0
1988,1,4.0,40.0
1989,2,4.0,40.0
1991,2,4.0,40.0
1994,4,4.0,40.0
1995,1,4.0,40.0
1996,1,4.0,40.0
1997,1,4.0,40.0
1998,1,4.0,40.0
2000,1,4.0,40.0
2001,4,4.0,40.0
2002,2,4.0,40.0
2003,5,4.0,40.0
2009,3,4.0,40.0
2010,1,4.0,40.0
2011,2,4.0,40.0
2012,1,4.0,40.0
2017,1,4.0,40.0
2018,1,4.0,40.0
2019,1,4.0,40.0
2020,1,4.0,40.0
2022,1,4.0,40.0
2023,1,4.0,40.0
2026,3,4.0,40.0
2027,1,4.0,40.0
2028,2,4.0,40.0
2030,5,4.0,40.0
2031,1,4.0,40.0
2033,2,4.0,40.0
2035,2,4.0,40.0
2041,2,4.0,40.0
2042,1,4.0,40.0
2043,1,4.0,40.0
2044,1,4.0,40.0
2045,2,4.0,40.0
2047,1,4.0,40.0
2050,3,4.0,40.0
2051,2,4.0,40.0
2054,2,4.0,40.0
2055,2,4.0,40.0
2057,1,4.0,40.0
2058,1,4.0,40.0
2059,1,4.0,40.0
2060,2,4.0,40.0
2064,2,4.0,40.0
2065,1,4.0,40.0
2068,1,4.0,40.0
2069,2,4.0,40.0
2070,1,4.0,40.0
2072,2,4.0,40.0
2073,1,4.0,40.0
2074,1,4.0,40.0
2075,1,4.0,40.0
2077,1,4.0,40.0
2080,2,4.0,40.0
2081,1,4.0,40.0
2082,1,4.0,40.0
2087,1,4.0,40.0
2088,3,4.0,40.0
2089,1,4.0,40.0
2090,1,4.0,40.0
2091,1,4.0,40.0
2093,3,4.0,40.0
2094,2,4.0,40.0
2095,1,4.0,40.0
2096,4,4.0,40.0
2098,2,4.0,40.0
2100,2,4.0,40.0
2101,2,4.0,40.0
2102,1,4.0,40.0
2103,2,4.0,40.0
2105,1,4.0,40.0
2107,1,4.0,40.0
2109,2,4.0,40.0
2111,2,4.0,40.0
2114,1,4.0,40.0
2115,3,4.0,40.0
2116,2,4.0,40.0
2120,1,4.0,40.0
2121,1,4.0,40.0
2123,1,4.0,40.0
2124,1,4.0,40.0
2125,1,4.0,40.0
2126,1,4.0,40.0
2127,1,4.0,40.0
2128,1,4.0,40.0
2129,1,4.0,40.0
2131,1,4.0,40.0
2133,1,4.0,40.0
2135,2,4.0,40.0
2136,1,4.0,40.0
2138,2,4.0,40.0
2142,1,4.0,40.0
2143,2,4.0,40.0
2144,1,4.0,40.0
2146,1,4.0,40.0
2147,1,4.0,40.0
2150,1,4.0,40.0
2151,2,4.0,40.0
2152,1,4.0,40.0
2154,2,4.0,40.0
2155,2,4.0,40.0
2156,1,4.0,40.0
2158,1,4.0,40.0
2163,1,4.0,40.0
2168,3,4.0,40.0
2169,1,4.0,40.0
2170,4,4.0,40.0
2172,2,4.0,40.0
2174,2,4.0,40.0
2175,2,4.0,40.0
2177,4,4.0,40.0
2178,1,4.0,40.0
2180,1,4.0,40.0
2181,1,4.0,40.0
2183,1,4.0,40.0
2185,1,4.0,40.0
2187,1,4.0,40.0
2188,4,4.0,40.0
2189,3,4.0,40.0
2194,2,4.0,40.0
2196,2,4.0,40.0
2199,1,4.0,40.0
2200,1,4.0,40.0
2201,2,4.0,40.0
2203,1,4.0,40.0
2206,1,4.0,40.0
2207,4,4.0,40.0
2209,2,4.0,40.0
2210,2,4.0,40.0
2213,2,4.0,40.0
2216,4,4.0,40.0
2217,1,4.0,40.0
2218,2,4.0,40.0
2220,1,4.0,40.0
2223,3,4.0,40.0
2225,1,4.0,40.0
2226,2,4.0,40.0
2227,1,4.0,40.0
2228,2,4.0,40.0
2229,1,4.0,40.0
2230,2,4.0,40.0
2233,3,4.0,40.0
2234,1,4.0,40.0
2235,2,4.0,40.0
2236,2,4.0,40.0
2237,1,4.0,40.0
2239,1,4.0,40.0
2241,3,4.0,40.0
2242,1,4.0,40.0
2244,2,4.0,40.0
2245,1,4.0,40.0
2246,2,4.0,40.0
2247,2,4.0,40.0
2249,1,4.0,40.0
2250,4,4.0,40.0
2252,1,4.0,40.0
2253,1,4.0,40.0
2256,2,4.0,40.0
2257,2,4.0,40.0
2259,2,4.0,40.0
2260,1,4.0,40.0
2261,1,4.0,40.0
2262,1,4.0,40.0
2264,1,4.0,40.0
2265,1,4.0,40.0
2268,1,4.0,40.0
2269,1,4.0,40.0
2270,2,4.0,40.0
2272,1,4.0,40.0
2273,1,4.0,40.0
2275,2,4.0,40.0
2276,2,4.0,40.0
2279,1,4.0,40.0
2280,1,4.0,40.0
2284,1,4.0,40.0
2287,1,4.0,40.0
2288,1,4.0,40.0
2290,3,4.0,40.0
2292,2,4.0,40.0
2293,2,4.0,40.0
2294,1,4.0,40.0
2295,2,4.0,40.0
2296,1,4.0,40.0
2298,1,4.0,40.0
2299,1,4.0,40.0
2300,1,4.0,40.0
2301,1,4.0,40.0
2302,1,4.0,40.0
2305,1,4.0,40.0
2306,3,4.0,40.0
2307,3,4.0,40.0
2308,1,4.0,40.0
2309,1,4.0,40.0
2311,2,4.0,40.0
2313,3,4.0,40.0
2315,2,4.0,40.0
2316,2,4.0,40.0
2317,2,4.0,40.0
2321,1,4.0,40.0
2322,1,4.0,40.0
2326,1,4.0,40.0
2327,2,4.0,40.0
2329,3,4.0,40.0
2330,3,4.0,40.0
2335,1,4.0,40.0
2336,2,4.0,40.0
2337,1,4.0,40.0
2339,1,4.0,40.0
2340,4,4.0,40.0
2342,1,4.0,40.0
2343,1,4.0,40.0
2344,1,4.0,40.0
2347,2,4.0,40.0
2348,1,4.0,40.0
2350,3,4.0,40.0
2351,1,4.0,40.0
2352,2,4.0,40.0
2354,1,4.0,40.0
2355,2,4.0,40.0
2356,1,4.0,40.0
2357,1,4.0,40.0
2359,1,4.0,40.0
2360,1,4.0,40.0
2361,1,4.0,40.0
2362,1,4.0,40.0
2364,1,4.0,40.0
2366,2,4.0,40.0
2367,1,4.0,40.0
2370,1,4.0,40.0
2372,3,4.0,40.0
2373,1,4.0,40.0
2379,1,4.0,40.0
2381,2,4.0,40.0
2382,1,4.0,40.0
2383,2,4.0,40.0
2387,1,4.0,40.0
2389,1,4.0,40.0
2390,2,4.0,40.0
2391,1,4.0,40.0
2392,1,4.0,40.0
2393,1,4.0,40.0
2395,1,4.0,40.0
2396,2,4.0,40.0
2398,1,4.0,40.0
2399,1,4.0,40.0
2401,1,4.0,40.0
2407,1,4.0,40.0
2412,3,4.0,40.0
2415,1,4.0,40.0
2419,1,4.0,40.0
2420,2,4.0,40.0
2421,2,4.0,40.0
2422,1,4.0,40.0
2423,2,4.0,40.0
2424,1,4.0,40.0
2425,1,4.0,40.0
2426,1,4.0,40.0
2427,1,4.0,40.0
2432,1,4.0,40.0
2434,1,4.0,40.0
2436,1,4.0,40.0
2437,2,4.0,40.0
2439,1,4.0,40.0
2441,2,4.0,40.0
2444,2,4.0,40.0
2446,1,4.0,40.0
2449,1,4.0,40.0
2452,1,4.0,40.0
2454,2,4.0,40.0
2456,1,4.0,40.0
2457,1,4.0,40.0
2458,1,4.0,40.0
2465,1,4.0,40.0
2467,1,4.0,40.0
2468,1,4.0,40.0
2469,1,4.0,40.0
2472,1,4.0,40.0
2473,1,4.0,40.0
2474,1,4.0,40.0
2476,1,4.0,40.0
2478,1,4.0,40.0
2481,1,4.0,40.0
2482,2,4.0,40.0
2485,1,4.0,40.0
2489,2,4.0,40.0
2490,1,4.0,40.0
2492,1,4.0,40.0
2493,1,4.0,40.0
2494,1,4.0,40.0
2496,1,4.0,40.0
2497,1,4.0,40.0
2498,3,4.0,40.0
2502,1,4.0,40.0
2508,1,4.0,40.0
2511,3,4.0,40.0
2513,1,4.0,40.0
2515,2,4.0,40.0
2516,2,4.0,40.0
2519,1,4.0,40.0
2523,3,4.0,40.0
2528,1,4.0,40.0
2530,2,4.0,40.0
2531,2,4.0,40.0
2533,1,4.0,40.0
2534,2,4.0,40.0
2535,1,4.0,40.0
2537,1,4.0,40.0
2538,1,4.0,40.0
2541,2,4.0,40.0
2543,1,4.0,40.0
2547,1,4.0,40.0
2549,1,4.0,40.0
2551,1,4.0,40.0
2552,1,4.0,40.0
2555,1,4.0,40.0
2556,1,4.0,40.0
2557,1,4.0,40.0
2558,1,4.0,40.0
2559,1,4.0,40.0
2563,1,4.0,40.0
2564,2,4.0,40.0
2565,1,4.0,40.0
2567,2,4.0,40.0
2569,2,4.0,40.0
2570,1,4.0,40.0
2571,1,4.0,40.0
2573,1,4.0,40.0
2574,1,4.0,40.0
2579,1,4.0,40.0
2589,1,4.0,40.0
2592,2,4.0,40.0
2594,1,4.0,40.0
2595,1,4.0,40.0
2600,1,4.0,40.0
2603,1,4.0,40.0
2604,1,4.0,40.0
2609,1,4.0,40.0
2611,1,4.0,40.0
2613,1,4.0,40.0
2615,1,4.0,40.0
2617,1,4.0,40.0
2619,1,4.0,40.0
2621,1,4.0,40.0
2622,1,4.0,40.0
2624,1,4.0,40.0
2625,1,4.0,40.0
2626,1,4.0,40.0
2627,1,4.0,40.0
2632,1,4.0,40.0
2634,1,4.0,40.0
2635,2,4.0,40.0
2636,1,4.0,40.0
2637,2,4.0,40.0
2640,2,4.0,40.0
2641,1,4.0,40.0
2642,3,4.0,40.0
2644,1,4.0,40.0
2649,1,4.0,40.0
2650,1,4.0,40.0
2651,2,4.0,40.0
2652,2,4.0,40.0
2654,1,4.0,40.0
2656,1,4.0,40.0
2665,1,4.0,40.0
2669,4,4.0,40.0
2670,1,4.0,40.0
2672,1,4.0,40.0
2680,3,4.0,40.0
2682,1,4.0,40.0
2683,1,4.0,40.0
2684,1,4.0,40.0
2689,2,4.0,40.0
2693,1,4.0,40.0
2694,1,4.0,40.0
2700,1,4.0,40.0
2701,1,4.0,40.0
2703,1,4.0,40.0
2704,1,4.0,40.0
2705,1,4.0,40.0
2711,2,4.0,40.0
2713,2,4.0,40.0
2714,2,4.0,40.0
2715,1,4.0,40.0
2716,1,4.0,40.0
2718,3,4.0,40.0
2722,1,4.0,40.0
2723,1,4.0,40.0
2726,1,4.0,40.0
2727,2,4.0,40.0
2729,1,4.0,40.0
2731,1,4.0,40.0
2733,2,4.0,40.0
2734,3,4.0,40.0
2737,3,4.0,40.0
2738,3,4.0,40.0
2741,1,4.0,40.0
2742,2,4.0,40.0
2745,1,4.0,40.0
2747,2,4.0,40.0
2748,1,4.0,40.0
2755,1,4.0,40.0
2756,1,4.0,40.0
2757,1,4.0,40.0
2761,1,4.0,40.0
2762,1,4.0,40.0
2773,1,4.0,40.0
2775,1,4.0,40.0
2778,1,4.0,40.0
2781,1,4.0,40.0
2783,1,4.0,40.0
2790,2,4.0,40.0
2791,1,4.0,40.0
2794,1,4.0,40.0
2795,1,4.0,40.0
2797,1,4.0,40.0
2803,1,4.0,40.0
2805,1,4.0,40.0
2807,2,4.0,40.0
2810,1,4.0,40.0
2816,1,4.0,40.0
2818,1,4.0,40.0
2819,1,4.0,40.0
2822,1,4.0,40.0
2824,1,4.0,40.0
2826,1,4.0,40.0
2830,1,4.0,40.0
2831,2,4.0,40.0
2833,2,4.0,40.0
2834,1,4.0,40.0
2835,1,4.0,40.0
2838,1,4.0,40.0
2839,1,4.0,40.0
2841,1,4.0,40.0
2843,1,4.0,40.0
2844,1,4.0,40.0
2846,1,4.0,40.0
2849,1,4.0,40.0
2851,1,4.0,40.0
2853,1,4.0,40.0
2858,1,4.0,40.0
2862,1,4.0,40.0
2865,1,4.0,40.0
2867,1,4.0,40.0
2868,2,4.0,40.0
2872,2,4.0,40.0
2875,1,4.0,40.0
2876,1,4.0,40.0
2877,1,4.0,40.0
2882,1,4.0,40.0
2884,1,4.0,40.0
2905,2,4.0,40.0
2907,1,4.0,40.0
2908,2,4.0,40.0
2909,1,4.0,40.0
2911,1,4.0,40.0
2915,1,4.0,40.0
2916,1,4.0,40.0
2919,1,4.0,40.0
2921,1,4.0,40.0
2923,1,4.0,40.0
2924,1,4.0,40.0
2925,1,4.0,40.0
2929,2,4.0,40.0
2937,1,4.0,40.0
2941,1,4.0,40.0
2942,2,4.0,40.0
2946,2,4.0,40.0
2950,2,4.0,40.0
2954,1,4.0,40.0
2957,1,4.0,40.0
2960,2,4.0,40.0
2961,1,4.0,40.0
2962,1,4.0,40.0
2963,3,4.0,40.0
2964,1,4.0,40.0
2966,1,4.0,40.0
2969,2,4.0,40.0
2975,1,4.0,40.0
2979,2,4.0,40.0
2983,1,4.0,40.0
2988,1,4.0,40.0
2990,1,4.0,40.0
2994,1,4.0,40.0
2997,2,4.0,40.0
2998,2,4.0,40.0
2999,1,4.0,40.0
3000,2,4.0,40.0
3001,1,4.0,40.0
3004,1,4.0,40.0
3009,2,4.0,40.0
3011,3,4.0,40.0
3012,1,4.0,40.0
3015,1,4.0,40.0
3017,1,4.0,40.0
3020,3,4.0,40.0
3021,1,4.0,40.0
3022,1,4.0,40.0
3026,1,4.0,40.0
3028,1,4.0,40.0
3034,1,4.0,40.0
3040,1,4.0,40.0
3044,1,4.0,40.0
3048,1,4.0,40.0
3050,1,4.0,40.0
3062,1,4.0,40.0
3063,1,4.0,40.0
3064,1,4.0,40.0
3066,1,4.0,40.0
3070,1,4.0,40.0
3072,2,4.0,40.0
3079,1,4.0,40.0
3085,1,4.0,40.0
3087,1,4.0,40.0
3090,1,4.0,40.0
3096,1,4.0,40.0
3097,1,4.0,40.0
3100,1,4.0,40.0
3103,1,4.0,40.0
3108,2,4.0,40.0
3110,1,4.0,40.0
3111,2,4.0,40.0
3115,3,4.0,40.0
3118,1,4.0,40.0
3131,1,4.0,40.0
3132,1,4.0,40.0
3133,2,4.0,40.0
3136,1,4.0,40.0
3137,1,4.0,40.0
3144,1,4.0,40.0
3145,1,4.0,40.0
3149,1,4.0,40.0
3163,1,4.0,40.0
3165,1,4.0,40.0
3166,1,4.0,40.0
3167,1,4.0,40.0
3175,1,4.0,40.0
3178,1,4.0,40.0
3179,1,4.0,40.0
3182,1,4.0,40.0
3191,1,4.0,40.0
3196,1,4.0,40.0
3197,1,4.0,40.0
3200,1,4.0,40.0
3203,1,4.0,40.0
3214,1,4.0,40.0
3217,1,4.0,40.0
3226,1,4.0,40.0
3235,1,4.0,40.0
3242,1,4.0,40.0
3249,1,4.0,40.0
3250,1,4.0,40.0
3254,2,4.0,40.0
3256,2,4.0,40.0
3262,1,4.0,40.0
3264,1,4.0,40.0
3266,1,4.0,40.0
3272,2,4.0,40.0
3275,1,4.0,40.0
3282,1,4.0,40.0
3288,1,4.0,40.0
3291,1,4.0,40.0
3298,1,4.0,40.0
3304,1,4.0,40.0
3305,1,4.0,40.0
3316,1,4.0,40.0
3324,1,4.0,40.0
3325,1,4.0,40.0
3332,1,4.0,40.0
3335,1,4.0,40.0
3337,1,4.0,40.0
3338,1,4.0,40.0
3343,1,4.0,40.0
3344,1,4.0,40.0
3348,1,4.0,40.0
3357,1,4.0,40.0
3361,1,4.0,40.0
3364,1,4.0,40.0
3366,1,4.0,40.0
3368,1,4.0,40.0
3370,1,4.0,40.0
3371,1,4.0,40.0
3373,1,4.0,40.0
3378,1,4.0,40.0
3387,1,4.0,40.0
3399,1,4.0,40.0
3406,1,4.0,40.0
3413,2,4.0,40.0
3417,1,4.0,40.0
3422,1,4.0,40.0
3424,1,4.0,40.0
3425,2,4.0,40.0
3428,1,4.0,40.0
3432,2,4.0,40.0
3435,1,4.0,40.0
3437,1,4.0,40.0
3439,1,4.0,40.0
3444,2,4.0,40.0
3449,1,4.0,40.0
3453,1,4.0,40.0
3454,1,4.0,40.0
3458,2,4.0,40.0
3459,1,4.0,40.0
3461,1,4.0,40.0
3462,2,4.0,40.0
3466,1,4.0,40.0
3489,1,4.0,40.0
3490,1,4.0,40.0
3492,2,4.0,40.0
3498,1,4.0,40.0
3509,1,4.0,40.0
3519,1,4.0,40.0
3524,1,4.0,40.0
3525,1,4.0,40.0
3534,1,4.0,40.0
3543,1,4.0,40.0
3558,1,4.0,40.0
3559,1,4.0,40.0
3564,2,4.0,40.0
3575,1,4.0,40.0
3578,1,4.0,40.0
3579,2,4.0,40.0
3590,1,4.0,40.0
3607,1,4.0,40.0
3616,1,4.0,40.0
3621,1,4.0,40.0
3625,2,4.0,40.0
3631,1,4.0,40.0
3632,1,4.0,40.0
3636,1,4.0,40.0
3640,1,4.0,40.0
3644,1,4.0,40.0
3673,1,4.0,40.0
3679,1,4.0,40.0
3680,1,4.0,40.0
3687,1,4.0,40.0
3689,1,4.0,40.0
3698,1,4.0,40.0
3702,1,4.0,40.0
3707,1,4.0,40.0
3708,2,4.0,40.0
3731,1,4.0,40.0
3733,1,4.0,40.0
3746,1,4.0,40.0
3753,1,4.0,40.0
3754,1,4.0,40.0
3755,1,4.0,40.0
3768,1,4.0,40.0
3774,1,4.0,40.0
3777,1,4.0,40.0
3779,1,4.0,40.0
3783,1,4.0,40.0
3787,1,4.0,40.0
3788,1,4.0,40.0
3809,1,4.0,40.0
3810,1,4.0,40.0
3812,1,4.0,40.0
3820,1,4.0,40.0
3828,1,4.0,40.0
3829,1,4.0,40.0
3831,1,4.0,40.0
3833,1,4.0,40.0
3844,1,4.0,40.0
3850,1,4.0,40.0
3858,1,4.0,40.0
3868,1,4.0,40.0
3870,1,4.0,40.0
3891,1,4.0,40.0
3895,1,4.0,40.0
3896,1,4.0,40.0
3901,1,4.0,40.0
3914,2,4.0,40.0
3918,1,4.0,40.0
3919,1,4.0,40.0
3928,1,4.0,40.0
3929,1,4.0,40.0
3950,1,4.0,40.0
3960,1,4.0,40.0
3969,1,4.0,40.0
3972,1,4.0,40.0
3975,1,4.0,40.0
3979,1,4.0,40.0
4007,1,4.0,40.0
4011,1,4.0,40.0
4019,1,4.0,40.0
4029,1,4.0,40.0
4032,1,4.0,40.0
4036,1,4.0,40.0
4061,1,4.0,40.0
4083,2,4.0,40.0
4098,1,4.0,40.0
4103,1,4.0,40.0
4105,1,4.0,40.0
4115,1,4.0,40.0
4119,1,4.0,40.0
4123,1,4.0,40.0
4129,1,4.0,40.0
4143,2,4.0,40.0
4146,1,4.0,40.0
4148,1,4.0,40.0
4149,1,4.0,40.0
4176,1,4.0,40.0
4179,1,4.0,40.0
4181,1,4.0,40.0
4200,1,4.0,40.0
4210,1,4.0,40.0
4213,1,4.0,40.0
4224,1,4.0,40.0
4230,1,4.0,40.0
4243,1,4.0,40.0
4259,1,4.0,40.0
4261,1,4.0,40.0
4294,1,4.0,40.0
4298,1,4.0,40.0
4299,1,4.0,40.0
4328,1,4.0,40.0
4338,1,4.0,40.0
4360,1,4.0,40.0
4379,1,4.0,40.0
4393,1,4.0,40.0
4406,1,4.0,40.0
4418,1,4.0,40.0
4419,1,4.0,40.0
4431,1,4.0,40.0
4439,1,4.0,40.0
4449,1,4.0,40.0
4464,1,4.0,40.0
4480,1,4.0,40.0
4503,1,4.0,40.0
4522,1,4.0,40.0
4525,1,4.0,40.0
4550,1,4.0,40.0
4554,1,4.0,40.0
4567,1,4.0,40.0
4581,1,4.0,40.0
4583,1,4.0,40.0
4613,1,4.0,40.0
4624,1,4.0,40.0
4652,1,4.0,40.0
4662,1,4.0,40.0
4672,1,4.0,40.0
4699,1,4.0,40.0
4722,1,4.0,40.0
4741,2,4.0,40.0
4783,1,4.0,40.0
4816,1,4.0,40.0
4826,1,4.0,40.0
4840,1,4.0,40.0
4843,1,4.0,40.0
4927,1,4.0,40.0
4966,1,4.0,40.0
5014,1,4.0,40.0
5018,1,4.0,40.0
5043,1,4.0,40.0
5064,1,4.0,40.0
5125,1,4.0,40.0
5145,1,4.0,40.0
5163,1,4.0,40.0
5172,1,4.0,40.0
5221,1,4.0,40.0
5245,1,4.0,40.0
5260,1,4.0,40.0
5266,1,4.0,40.0
5306,1,4.0,40.0
5312,1,4.0,40.0
5344,1,4.0,40.0
5359,1,4.0,40.0
5396,1,4.0,40.0
5398,1,4.0,40.0
5415,1,4.0,40.0
5465,1,4.0,40.0
5550,1,4.0,40.0
5646,1,4.0,40.0
5649,1,4.0,40.0
5686,1,4.0,40.0
5787,1,4.0,40.0
5796,1,4.0,40.0
5827,1,4.0,40.0
5850,1,4.0,40.0
5861,1,4.0,40.0
6025,1,4.0,40.0
6040,1,4.0,40.0
6059,1,4.0,40.0
6150,1,4.0,40.0
6257,1,4.0,40.0
6271,1,4.0,40.0
6436,1,4.0,40.0
6629,1,4.0,40.0
6696,1,4.0,40.0
6824,1,4.0,40.0
6935,1,4.0,40.0
7544,1,4.0,40.0
7582,1,4.0,40.0
1,2464,4.0,60.0
2,2257,4.0,60.0
3,2086,4.0,60.0
4,1964,4.0,60.0
5,1769,4.0,60.0
6,1796,4.0,60.0
7,1675,4.0,60.0
8,1700,4.0,60.0
9,1577,4.0,60.0
10,1500,4.0,60.0
11,1451,4.0,60.0
12,1368,4.0,60.0
13,1372,4.0,60.0
14,1225,4.0,60.0
15,1222,4.0,60.0
16,1175,4.0,60.0
17,1122,4.0,60.0
18,1139,4.0,60.0
19,1056,4.0,60.0
20,1073,4.0,60.0
21,1044,4.0,60.0
22,1013,4.0,60.0
23,994,4.0,60.0
24,892,4.0,60.0
25,945,4.0,60.0
26,871,4.0,60.0
27,818,4.0,60.0
28,878,4.0,60.0
29,786,4.0,60.0
30,826,4.0,60.0
31,802,4.0,60.0
32,736,4.0,60.0
33,795,4.0,60.0
34,780,4.0,60.0
35,712,4.0,60.0
36,713,4.0,60.0
37,719,4.0,60.0
38,675,4.0,60.0
39,669,4.0,60.0
40,642,4.0,60.0
41,625,4.0,60.0
42,627,4.0,60.0
43,634,4.0,60.0
44,603,4.0,60.0
45,643,4.0,60.0
46,574,4.0,60.0
47,585,4.0,60.0
48,571,4.0,60.0
49,534,4.0,60.0
50,541,4.0,60.0
51,577,4.0,60.0
52,550,4.0,60.0
53,537,4.0,60.0
54,539,4.0,60.0
55,497,4.0,60.0
56,527,4.0,60.0
57,490,4.0,60.0
58,473,4.0,60.0
59,469,4.0,60.0
60,499,4.0,60.0
61,497,4.0,60.0
62,443,4.0,60.0
63,406,4.0,60.0
64,426,4.0,60.0
65,445,4.0,60.0
66,435,4.0,60.0
67,446,4.0,60.0
68,394,4.0,60.0
69,408,4.0,60.0
70,425,4.0,60.0
71,395,4.0,60.0
72,377,4.0,60.0
73,394,4.0,60.0
74,393,4.0,60.0
75,394,4.0,60.0
76,401,4.0,60.0
77,407,4.0,60.0
78,335,4.0,60.0
79,370,4.0,60.0
80,392,4.0,60.0
81,358,4.0,60.0
82,331,4.0,60.0
83,351,4.0,60.0
84,365,4.0,60.0
85,322,4.0,60.0
86,312,4.0,60.0
87,288,4.0,60.0
88,336,4.0,60.0
89,303,4.0,60.0
90,336,4.0,60.0
91,328,4.0,60.0
92,333,4.0,60.0
93,303,4.0,60.0
94,304,4.0,60.0
95,313,4.0,60.0
96,275,4.0,60.0
97,334,4.0,60.0
98,279,4.0,60.0
99,282,4.0,60.0
100,283,4.0,60.0
101,248,4.0,60.0
102,252,4.0,60.0
103,253,4.0,60.0
104,249,4.0,60.0
105,293,4.0,60.0
106,290,4.0,60.0
107,256,4.0,60.0
108,257,4.0,60.0
109,259,4.0,60.0
110,249,4.0,60.0
111,242,4.0,60.0
112,247,4.0,60.0
113,206,4.0,60.0
114,256,4.0,60.0
115,247,4.0,60.0
116,245,4.0,60.0
117,232,4.0,60.0
118,268,4.0,60.0
119,217,4.0,60.0
120,222,4.0,60.0
121,206,4.0,60.0
122,223,4.0,60.0
123,238,4.0,60.0
124,223,4.0,60.0
125,224,4.0,60.0
126,224,4.0,60.0
127,203,4.0,60.0
128,203,4.0,60.0
129,193,4.0,60.0
130,215,4.0,60.0
131,209,4.0,60.0
132,190,4.0,60.0
133,185,4.0,60.0
134,184,4.0,60.0
135,176,4.0,60.0
136,176,4.0,60.0
137,172,4.0,60.0
138,213,4.0,60.0
139,197,4.0,60.0
140,193,4.0,60.0
141,165,4.0,60.0
142,184,4.0,60.0
143,157,4.0,60.0
144,179,4.0,60.0
145,188,4.0,60.0
146,150,4.0,60.0
147,208,4.0,60.0
148,158,4.0,60.0
149,172,4.0,60.0
150,169,4.0,60.0
151,141,4.0,60.0
152,179,4.0,60.0
153,184,4.0,60.0
154,166,4.0,60.0
155,180,4.0,60.0
156,152,4.0,60.0
157,168,4.0,60.0
158,130,4.0,60.0
159,147,4.0,60.0
160,158,4.0,60.0
161,151,4.0,60.0
162,157,4.0,60.0
163,158,4.0,60.0
164,171,4.0,60.0
165,130,4.0,60.0
166,160,4.0,60.0
167,166,4.0,60.0
168,165,4.0,60.0
169,136,4.0,60.0
170,166,4.0,60.0
171,151,4.0,60.0
172,144,4.0,60.0
173,127,4.0,60.0
174,128,4.0,60.0
175,143,4.0,60.0
176,120,4.0,60.0
177,141,4.0,60.0
178,129,4.0,60.0
179,135,4.0,60.0
180,131,4.0,60.0
181,104,4.0,60.0
182,120,4.0,60.0
183,127,4.0,60.0
184,122,4.0,60.0
185,106,4.0,60.0
186,109,4.0,60.0
187,111,4.0,60.0
188,132,4.0,60.0
189,128,4.0,60.0
190,110,4.0,60.0
191,118,4.0,60.0
192,127,4.0,60.0
193,109,4.0,60.0
194,138,4.0,60.0
195,120,4.0,60.0
196,126,4.0,60.0
197,98,4.0,60.0
198,113,4.0,60.0
199,117,4.0,60.0
200,115,4.0,60.0
201,109,4.0,60.0
202,112,4.0,60.0
203,95,4.0,60.0
204,108,4.0,60.0
205,98,4.0,60.0
206,98,4.0,60.0
207,111,4.0,60.0
208,112,4.0,60.0
209,119,4.0,60.0
210,107,4.0,60.0
211,104,4.0,60.0
212,104,4.0,60.0
213,113,4.0,60.0
214,93,4.0,60.0
215,128,4.0,60.0
216,115,4.0,60.0
217,103,4.0,60.0
218,114,4.0,60.0
219,89,4.0,60.0
220,94,4.0,60.0
221,98,4.0,60.0
222,94,4.0,60.0
223,91,4.0,60.0
224,80,4.0,60.0
225,98,4.0,60.0
226,98,4.0,60.0
227,89,4.0,60.0
228,92,4.0,60.0
229,89,4.0,60.0
230,85,4.0,60.0
231,87,4.0,60.0
232,86,4.0,60.0
233,95,4.0,60.0
234,94,4.0,60.0
235,83,4.0,60.0
236,90,4.0,60.0
237,84,4.0,60.0
238,80,4.0,60.0
239,80,4.0,60.0
240,77,4.0,60.0
241,88,4.0,60.0
242,91,4.0,60.0
243,85,4.0,60.0
244,91,4.0,60.0
245,73,4.0,60.0
246,83,4.0,60.0
247,66,4.0,60.0
248,77,4.0,60.0
249,75,4.0,60.0
250,84,4.0,60.0
251,88,4.0,60.0
252,74,4.0,60.0
253,80,4.0,60.0
254,86,4.0,60.0
255,86,4.0,60.0
256,76,4.0,60.0
257,71,4.0,60.0
258,76,4.0,60.0
259,83,4.0,60.0
260,78,4.0,60.0
261,64,4.0,60.0
262,86,4.0,60.0
263,73,4.0,60.0
264,75,4.0,60.0
265,70,4.0,60.0
266,61,4.0,60.0
267,64,4.0,60.0
268,85,4.0,60.0
269,71,4.0,60.0
270,69,4.0,60.0
271,71,4.0,60.0
272,62,4.0,60.0
273,76,4.0,60.0
274,54,4.0,60.0
275,74,4.0,60.0
276,81,4.0,60.0
277,69,4.0,60.0
278,75,4.0,60.0
279,81,4.0,60.0
280,72,4.0,60.0
281,80,4.0,60.0
282,62,4.0,60.0
283,71,4.0,60.0
284,77,4.0,60.0
285,66,4.0,60.0
286,63,4.0,60.0
287,56,4.0,60.0
288,65,4.0,60.0
289,69,4.0,60.0
290,71,4.0,60.0
291,74,4.0,60.0
292,58,4.0,60.0
293,61,4.0,60.0
294,69,4.0,60.0
295,56,4.0,60.0
296,70,4.0,60.0
297,65,4.0,60.0
298,61,4.0,60.0
299,51,4.0,60.0
300,60,4.0,60.0
301,68,4.0,60.0
302,56,4.0,60.0
303,55,4.0,60.0
304,62,4.0,60.0
305,66,4.0,60.0
306,38,4.0,60.0
307,54,4.0,60.0
308,56,4.0,60.0
309,59,4.0,60.0
310,47,4.0,60.0
311,56,4.0,60.0
312,55,4.0,60.0
313,68,4.0,60.0
314,58,4.0,60.0
315,59,4.0,60.0
316,55,4.0,60.0
317,68,4.0,60.0
318,58,4.0,60.0
319,53,4.0,60.0
320,47,4.0,60.0
321,51,4.0,60.0
322,51,4.0,60.0
323,60,4.0,60.0
324,51,4.0,60.0
325,44,4.0,60.0
326,47,4.0,60.0
327,48,4.0,60.0
328,52,4.0,60.0
329,61,4.0,60.0
330,57,4.0,60.0
331,42,4.0,60.0
332,49,4.0,60.0
333,51,4.0,60.0
334,55,4.0,60.0
335,53,4.0,60.0
336,60,4.0,60.0
337,47,4.0,60.0
338,45,4.0,60.0
339,62,4.0,60.0
340,31,4.0,60.0
341,59,4.0,60.0
342,42,4.0,60.0
343,49,4.0,60.0
344,51,4.0,60.0
345,55,4.0,60.0
346,43,4.0,60.0
347,43,4.0,60.0
348,59,4.0,60.0
349,63,4.0,60.0
350,56,4.0,60.0
351,40,4.0,60.0
352,46,4.0,60.0
353,44,4.0,60.0
354,52,4.0,60.0
355,47,4.0,60.0
356,53,4.0,60.0
357,57,4.0,60.0
358,51,4.0,60.0
359,41,4.0,60.0
360,55,4.0,60.0
361,36,4.0,60.0
362,45,4.0,60.0
363,44,4.0,60.0
364,43,4.0,60.0
365,46,4.0,60.0
366,29,4.0,60.0
367,43,4.0,60.0
368,45,4.0,60.0
369,52,4.0,60.0
370,51,4.0,60.0
371,42,4.0,60.0
372,37,4.0,60.0
373,54,4.0,60.0
374,52,4.0,60.0
375,40,4.0,60.0
376,33,4.0,60.0
377,42,4.0,60.0
378,41,4.0,60.0
379,49,4.0,60.0
380,40,4.0,60.0
381,38,4.0,60.0
382,49,4.0,60.0
383,38,4.0,60.0
384,42,4.0,60.0
385,46,4.0,60.0
386,41,4.0,60.0
387,52,4.0,60.0
388,36,4.0,60.0
389,38,4.0,60.0
390,29,4.0,60.0
391,52,4.0,60.0
392,42,4.0,60.0
393,32,4.0,60.0
394,28,4.0,60.0
395,36,4.0,60.0
396,30,4.0,60.0
397,57,4.0,60.0
398,38,4.0,60.0
399,54,4.0,60.0
400,48,4.0,60.0
401,34,4.0,60.0
402,35,4.0,60.0
403,41,4.0,60.0
404,44,4.0,60.0
405,43,4.0,60.0
406,45,4.0,60.0
407,30,4.0,60.0
408,46,4.0,60.0
409,36,4.0,60.0
410,40,4.0,60.0
411,46,4.0,60.0
412,32,4.0,60.0
413,35,4.0,60.0
414,31,4.0,60.0
415,33,4.0,60.0
416,23,4.0,60.0
417,35,4.0,60.0
418,32,4.0,60.0
419,42,4.0,60.0
420,51,4.0,60.0
421,31,4.0,60.0
422,33,4.0,60.0
423,37,4.0,60.0
424,27,4.0,60.0
425,31,4.0,60.0
426,34,4.0,60.0
427,42,4.0,60.0
428,30,4.0,60.0
429,34,4.0,60.0
430,36,4.0,60.0
431,25,4.0,60.0
432,30,4.0,60.0
433,34,4.0,60.0
434,35,4.0,60.0
435,39,4.0,60.0
436,33,4.0,60.0
437,42,4.0,60.0
438,38,4.0,60.0
439,24,4.0,60.0
440,38,4.0,60.0
441,31,4.0,60.0
442,26,4.0,60.0
443,43,4.0,60.0
444,42,4.0,60.0
445,24,4.0,60.0
446,22,4.0,60.0
447,35,4.0,60.0
448,45,4.0,60.0
449,28,4.0,60.0
450,34,4.0,60.0
451,43,4.0,60.0
452,31,4.0,60.0
453,40,4.0,60.0
454,26,4.0,60.0
455,23,4.0,60.0
456,42,4.0,60.0
457,46,4.0,60.0
458,33,4.0,60.0
459,38,4.0,60.0
460,27,4.0,60.0
461,26,4.0,60.0
462,34,4.0,60.0
463,26,4.0,60.0
464,28,4.0,60.0
465,40,4.0,60.0
466,30,4.0,60.0
467,27,4.0,60.0
468,32,4.0,60.0
469,27,4.0,60.0
470,40,4.0,60.0
471,32,4.0,60.0
472,27,4.0,60.0
473,44,4.0,60.0
474,28,4.0,60.0
475,28,4.0,60.0
476,28,4.0,60.0
477,35,4.0,60.0
478,34,4.0,60.0
479,24,4.0,60.0
480,29,4.0,60.0
481,24,4.0,60.0
482,27,4.0,60.0
483,29,4.0,60.0
484,36,4.0,60.0
485,24,4.0,60.0
486,37,4.0,60.0
487,22,4.0,60.0
488,29,4.0,60.0
489,27,4.0,60.0
490,30,4.0,60.0
491,30,4.0,60.0
492,31,4.0,60.0
493,31,4.0,60.0
494,28,4.0,60.0
495,24,4.0,60.0
496,25,4.0,60.0
497,21,4.0,60.0
498,21,4.0,60.0
499,32,4.0,60.0
500,30,4.0,60.0
501,26,4.0,60.0
502,33,4.0,60.0
503,23,4.0,60.0
504,32,4.0,60.0
505,27,4.0,60.0
506,30,4.0,60.0
507,35,4.0,60.0
508,24,4.0,60.0
509,27,4.0,60.0
510,25,4.0,60.0
511,24,4.0,60.0
512,25,4.0,60.0
513,25,4.0,60.0
514,26,4.0,60.0
515,23,4.0,60.0
516,25,4.0,60.0
517,26,4.0,60.0
518,24,4.0,60.0
519,30,4.0,60.0
520,20,4.0,60.0
521,32,4.0,60.0
522,25,4.0,60.0
523,24,4.0,60.0
524,16,4.0,60.0
525,18,4.0,60.0
526,24,4.0,60.0
527,28,4.0,60.0
528,24,4.0,60.0
529,25,4.0,60.0
530,24,4.0,60.0
531,24,4.0,60.0
532,21,4.0,60.0
533,29,4.0,60.0
534,29,4.0,60.0
535,27,4.0,60.0
536,23,4.0,60.0
537,15,4.0,60.0
538,24,4.0,60.0
539,29,4.0,60.0
540,27,4.0,60.0
541,17,4.0,60.0
542,27,4.0,60.0
543,22,4.0,60.0
544,27,4.0,60.0
545,21,4.0,60.0
546,19,4.0,60.0
547,28,4.0,60.0
548,14,4.0,60.0
549,25,4.0,60.0
550,22,4.0,60.0
551,18,4.0,60.0
552,20,4.0,60.0
553,15,4.0,60.0
554,24,4.0,60.0
555,25,4.0,60.0
556,28,4.0,60.0
557,30,4.0,60.0
558,18,4.0,60.0
559,23,4.0,60.0
560,19,4.0,60.0
561,22,4.0,60.0
562,23,4.0,60.0
563,20,4.0,60.0
564,18,4.0,60.0
565,20,4.0,60.0
566,25,4.0,60.0
567,25,4.0,60.0
568,29,4.0,60.0
569,12,4.0,60.0
570,18,4.0,60.0
571,24,4.0,60.0
572,24,4.0,60.0
573,29,4.0,60.0
574,21,4.0,60.0
575,24,4.0,60.0
576,21,4.0,60.0
577,32,4.0,60.0
578,23,4.0,60.0
579,17,4.0,60.0
580,25,4.0,60.0
581,26,4.0,60.0
582,19,4.0,60.0
583,22,4.0,60.0
584,26,4.0,60.0
585,14,4.0,60.0
586,16,4.0,60.0
587,21,4.0,60.0
588,21,4.0,60.0
589,19,4.0,60.0
590,23,4.0,60.0
591,23,4.0,60.0
592,21,4.0,60.0
593,20,4.0,60.0
594,24,4.0,60.0
595,19,4.0,60.0
596,24,4.0,60.0
597,23,4.0,60.0
598,18,4.0,60.0
599,17,4.0,60.0
600,20,4.0,60.0
601,26,4.0,60.0
602,20,4.0,60.0
603,21,4.0,60.0
604,30,4.0,60.0
605,24,4.0,60.0
606,12,4.0,60.0
607,22,4.0,60.0
608,29,4.0,60.0
609,29,4.0,60.0
610,18,4.0,60.0
611,21,4.0,60.0
612,21,4.0,60.0
613,20,4.0,60.0
614,28,4.0,60.0
615,19,4.0,60.0
616,24,4.0,60.0
617,16,4.0,60.0
618,13,4.0,60.0
619,23,4.0,60.0
620,21,4.0,60.0
621,22,4.0,60.0
622,18,4.0,60.0
623,19,4.0,60.0
624,23,4.0,60.0
625,21,4.0,60.0
626,18,4.0,60.0
627,19,4.0,60.0
628,14,4.0,60.0
629,17,4.0,60.0
630,14,4.0,60.0
631,19,4.0,60.0
632,28,4.0,60.0
633,15,4.0,60.0
634,11,4.0,60.0
635,29,4.0,60.0
636,15,4.0,60.0
637,20,4.0,60.0
638,21,4.0,60.0
639,14,4.0,60.0
640,18,4.0,60.0
641,18,4.0,60.0
642,19,4.0,60.0
643,21,4.0,60.0
644,13,4.0,60.0
645,21,4.0,60.0
646,20,4.0,60.0
647,16,4.0,60.0
648,22,4.0,60.0
649,25,4.0,60.0
650,20,4.0,60.0
651,14,4.0,60.0
652,26,4.0,60.0
653,14,4.0,60.0
654,12,4.0,60.0
655,15,4.0,60.0
656,26,4.0,60.0
657,16,4.0,60.0
658,16,4.0,60.0
659,10,4.0,60.0
660,11,4.0,60.0
661,12,4.0,60.0
662,10,4.0,60.0
663,19,4.0,60.0
664,16,4.0,60.0
665,21,4.0,60.0
666,16,4.0,60.0
667,16,4.0,60.0
668,14,4.0,60.0
669,13,4.0,60.0
670,16,4.0,60.0
671,18,4.0,60.0
672,20,4.0,60.0
673,20,4.0,60.0
674,16,4.0,60.0
675,20,4.0,60.0
676,18,4.0,60.0
677,17,4.0,60.0
678,15,4.0,60.0
679,22,4.0,60.0
680,13,4.0,60.0
681,13,4.0,60.0
682,18,4.0,60.0
683,16,4.0,60.0
684,14,4.0,60.0
685,25,4.0,60.0
686,16,4.0,60.0
687,16,4.0,60.0
688,17,4.0,60.0
689,18,4.0,60.0
690,17,4.0,60.0
691,21,4.0,60.0
692,19,4.0,60.0
693,11,4.0,60.0
694,21,4.0,60.0
695,18,4.0,60.0
696,16,4.0,60.0
697,25,4.0,60.0
698,17,4.0,60.0
699,13,4.0,60.0
700,18,4.0,60.0
701,18,4.0,60.0
702,9,4.0,60.0
703,25,4.0,60.0
704,23,4.0,60.0
705,18,4.0,60.0
706,18,4.0,60.0
707,9,4.0,60.0
708,11,4.0,60.0
709,22,4.0,60.0
710,14,4.0,60.0
711,14,4.0,60.0
712,17,4.0,60.0
713,18,4.0,60.0
714,18,4.0,60.0
715,13,4.0,60.0
716,17,4.0,60.0
717,13,4.0,60.0
718,13,4.0,60.0
719,16,4.0,60.0
720,16,4.0,60.0
721,18,4.0,60.0
722,15,4.0,60.0
723,18,4.0,60.0
724,18,4.0,60.0
725,9,4.0,60.0
726,18,4.0,60.0
727,18,4.0,60.0
728,19,4.0,60.0
729,19,4.0,60.0
730,18,4.0,60.0
731,18,4.0,60.0
732,16,4.0,60.0
733,15,4.0,60.0
734,14,4.0,60.0
735,24,4.0,60.0
736,24,4.0,60.0
737,15,4.0,60.0
738,8,4.0,60.0
739,14,4.0,60.0
740,12,4.0,60.0
741,14,4.0,60.0
742,20,4.0,60.0
743,7,4.0,60.0
744,13,4.0,60.0
745,14,4.0,60.0
746,15,4.0,60.0
747,16,4.0,60.0
748,20,4.0,60.0
749,12,4.0,60.0
750,21,4.0,60.0
751,16,4.0,60.0
752,20,4.0,60.0
753,15,4.0,60.0
754,19,4.0,60.0
755,20,4.0,60.0
756,22,4.0,60.0
757,14,4.0,60.0
758,19,4.0,60.0
759,12,4.0,60.0
760,14,4.0,60.0
761,14,4.0,60.0
762,15,4.0,60.0
763,17,4.0,60.0
764,22,4.0,60.0
765,18,4.0,60.0
766,18,4.0,60.0
767,17,4.0,60.0
768,9,4.0,60.0
769,15,4.0,60.0
770,5,4.0,60.0
771,10,4.0,60.0
772,18,4.0,60.0
773,14,4.0,60.0
774,13,4.0,60.0
775,18,4.0,60.0
776,9,4.0,60.0
777,12,4.0,60.0
778,12,4.0,60.0
779,16,4.0,60.0
780,17,4.0,60.0
781,16,4.0,60.0
782,18,4.0,60.0
783,10,4.0,60.0
784,11,4.0,60.0
785,16,4.0,60.0
786,18,4.0,60.0
787,14,4.0,60.0
788,13,4.0,60.0
789,13,4.0,60.0
790,10,4.0,60.0
791,12,4.0,60.0
792,4,4.0,60.0
793,11,4.0,60.0
794,9,4.0,60.0
795,11,4.0,60.0
796,19,4.0,60.0
797,13,4.0,60.0
798,17,4.0,60.0
799,7,4.0,60.0
800,18,4.0,60.0
801,12,4.0,60.0
802,12,4.0,60.0
803,16,4.0,60.0
804,6,4.0,60.0
805,12,4.0,60.0
806,19,4.0,60.0
807,13,4.0,60.0
808,9,4.0,60.0
809,14,4.0,60.0
810,14,4.0,60.0
811,12,4.0,60.0
812,12,4.0,60.0
813,12,4.0,60.0
814,18,4.0,60.0
815,11,4.0,60.0
816,14,4.0,60.0
817,15,4.0,60.0
818,11,4.0,60.0
819,17,4.0,60.0
820,13,4.0,60.0
821,10,4.0,60.0
822,10,4.0,60.0
823,8,4.0,60.0
824,16,4.0,60.0
825,19,4.0,60.0
826,11,4.0,60.0
827,15,4.0,60.0
828,11,4.0,60.0
829,12,4.0,60.0
830,11,4.0,60.0
831,15,4.0,60.0
832,12,4.0,60.0
833,12,4.0,60.0
834,17,4.0,60.0
835,15,4.0,60.0
836,9,4.0,60.0
837,16,4.0,60.0
838,12,4.0,60.0
839,21,4.0,60.0
840,17,4.0,60.0
841,11,4.0,60.0
842,9,4.0,60.0
843,16,4.0,60.0
844,16,4.0,60.0
845,13,4.0,60.0
846,14,4.0,60.0
847,10,4.0,60.0
848,15,4.0,60.0
849,11,4.0,60.0
850,14,4.0,60.0
851,17,4.0,60.0
852,12,4.0,60.0
853,16,4.0,60.0
854,11,4.0,60.0
855,14,4.0,60.0
856,7,4.0,60.0
857,9,4.0,60.0
858,15,4.0,60.0
859,9,4.0,60.0
860,13,4.0,60.0
861,8,4.0,60.0
862,11,4.0,60.0
863,11,4.0,60.0
864,12,4.0,60.0
865,12,4.0,60.0
866,17,4.0,60.0
867,11,4.0,60.0
868,13,4.0,60.0
869,10,4.0,60.0
870,10,4.0,60.0
871,13,4.0,60.0
872,16,4.0,60.0
873,9,4.0,60.0
874,14,4.0,60.0
875,8,4.0,60.0
876,5,4.0,60.0
877,18,4.0,60.0
878,14,4.0,60.0
879,14,4.0,60.0
880,8,4.0,60.0
881,9,4.0,60.0
882,13,4.0,60.0
883,13,4.0,60.0
884,12,4.0,60.0
885,13,4.0,60.0
886,11,4.0,60.0
887,7,4.0,60.0
888,9,4.0,60.0
889,17,4.0,60.0
890,9,4.0,60.0
891,15,4.0,60.0
892,12,4.0,60.0
893,7,4.0,60.0
894,15,4.0,60.0
895,9,4.0,60.0
896,10,4.0,60.0
897,7,4.0,60.0
898,12,4.0,60.0
899,14,4.0,60.0
900,9,4.0,60.0
901,11,4.0,60.0
902,10,4.0,60.0
903,12,4.0,60.0
904,14,4.0,60.0
905,16,4.0,60.0
906,9,4.0,60.0
907,12,4.0,60.0
908,9,4.0,60.0
909,15,4.0,60.0
910,8,4.0,60.0
911,9,4.0,60.0
912,10,4.0,60.0
913,6,4.0,60.0
914,9,4.0,60.0
915,10,4.0,60.0
916,9,4.0,60.0
917,11,4.0,60.0
918,11,4.0,60.0
919,14,4.0,60.0
920,15,4.0,60.0
921,14,4.0,60.0
922,22,4.0,60.0
923,11,4.0,60.0
924,14,4.0,60.0
925,13,4.0,60.0
926,12,4.0,60.0
927,7,4.0,60.0
928,10,4.0,60.0
929,11,4.0,60.0
930,18,4.0,60.0
931,8,4.0,60.0
932,10,4.0,60.0
933,4,4.0,60.0
934,7,4.0,60.0
935,9,4.0,60.0
936,15,4.0,60.0
937,12,4.0,60.0
938,11,4.0,60.0
939,10,4.0,60.0
940,9,4.0,60.0
941,13,4.0,60.0
942,12,4.0,60.0
943,13,4.0,60.0
944,16,4.0,60.0
945,12,4.0,60.0
946,12,4.0,60.0
947,15,4.0,60.0
948,4,4.0,60.0
949,8,4.0,60.0
950,12,4.0,60.0
951,7,4.0,60.0
952,11,4.0,60.0
953,14,4.0,60.0
954,13,4.0,60.0
955,12,4.0,60.0
956,11,4.0,60.0
957,10,4.0,60.0
958,8,4.0,60.0
959,8,4.0,60.0
960,12,4.0,60.0
961,4,4.0,60.0
962,11,4.0,60.0
963,12,4.0,60.0
964,12,4.0,60.0
965,5,4.0,60.0
966,3,4.0,60.0
967,13,4.0,60.0
968,11,4.0,60.0
969,14,4.0,60.0
970,11,4.0,60.0
971,9,4.0,60.0
972,10,4.0,60.0
973,9,4.0,60.0
974,10,4.0,60.0
975,6,4.0,60.0
976,12,4.0,60.0
977,10,4.0,60.0
978,8,4.0,60.0
979,9,4.0,60.0
980,14,4.0,60.0
981,8,4.0,60.0
982,7,4.0,60.0
983,13,4.0,60.0
984,11,4.0,60.0
985,2,4.0,60.0
986,9,4.0,60.0
987,10,4.0,60.0
988,11,4.0,60.0
989,9,4.0,60.0
990,9,4.0,60.0
991,8,4.0,60.0
992,6,4.0,60.0
993,11,4.0,60.0
994,6,4.0,60.0
995,9,4.0,60.0
996,7,4.0,60.0
997,12,4.0,60.0
998,7,4.0,60.0
999,8,4.0,60.0
1000,7,4.0,60.0
1001,16,4.0,60.0
1002,9,4.0,60.0
1003,12,4.0,60.0
1004,12,4.0,60.0
1005,11,4.0,60.0
1006,13,4.0,60.0
1007,9,4.0,60.0
1008,11,4.0,60.0
1009,11,4.0,60.0
1010,13,4.0,60.0
1011,8,4.0,60.0
1012,12,4.0,60.0
1013,10,4.0,60.0
1014,9,4.0,60.0
1015,9,4.0,60.0
1016,15,4.0,60.0
1017,7,4.0,60.0
1018,7,4.0,60.0
1019,6,4.0,60.0
1020,13,4.0,60.0
1021,4,4.0,60.0
1022,8,4.0,60.0
1023,6,4.0,60.0
1024,11,4.0,60.0
1025,7,4.0,60.0
1026,14,4.0,60.0
1027,7,4.0,60.0
1028,7,4.0,60.0
1029,9,4.0,60.0
1030,6,4.0,60.0
1031,8,4.0,60.0
1032,8,4.0,60.0
1033,8,4.0,60.0
1034,9,4.0,60.0
1035,3,4.0,60.0
1036,9,4.0,60.0
1037,7,4.0,60.0
1038,10,4.0,60.0
1039,10,4.0,60.0
1040,10,4.0,60.0
1041,9,4.0,60.0
1042,8,4.0,60.0
1043,10,4.0,60.0
1044,10,4.0,60.0
1045,7,4.0,60.0
1046,10,4.0,60.0
1047,9,4.0,60.0
1048,11,4.0,60.0
1049,8,4.0,60.0
1050,7,4.0,60.0
1051,12,4.0,60.0
1052,14,4.0,60.0
1053,6,4.0,60.0
1054,10,4.0,60.0
1055,11,4.0,60.0
1056,7,4.0,60.0
1057,9,4.0,60.0
1058,12,4.0,60.0
1059,9,4.0,60.0
1060,8,4.0,60.0
1061,9,4.0,60.0
1062,10,4.0,60.0
1063,6,4.0,60.0
1064,7,4.0,60.0
1065,8,4.0,60.0
1066,7,4.0,60.0
1067,5,4.0,60.0
1068,13,4.0,60.0
1069,8,4.0,60.0
1070,11,4.0,60.0
1071,6,4.0,60.0
1072,8,4.0,60.0
1073,7,4.0,60.0
1074,11,4.0,60.0
1075,9,4.0,60.0
1076,5,4.0,60.0
1077,7,4.0,60.0
1078,8,4.0,60.0
1079,9,4.0,60.0
1080,11,4.0,60.0
1081,8,4.0,60.0
1082,7,4.0,60.0
1083,14,4.0,60.0
1084,5,4.0,60.0
1085,9,4.0,60.0
1086,10,4.0,60.0
1087,7,4.0,60.0
1088,9,4.0,60.0
1089,10,4.0,60.0
1090,11,4.0,60.0
1091,12,4.0,60.0
1092,13,4.0,60.0
1093,12,4.0,60.0
1094,8,4.0,60.0
1095,2,4.0,60.0
1096,6,4.0,60.0
1097,13,4.0,60.0
1098,9,4.0,60.0
1099,6,4.0,60.0
1100,6,4.0,60.0
1101,7,4.0,60.0
1102,15,4.0,60.0
1103,15,4.0,60.0
1104,7,4.0,60.0
1105,9,4.0,60.0
1106,8,4.0,60.0
1107,9,4.0,60.0
1108,10,4.0,60.0
1109,8,4.0,60.0
1110,5,4.0,60.0
1111,9,4.0,60.0
1112,4,4.0,60.0
1113,4,4.0,60.0
1114,9,4.0,60.0
1115,10,4.0,60.0
1116,3,4.0,60.0
1117,12,4.0,60.0
1118,5,4.0,60.0
1119,8,4.0,60.0
1120,4,4.0,60.0
1121,16,4.0,60.0
1122,6,4.0,60.0
1123,13,4.0,60.0
1124,6,4.0,60.0
1125,5,4.0,60.0
1126,7,4.0,60.0
1127,3,4.0,60.0
1128,13,4.0,60.0
1129,9,4.0,60.0
1130,6,4.0,60.0
1131,13,4.0,60.0
1132,6,4.0,60.0
1133,6,4.0,60.0
1134,8,4.0,60.0
1135,5,4.0,60.0
1136,9,4.0,60.0
1137,11,4.0,60.0
1138,7,4.0,60.0
1139,2,4.0,60.0
1140,5,4.0,60.0
1141,10,4.0,60.0
1142,7,4.0,60.0
1143,4,4.0,60.0
1144,8,4.0,60.0
1145,4,4.0,60.0
1146,5,4.0,60.0
1147,9,4.0,60.0
1148,6,4.0,60.0
1149,4,4.0,60.0
1150,6,4.0,60.0
1151,4,4.0,60.0
1152,11,4.0,60.0
1153,6,4.0,60.0
1154,9,4.0,60.0
1155,9,4.0,60.0
1156,7,4.0,60.0
1157,6,4.0,60.0
1158,9,4.0,60.0
1159,15,4.0,60.0
1160,5,4.0,60.0
1161,7,4.0,60.0
1162,2,4.0,60.0
1163,5,4.0,60.0
1164,9,4.0,60.0
1165,10,4.0,60.0
1166,12,4.0,60.0
1167,10,4.0,60.0
1168,11,4.0,60.0
1169,9,4.0,60.0
1170,10,4.0,60.0
1171,7,4.0,60.0
1172,4,4.0,60.0
1173,8,4.0,60.0
1174,9,4.0,60.0
1175,8,4.0,60.0
1176,11,4.0,60.0
1177,6,4.0,60.0
1178,9,4.0,60.0
1179,8,4.0,60.0
1180,5,4.0,60.0
1181,2,4.0,60.0
1182,7,4.0,60.0
1183,6,4.0,60.0
1184,10,4.0,60.0
1185,4,4.0,60.0
1186,6,4.0,60.0
1187,10,4.0,60.0
1188,7,4.0,60.0
1189,8,4.0,60.0
1190,10,4.0,60.0
1191,6,4.0,60.0
1192,4,4.0,60.0
1193,1,4.0,60.0
1194,8,4.0,60.0
1195,7,4.0,60.0
1196,9,4.0,60.0
1197,4,4.0,60.0
1198,7,4.0,60.0
1199,4,4.0,60.0
1200,7,4.0,60.0
1201,5,4.0,60.0
1202,11,4.0,60.0
1203,6,4.0,60.0
1204,6,4.0,60.0
1205,5,4.0,60.0
1206,6,4.0,60.0
1207,8,4.0,60.0
1208,5,4.0,60.0
1209,7,4.0,60.0
1210,7,4.0,60.0
1211,7,4.0,60.0
1212,7,4.0,60.0
1213,4,4.0,60.0
1214,5,4.0,60.0
1215,9,4.0,60.0
1216,2,4.0,60.0
1217,6,4.0,60.0
1218,8,4.0,60.0
1219,2,4.0,60.0
1220,9,4.0,60.0
1221,5,4.0,60.0
1222,12,4.0,60.0
1223,10,4.0,60.0
1224,7,4.0,60.0
1225,8,4.0,60.0
1226,8,4.0,60.0
1227,6,4.0,60.0
1228,7,4.0,60.0
1229,6,4.0,60.0
1230,5,4.0,60.0
1231,6,4.0,60.0
1232,10,4.0,60.0
1233,4,4.0,60.0
1234,9,4.0,60.0
1235,5,4.0,60.0
1236,6,4.0,60.0
1237,7,4.0,60.0
1238,6,4.0,60.0
1239,8,4.0,60.0
1240,6,4.0,60.0
1241,5,4.0,60.0
1242,8,4.0,60.0
1243,4,4.0,60.0
1244,2,4.0,60.0
1245,8,4.0,60.0
1246,8,4.0,60.0
1247,9,4.0,60.0
1248,2,4.0,60.0
1249,9,4.0,60.0
1250,8,4.0,60.0
1251,3,4.0,60.0
1252,7,4.0,60.0
1253,7,4.0,60.0
1254,4,4.0,60.0
1255,5,4.0,60.0
1256,3,4.0,60.0
1257,7,4.0,60.0
1258,5,4.0,60.0
1259,6,4.0,60.0
1260,6,4.0,60.0
1261,11,4.0,60.0
1262,8,4.0,60.0
1263,9,4.0,60.0
1264,3,4.0,60.0
1265,3,4.0,60.0
1266,7,4.0,60.0
1267,4,4.0,60.0
1268,6,4.0,60.0
1269,7,4.0,60.0
1270,9,4.0,60.0
1271,7,4.0,60.0
1272,9,4.0,60.0
1273,5,4.0,60.0
1274,6,4.0,60.0
1275,9,4.0,60.0
1276,4,4.0,60.0
1277,7,4.0,60.0
1278,8,4.0,60.0
1279,8,4.0,60.0
1280,6,4.0,60.0
1281,7,4.0,60.0
1282,7,4.0,60.0
1283,2,4.0,60.0
1284,6,4.0,60.0
1285,5,4.0,60.0
1286,5,4.0,60.0
1287,10,4.0,60.0
1288,8,4.0,60.0
1289,6,4.0,60.0
1290,8,4.0,60.0
1291,4,4.0,60.0
1292,6,4.0,60.0
1293,7,4.0,60.0
1294,6,4.0,60.0
1295,5,4.0,60.0
1296,4,4.0,60.0
1297,8,4.0,60.0
1298,5,4.0,60.0
1299,2,4.0,60.0
1300,6,4.0,60.0
1301,7,4.0,60.0
1302,7,4.0,60.0
1303,5,4.0,60.0
1304,4,4.0,60.0
1305,7,4.0,60.0
1306,6,4.0,60.0
1307,4,4.0,60.0
1308,6,4.0,60.0
1309,5,4.0,60.0
1310,3,4.0,60.0
1311,9,4.0,60.0
1312,7,4.0,60.0
1313,3,4.0,60.0
1314,9,4.0,60.0
1315,9,4.0,60.0
1316,6,4.0,60.0
1317,9,4.0,60.0
1318,7,4.0,60.0
1319,5,4.0,60.0
1320,9,4.0,60.0
1321,5,4.0,60.0
1322,8,4.0,60.0
1323,4,4.0,60.0
1324,4,4.0,60.0
1325,5,4.0,60.0
1326,8,4.0,60.0
1327,6,4.0,60.0
1328,4,4.0,60.0
1329,2,4.0,60.0
1330,11,4.0,60.0
1331,4,4.0,60.0
1332,5,4.0,60.0
1333,4,4.0,60.0
1334,5,4.0,60.0
1335,3,4.0,60.0
1336,8,4.0,60.0
1337,5,4.0,60.0
1338,5,4.0,60.0
1339,4,4.0,60.0
1340,8,4.0,60.0
1341,7,4.0,60.0
1342,7,4.0,60.0
1343,5,4.0,60.0
1344,12,4.0,60.0
1345,9,4.0,60.0
1346,10,4.0,60.0
1347,5,4.0,60.0
1348,4,4.0,60.0
1349,8,4.0,60.0
1350,8,4.0,60.0
1351,6,4.0,60.0
1352,4,4.0,60.0
1353,3,4.0,60.0
1354,3,4.0,60.0
1355,7,4.0,60.0
1356,3,4.0,60.0
1357,8,4.0,60.0
1358,3,4.0,60.0
1359,7,4.0,60.0
1360,4,4.0,60.0
1361,6,4.0,60.0
1362,3,4.0,60.0
1363,6,4.0,60.0
1364,2,4.0,60.0
1365,5,4.0,60.0
1366,4,4.0,60.0
1367,4,4.0,60.0
1368,2,4.0,60.0
1369,5,4.0,60.0
1370,6,4.0,60.0
1371,7,4.0,60.0
1372,9,4.0,60.0
1373,2,4.0,60.0
1374,4,4.0,60.0
1375,4,4.0,60.0
1376,7,4.0,60.0
1377,8,4.0,60.0
1378,1,4.0,60.0
1379,5,4.0,60.0
1380,8,4.0,60.0
1381,6,4.0,60.0
1382,5,4.0,60.0
1383,4,4.0,60.0
1384,6,4.0,60.0
1385,3,4.0,60.0
1386,6,4.0,60.0
1387,7,4.0,60.0
1388,4,4.0,60.0
1389,3,4.0,60.0
1390,10,4.0,60.0
1391,7,4.0,60.0
1392,4,4.0,60.0
1393,7,4.0,60.0
1394,4,4.0,60.0
1395,3,4.0,60.0
1396,5,4.0,60.0
1397,7,4.0,60.0
1398,6,4.0,60.0
1399,6,4.0,60.0
1400,9,4.0,60.0
1401,1,4.0,60.0
1402,8,4.0,60.0
1403,11,4.0,60.0
1404,3,4.0,60.0
1405,6,4.0,60.0
1406,7,4.0,60.0
1407,5,4.0,60.0
1408,2,4.0,60.0
1409,4,4.0,60.0
1410,3,4.0,60.0
1411,6,4.0,60.0
1412,2,4.0,60.0
1413,3,4.0,60.0
1414,8,4.0,60.0
1415,7,4.0,60.0
1416,6,4.0,60.0
1417,1,4.0,60.0
1418,7,4.0,60.0
1419,3,4.0,60.0
1420,3,4.0,60.0
1421,3,4.0,60.0
1422,4,4.0,60.0
1423,7,4.0,60.0
1424,5,4.0,60.0
1425,2,4.0,60.0
1426,8,4.0,60.0
1427,5,4.0,60.0
1428,6,4.0,60.0
1430,8,4.0,60.0
1431,5,4.0,60.0
1432,5,4.0,60.0
1433,8,4.0,60.0
1434,7,4.0,60.0
1435,4,4.0,60.0
1436,5,4.0,60.0
1437,3,4.0,60.0
1438,7,4.0,60.0
1439,5,4.0,60.0
1440,5,4.0,60.0
1441,5,4.0,60.0
1442,4,4.0,60.0
1443,1,4.0,60.0
1444,3,4.0,60.0
1445,11,4.0,60.0
1446,8,4.0,60.0
1447,7,4.0,60.0
1448,7,4.0,60.0
1449,4,4.0,60.0
1450,10,4.0,60.0
1451,5,4.0,60.0
1452,4,4.0,60.0
1453,2,4.0,60.0
1454,6,4.0,60.0
1455,8,4.0,60.0
1456,7,4.0,60.0
1457,4,4.0,60.0
1458,7,4.0,60.0
1459,5,4.0,60.0
1460,4,4.0,60.0
1461,8,4.0,60.0
1462,6,4.0,60.0
1463,7,4.0,60.0
1464,5,4.0,60.0
1465,7,4.0,60.0
1466,9,4.0,60.0
1467,9,4.0,60.0
1468,4,4.0,60.0
1469,3,4.0,60.0
1470,7,4.0,60.0
1471,2,4.0,60.0
1472,5,4.0,60.0
1473,4,4.0,60.0
1474,1,4.0,60.0
1475,7,4.0,60.0
1476,3,4.0,60.0
1477,4,4.0,60.0
1478,2,4.0,60.0
1479,3,4.0,60.0
1480,6,4.0,60.0
1481,3,4.0,60.0
1482,6,4.0,60.0
1483,7,4.0,60.0
1484,1,4.0,60.0
1485,3,4.0,60.0
1486,6,4.0,60.0
1487,3,4.0,60.0
1488,7,4.0,60.0
1489,4,4.0,60.0
1490,2,4.0,60.0
1491,7,4.0,60.0
1492,5,4.0,60.0
1493,7,4.0,60.0
1494,5,4.0,60.0
1495,6,4.0,60.0
1496,5,4.0,60.0
1497,6,4.0,60.0
1498,4,4.0,60.0
1499,4,4.0,60.0
1500,5,4.0,60.0
1501,4,4.0,60.0
1502,5,4.0,60.0
1503,2,4.0,60.0
1504,2,4.0,60.0
1505,4,4.0,60.0
1506,6,4.0,60.0
1507,2,4.0,60.0
1508,7,4.0,60.0
1509,4,4.0,60.0
1510,3,4.0,60.0
1511,6,4.0,60.0
1512,4,4.0,60.0
1513,3,4.0,60.0
1514,6,4.0,60.0
1515,1,4.0,60.0
1516,5,4.0,60.0
1518,6,4.0,60.0
1519,1,4.0,60.0
1520,3,4.0,60.0
1521,7,4.0,60.0
1522,2,4.0,60.0
1523,2,4.0,60.0
1524,3,4.0,60.0
1525,3,4.0,60.0
1526,4,4.0,60.0
1527,6,4.0,60.0
1528,1,4.0,60.0
1529,2,4.0,60.0
1530,5,4.0,60.0
1531,5,4.0,60.0
1532,4,4.0,60.0
1533,5,4.0,60.0
1534,5,4.0,60.0
1535,2,4.0,60.0
1536,4,4.0,60.0
1537,3,4.0,60.0
1538,4,4.0,60.0
1539,4,4.0,60.0
1540,3,4.0,60.0
1541,3,4.0,60.0
1542,6,4.0,60.0
1543,4,4.0,60.0
1544,6,4.0,60.0
1545,4,4.0,60.0
1546,3,4.0,60.0
1547,4,4.0,60.0
1548,2,4.0,60.0
1549,3,4.0,60.0
1550,3,4.0,60.0
1551,5,4.0,60.0
1552,4,4.0,60.0
1553,8,4.0,60.0
1554,2,4.0,60.0
1555,4,4.0,60.0
1556,3,4.0,60.0
1557,1,4.0,60.0
1558,3,4.0,60.0
1559,4,4.0,60.0
1560,7,4.0,60.0
1561,5,4.0,60.0
1562,1,4.0,60.0
1563,5,4.0,60.0
1564,5,4.0,60.0
1565,4,4.0,60.0
1566,2,4.0,60.0
1567,3,4.0,60.0
1568,5,4.0,60.0
1569,7,4.0,60.0
1570,1,4.0,60.0
1571,3,4.0,60.0
1572,2,4.0,60.0
1573,4,4.0,60.0
1574,5,4.0,60.0
1575,3,4.0,60.0
1576,3,4.0,60.0
1577,4,4.0,60.0
1578,3,4.0,60.0
1579,3,4.0,60.0
1580,3,4.0,60.0
1581,7,4.0,60.0
1582,7,4.0,60.0
1583,2,4.0,60.0
1584,2,4.0,60.0
1585,6,4.0,60.0
1586,6,4.0,60.0
1587,3,4.0,60.0
1588,4,4.0,60.0
1589,3,4.0,60.0
1590,6,4.0,60.0
1591,2,4.0,60.0
1592,2,4.0,60.0
1593,4,4.0,60.0
1594,6,4.0,60.0
1595,3,4.0,60.0
1596,9,4.0,60.0
1597,3,4.0,60.0
1598,3,4.0,60.0
1599,4,4.0,60.0
1600,3,4.0,60.0
1601,2,4.0,60.0
1602,2,4.0,60.0
1603,5,4.0,60.0
1604,2,4.0,60.0
1605,1,4.0,60.0
1606,5,4.0,60.0
1607,2,4.0,60.0
1608,4,4.0,60.0
1609,9,4.0,60.0
1610,5,4.0,60.0
1611,3,4.0,60.0
1612,3,4.0,60.0
1613,4,4.0,60.0
1614,1,4.0,60.0
1615,3,4.0,60.0
1616,1,4.0,60.0
1617,4,4.0,60.0
1618,3,4.0,60.0
1619,2,4.0,60.0
1620,5,4.0,60.0
1621,3,4.0,60.0
1622,2,4.0,60.0
1623,7,4.0,60.0
1624,4,4.0,60.0
1625,2,4.0,60.0
1626,6,4.0,60.0
1627,2,4.0,60.0
1628,3,4.0,60.0
1629,5,4.0,60.0
1630,6,4.0,60.0
1631,3,4.0,60.0
1632,5,4.0,60.0
1633,4,4.0,60.0
1634,2,4.0,60.0
1635,2,4.0,60.0
1636,2,4.0,60.0
1637,3,4.0,60.0
1638,6,4.0,60.0
1639,4,4.0,60.0
1640,3,4.0,60.0
1641,3,4.0,60.0
1642,4,4.0,60.0
1643,6,4.0,60.0
1644,2,4.0,60.0
1645,5,4.0,60.0
1646,3,4.0,60.0
1647,6,4.0,60.0
1648,4,4.0,60.0
1649,7,4.0,60.0
1650,1,4.0,60.0
1651,4,4.0,60.0
1652,3,4.0,60.0
1653,5,4.0,60.0
1654,3,4.0,60.0
1655,5,4.0,60.0
1656,6,4.0,60.0
1657,2,4.0,60.0
1658,3,4.0,60.0
1659,1,4.0,60.0
1660,4,4.0,60.0
1661,3,4.0,60.0
1662,3,4.0,60.0
1663,1,4.0,60.0
1664,5,4.0,60.0
1665,2,4.0,60.0
1666,1,4.0,60.0
1667,5,4.0,60.0
1668,3,4.0,60.0
1669,2,4.0,60.0
1670,5,4.0,60.0
1671,3,4.0,60.0
1672,5,4.0,60.0
1673,2,4.0,60.0
1674,3,4.0,60.0
1675,6,4.0,60.0
1676,4,4.0,60.0
1677,6,4.0,60.0
1678,2,4.0,60.0
1679,1,4.0,60.0
1680,2,4.0,60.0
1681,7,4.0,60.0
1682,3,4.0,60.0
1683,2,4.0,60.0
1684,1,4.0,60.0
1685,4,4.0,60.0
1686,1,4.0,60.0
1687,2,4.0,60.0
1688,3,4.0,60.0
1689,4,4.0,60.0
1690,2,4.0,60.0
1691,4,4.0,60.0
1692,6,4.0,60.0
1693,5,4.0,60.0
1694,5,4.0,60.0
1696,2,4.0,60.0
1697,5,4.0,60.0
1698,2,4.0,60.0
1699,4,4.0,60.0
1700,4,4.0,60.0
1701,3,4.0,60.0
1702,7,4.0,60.0
1703,4,4.0,60.0
1704,3,4.0,60.0
1705,2,4.0,60.0
1706,2,4.0,60.0
1707,2,4.0,60.0
1708,4,4.0,60.0
1709,4,4.0,60.0
1710,2,4.0,60.0
1711,4,4.0,60.0
1712,3,4.0,60.0
1715,4,4.0,60.0
1716,6,4.0,60.0
1717,2,4.0,60.0
1718,3,4.0,60.0
1719,3,4.0,60.0
1720,3,4.0,60.0
1721,8,4.0,60.0
1722,2,4.0,60.0
1723,2,4.0,60.0
1724,2,4.0,60.0
1726,5,4.0,60.0
1727,1,4.0,60.0
1728,5,4.0,60.0
1729,5,4.0,60.0
1730,6,4.0,60.0
1731,3,4.0,60.0
1733,1,4.0,60.0
1734,2,4.0,60.0
1735,4,4.0,60.0
1736,3,4.0,60.0
1738,5,4.0,60.0
1739,6,4.0,60.0
1740,6,4.0,60.0
1741,5,4.0,60.0
1742,2,4.0,60.0
1743,3,4.0,60.0
1745,5,4.0,60.0
1746,4,4.0,60.0
1747,4,4.0,60.0
1748,4,4.0,60.0
1749,3,4.0,60.0
1750,4,4.0,60.0
1751,2,4.0,60.0
1752,5,4.0,60.0
1753,5,4.0,60.0
1754,1,4.0,60.0
1755,5,4.0,60.0
1756,2,4.0,60.0
1757,2,4.0,60.0
1758,5,4.0,60.0
1759,2,4.0,60.0
1760,3,4.0,60.0
1761,3,4.0,60.0
1762,2,4.0,60.0
1763,5,4.0,60.0
1764,3,4.0,60.0
1765,4,4.0,60.0
1766,3,4.0,60.0
1767,5,4.0,60.0
1768,4,4.0,60.0
1769,2,4.0,60.0
1770,3,4.0,60.0
1771,3,4.0,60.0
1772,1,4.0,60.0
1773,2,4.0,60.0
1774,5,4.0,60.0
1775,4,4.0,60.0
1776,2,4.0,60.0
1777,2,4.0,60.0
1779,3,4.0,60.0
1780,3,4.0,60.0
1781,1,4.0,60.0
1782,2,4.0,60.0
1783,4,4.0,60.0
1784,3,4.0,60.0
1785,3,4.0,60.0
1787,2,4.0,60.0
1788,2,4.0,60.0
1789,1,4.0,60.0
1790,4,4.0,60.0
1791,2,4.0,60.0
1792,1,4.0,60.0
1793,2,4.0,60.0
1794,4,4.0,60.0
1795,4,4.0,60.0
1796,2,4.0,60.0
1797,1,4.0,60.0
1798,5,4.0,60.0
1799,4,4.0,60.0
1800,6,4.0,60.0
1801,2,4.0,60.0
1802,5,4.0,60.0
1803,6,4.0,60.0
1804,5,4.0,60.0
1805,1,4.0,60.0
1806,3,4.0,60.0
1807,7,4.0,60.0
1808,3,4.0,60.0
1809,2,4.0,60.0
1811,4,4.0,60.0
1812,7,4.0,60.0
1813,1,4.0,60.0
1814,3,4.0,60.0
1815,2,4.0,60.0
1816,4,4.0,60.0
1817,5,4.0,60.0
1818,5,4.0,60.0
1819,2,4.0,60.0
1820,3,4.0,60.0
1821,2,4.0,60.0
1822,4,4.0,60.0
1823,2,4.0,60.0
1824,3,4.0,60.0
1825,2,4.0,60.0
1826,1,4.0,60.0
1827,2,4.0,60.0
1828,1,4.0,60.0
1829,1,4.0,60.0
1830,4,4.0,60.0
1831,6,4.0,60.0
1832,2,4.0,60.0
1833,5,4.0,60.0
1834,3,4.0,60.0
1835,5,4.0,60.0
1836,2,4.0,60.0
1837,5,4.0,60.0
1838,2,4.0,60.0
1841,3,4.0,60.0
1842,2,4.0,60.0
1843,2,4.0,60.0
1844,5,4.0,60.0
1845,4,4.0,60.0
1846,2,4.0,60.0
1847,1,4.0,60.0
1848,3,4.0,60.0
1849,4,4.0,60.0
1851,6,4.0,60.0
1852,1,4.0,60.0
1853,5,4.0,60.0
1855,2,4.0,60.0
1856,4,4.0,60.0
1857,2,4.0,60.0
1858,1,4.0,60.0
1859,3,4.0,60.0
1860,2,4.0,60.0
1861,4,4.0,60.0
1862,3,4.0,60.0
1863,2,4.0,60.0
1864,1,4.0,60.0
1865,2,4.0,60.0
1866,4,4.0,60.0
1867,3,4.0,60.0
1868,4,4.0,60.0
1869,5,4.0,60.0
1870,2,4.0,60.0
1871,2,4.0,60.0
1872,1,4.0,60.0
1873,2,4.0,60.0
1874,2,4.0,60.0
1875,1,4.0,60.0
1876,2,4.0,60.0
1877,3,4.0,60.0
1879,2,4.0,60.0
1881,2,4.0,60.0
1882,2,4.0,60.0
1883,1,4.0,60.0
1884,5,4.0,60.0
1885,3,4.0,60.0
1886,1,4.0,60.0
1887,5,4.0,60.0
1888,2,4.0,60.0
1889,1,4.0,60.0
1890,7,4.0,60.0
1892,4,4.0,60.0
1893,6,4.0,60.0
1894,2,4.0,60.0
1895,2,4.0,60.0
1896,2,4.0,60.0
1897,3,4.0,60.0
1898,1,4.0,60.0
1899,4,4.0,60.0
1900,3,4.0,60.0
1901,2,4.0,60.0
1903,4,4.0,60.0
1904,1,4.0,60.0
1905,3,4.0,60.0
1907,5,4.0,60.0
1908,2,4.0,60.0
1909,2,4.0,60.0
1910,7,4.0,60.0
1911,3,4.0,60.0
1912,1,4.0,60.0
1913,6,4.0,60.0
1914,5,4.0,60.0
1915,3,4.0,60.0
1916,2,4.0,60.0
1917,2,4.0,60.0
1918,1,4.0,60.0
1919,2,4.0,60.0
1920,4,4.0,60.0
1921,7,4.0,60.0
1923,4,4.0,60.0
1924,2,4.0,60.0
1925,2,4.0,60.0
1926,2,4.0,60.0
1927,5,4.0,60.0
1928,5,4.0,60.0
1929,2,4.0,60.0
1930,1,4.0,60.0
1931,3,4.0,60.0
1932,4,4.0,60.0
1933,1,4.0,60.0
1934,2,4.0,60.0
1935,3,4.0,60.0
1936,3,4.0,60.0
1937,2,4.0,60.0
1938,3,4.0,60.0
1939,1,4.0,60.0
1940,2,4.0,60.0
1941,5,4.0,60.0
1943,3,4.0,60.0
1944,3,4.0,60.0
1945,4,4.0,60.0
1946,1,4.0,60.0
1947,7,4.0,60.0
1948,3,4.0,60.0
1949,2,4.0,60.0
1950,2,4.0,60.0
1951,3,4.0,60.0
1952,2,4.0,60.0
1953,3,4.0,60.0
1954,1,4.0,60.0
1955,1,4.0,60.0
1957,3,4.0,60.0
1958,2,4.0,60.0
1959,1,4.0,60.0
1960,2,4.0,60.0
1961,5,4.0,60.0
1963,2,4.0,60.0
1964,2,4.0,60.0
1965,3,4.0,60.0
1966,2,4.0,60.0
1967,3,4.0,60.0
1968,1,4.0,60.0
1969,2,4.0,60.0
1970,2,4.0,60.0
1971,4,4.0,60.0
1972,4,4.0,60.0
1973,2,4.0,60.0
1974,3,4.0,60.0
1975,4,4.0,60.0
1976,3,4.0,60.0
1977,4,4.0,60.0
1978,3,4.0,60.0
1979,3,4.0,60.0
1980,1,4.0,60.0
1981,2,4.0,60.0
1982,3,4.0,60.0
1983,3,4.0,60.0
1984,3,4.0,60.0
1985,3,4.0,60.0
1986,1,4.0,60.0
1987,2,4.0,60.0
1988,2,4.0,60.0
1989,5,4.0,60.0
1990,2,4.0,60.0
1991,1,4.0,60.0
1993,1,4.0,60.0
1994,2,4.0,60.0
1995,3,4.0,60.0
1996,1,4.0,60.0
1998,1,4.0,60.0
1999,3,4.0,60.0
2000,2,4.0,60.0
2001,4,4.0,60.0
2002,4,4.0,60.0
2004,1,4.0,60.0
2005,5,4.0,60.0
2006,2,4.0,60.0
2007,2,4.0,60.0
2008,2,4.0,60.0
2009,2,4.0,60.0
2010,2,4.0,60.0
2011,6,4.0,60.0
2013,2,4.0,60.0
2014,1,4.0,60.0
2016,5,4.0,60.0
2017,3,4.0,60.0
2018,2,4.0,60.0
2019,5,4.0,60.0
2020,4,4.0,60.0
2021,4,4.0,60.0
2023,4,4.0,60.0
2025,2,4.0,60.0
2026,4,4.0,60.0
2027,3,4.0,60.0
2028,5,4.0,60.0
2029,4,4.0,60.0
2030,5,4.0,60.0
2031,4,4.0,60.0
2032,4,4.0,60.0
2033,3,4.0,60.0
2034,3,4.0,60.0
2035,2,4.0,60.0
2037,5,4.0,60.0
2038,2,4.0,60.0
2040,3,4.0,60.0
2041,2,4.0,60.0
2042,3,4.0,60.0
2043,2,4.0,60.0
2044,2,4.0,60.0
2045,1,4.0,60.0
2046,2,4.0,60.0
2047,3,4.0,60.0
2049,1,4.0,60.0
2050,1,4.0,60.0
2051,2,4.0,60.0
2052,1,4.0,60.0
2053,2,4.0,60.0
2054,5,4.0,60.0
2055,1,4.0,60.0
2056,2,4.0,60.0
2057,3,4.0,60.0
2058,5,4.0,60.0
2059,2,4.0,60.0
2060,3,4.0,60.0
2061,1,4.0,60.0
2062,2,4.0,60.0
2063,1,4.0,60.0
2065,3,4.0,60.0
2066,3,4.0,60.0
2069,3,4.0,60.0
2070,1,4.0,60.0
2071,1,4.0,60.0
2073,1,4.0,60.0
2074,1,4.0,60.0
2075,4,4.0,60.0
2076,5,4.0,60.0
2077,2,4.0,60.0
2078,4,4.0,60.0
2079,3,4.0,60.0
2080,3,4.0,60.0
2081,3,4.0,60.0
2082,4,4.0,60.0
2083,1,4.0,60.0
2084,2,4.0,60.0
2085,3,4.0,60.0
2087,1,4.0,60.0
2088,1,4.0,60.0
2089,1,4.0,60.0
2090,7,4.0,60.0
2091,2,4.0,60.0
2092,4,4.0,60.0
2094,1,4.0,60.0
2095,1,4.0,60.0
2096,3,4.0,60.0
2098,2,4.0,60.0
2099,5,4.0,60.0
2100,2,4.0,60.0
2101,2,4.0,60.0
2102,2,4.0,60.0
2103,1,4.0,60.0
2104,4,4.0,60.0
2105,3,4.0,60.0
2106,2,4.0,60.0
2107,2,4.0,60.0
2108,1,4.0,60.0
2109,3,4.0,60.0
2110,2,4.0,60.0
2111,3,4.0,60.0
2112,3,4.0,60.0
2113,1,4.0,60.0
2115,2,4.0,60.0
2116,1,4.0,60.0
2118,3,4.0,60.0
2119,1,4.0,60.0
2120,1,4.0,60.0
2123,2,4.0,60.0
2124,1,4.0,60.0
2125,2,4.0,60.0
2126,2,4.0,60.0
2128,2,4.0,60.0
2129,1,4.0,60.0
2130,1,4.0,60.0
2131,4,4.0,60.0
2132,3,4.0,60.0
2133,1,4.0,60.0
2134,3,4.0,60.0
2135,3,4.0,60.0
2136,2,4.0,60.0
2137,2,4.0,60.0
2138,1,4.0,60.0
2139,1,4.0,60.0
2140,3,4.0,60.0
2141,3,4.0,60.0
2142,1,4.0,60.0
2143,3,4.0,60.0
2144,4,4.0,60.0
2145,1,4.0,60.0
2147,1,4.0,60.0
2148,1,4.0,60.0
2150,1,4.0,60.0
2151,1,4.0,60.0
2152,4,4.0,60.0
2153,1,4.0,60.0
2154,5,4.0,60.0
2155,2,4.0,60.0
2156,2,4.0,60.0
2157,6,4.0,60.0
2158,1,4.0,60.0
2159,3,4.0,60.0
2163,1,4.0,60.0
2165,2,4.0,60.0
2166,1,4.0,60.0
2167,1,4.0,60.0
2171,3,4.0,60.0
2172,1,4.0,60.0
2173,3,4.0,60.0
2174,2,4.0,60.0
2175,1,4.0,60.0
2176,1,4.0,60.0
2177,5,4.0,60.0
2178,3,4.0,60.0
2179,2,4.0,60.0
2180,1,4.0,60.0
2181,4,4.0,60.0
2182,2,4.0,60.0
2184,1,4.0,60.0
2185,2,4.0,60.0
2186,4,4.0,60.0
2188,2,4.0,60.0
2189,2,4.0,60.0
2190,1,4.0,60.0
2191,3,4.0,60.0
2192,1,4.0,60.0
2193,2,4.0,60.0
2194,2,4.0,60.0
2195,1,4.0,60.0
2197,1,4.0,60.0
2198,4,4.0,60.0
2199,2,4.0,60.0
2200,2,4.0,60.0
2201,1,4.0,60.0
2202,1,4.0,60.0
2204,1,4.0,60.0
2205,3,4.0,60.0
2206,3,4.0,60.0
2207,1,4.0,60.0
2208,4,4.0,60.0
2209,1,4.0,60.0
2210,2,4.0,60.0
2211,7,4.0,60.0
2213,1,4.0,60.0
2215,2,4.0,60.0
2216,2,4.0,60.0
2217,2,4.0,60.0
2218,1,4.0,60.0
2220,2,4.0,60.0
2221,5,4.0,60.0
2222,1,4.0,60.0
2223,1,4.0,60.0
2224,1,4.0,60.0
2225,1,4.0,60.0
2226,1,4.0,60.0
2227,4,4.0,60.0
2228,1,4.0,60.0
2229,3,4.0,60.0
2230,2,4.0,60.0
2231,2,4.0,60.0
2233,3,4.0,60.0
2234,1,4.0,60.0
2236,2,4.0,60.0
2237,4,4.0,60.0
2238,1,4.0,60.0
2239,1,4.0,60.0
2240,4,4.0,60.0
2241,1,4.0,60.0
2242,1,4.0,60.0
2243,2,4.0,60.0
2244,1,4.0,60.0
2245,4,4.0,60.0
2246,1,4.0,60.0
2247,2,4.0,60.0
2248,4,4.0,60.0
2249,1,4.0,60.0
2250,2,4.0,60.0
2252,3,4.0,60.0
2253,2,4.0,60.0
2254,2,4.0,60.0
2255,1,4.0,60.0
2256,1,4.0,60.0
2257,2,4.0,60.0
2258,5,4.0,60.0
2259,1,4.0,60.0
2261,2,4.0,60.0
2263,3,4.0,60.0
2264,4,4.0,60.0
2266,2,4.0,60.0
2267,2,4.0,60.0
2268,1,4.0,60.0
2270,2,4.0,60.0
2273,2,4.0,60.0
2275,3,4.0,60.0
2276,2,4.0,60.0
2277,2,4.0,60.0
2278,4,4.0,60.0
2279,1,4.0,60.0
2280,1,4.0,60.0
2281,3,4.0,60.0
2282,3,4.0,60.0
2283,2,4.0,60.0
2284,1,4.0,60.0
2285,1,4.0,60.0
2286,2,4.0,60.0
2288,2,4.0,60.0
2291,1,4.0,60.0
2292,2,4.0,60.0
2293,2,4.0,60.0
2294,1,4.0,60.0
2295,2,4.0,60.0
2296,3,4.0,60.0
2297,1,4.0,60.0
2298,2,4.0,60.0
2300,2,4.0,60.0
2301,3,4.0,60.0
2302,1,4.0,60.0
2303,3,4.0,60.0
2305,6,4.0,60.0
2306,2,4.0,60.0
2307,1,4.0,60.0
2308,3,4.0,60.0
2309,3,4.0,60.0
2310,2,4.0,60.0
2311,4,4.0,60.0
2312,2,4.0,60.0
2313,3,4.0,60.0
2314,1,4.0,60.0
2315,1,4.0,60.0
2316,3,4.0,60.0
2318,1,4.0,60.0
2319,1,4.0,60.0
2320,2,4.0,60.0
2321,2,4.0,60.0
2322,3,4.0,60.0
2323,2,4.0,60.0
2324,4,4.0,60.0
2325,3,4.0,60.0
2326,2,4.0,60.0
2327,2,4.0,60.0
2328,2,4.0,60.0
2330,4,4.0,60.0
2331,1,4.0,60.0
2332,5,4.0,60.0
2333,2,4.0,60.0
2334,3,4.0,60.0
2336,2,4.0,60.0
2337,2,4.0,60.0
2338,2,4.0,60.0
2339,2,4.0,60.0
2340,2,4.0,60.0
2341,1,4.0,60.0
2342,1,4.0,60.0
2343,2,4.0,60.0
2344,1,4.0,60.0
2345,2,4.0,60.0
2346,2,4.0,60.0
2347,1,4.0,60.0
2348,4,4.0,60.0
2349,6,4.0,60.0
2351,3,4.0,60.0
2353,1,4.0,60.0
2354,1,4.0,60.0
2355,3,4.0,60.0
2356,1,4.0,60.0
2357,1,4.0,60.0
2358,1,4.0,60.0
2359,3,4.0,60.0
2361,1,4.0,60.0
2362,1,4.0,60.0
2363,3,4.0,60.0
2364,4,4.0,60.0
2365,2,4.0,60.0
2366,1,4.0,60.0
2368,1,4.0,60.0
2371,2,4.0,60.0
2374,1,4.0,60.0
2375,2,4.0,60.0
2377,1,4.0,60.0
2378,2,4.0,60.0
2379,1,4.0,60.0
2380,3,4.0,60.0
2381,2,4.0,60.0
2383,2,4.0,60.0
2384,3,4.0,60.0
2386,1,4.0,60.0
2389,1,4.0,60.0
2392,3,4.0,60.0
2393,2,4.0,60.0
2394,3,4.0,60.0
2397,5,4.0,60.0
2398,1,4.0,60.0
2399,2,4.0,60.0
2400,1,4.0,60.0
2401,2,4.0,60.0
2402,2,4.0,60.0
2403,2,4.0,60.0
2405,1,4.0,60.0
2407,1,4.0,60.0
2408,1,4.0,60.0
2409,1,4.0,60.0
2410,1,4.0,60.0
2413,3,4.0,60.0
2414,2,4.0,60.0
2415,1,4.0,60.0
2416,2,4.0,60.0
2418,1,4.0,60.0
2419,2,4.0,60.0
2420,2,4.0,60.0
2421,1,4.0,60.0
2422,3,4.0,60.0
2423,2,4.0,60.0
2424,4,4.0,60.0
2426,1,4.0,60.0
2427,3,4.0,60.0
2428,2,4.0,60.0
2429,2,4.0,60.0
2430,1,4.0,60.0
2431,1,4.0,60.0
2432,1,4.0,60.0
2433,3,4.0,60.0
2435,3,4.0,60.0
2437,3,4.0,60.0
2438,3,4.0,60.0
2439,1,4.0,60.0
2441,3,4.0,60.0
2442,3,4.0,60.0
2443,1,4.0,60.0
2444,2,4.0,60.0
2446,3,4.0,60.0
2449,2,4.0,60.0
2450,3,4.0,60.0
2451,1,4.0,60.0
2452,4,4.0,60.0
2453,2,4.0,60.0
2455,1,4.0,60.0
2457,1,4.0,60.0
2459,3,4.0,60.0
2460,1,4.0,60.0
2463,2,4.0,60.0
2464,1,4.0,60.0
2465,2,4.0,60.0
2466,1,4.0,60.0
2468,5,4.0,60.0
2469,2,4.0,60.0
2472,1,4.0,60.0
2473,1,4.0,60.0
2476,3,4.0,60.0
2477,3,4.0,60.0
2478,4,4.0,60.0
2479,1,4.0,60.0
2480,2,4.0,60.0
2481,2,4.0,60.0
2482,1,4.0,60.0
2483,2,4.0,60.0
2484,1,4.0,60.0
2485,2,4.0,60.0
2486,1,4.0,60.0
2487,2,4.0,60.0
2488,2,4.0,60.0
2489,1,4.0,60.0
2490,3,4.0,60.0
2491,1,4.0,60.0
2492,1,4.0,60.0
2498,2,4.0,60.0
2499,2,4.0,60.0
2500,4,4.0,60.0
2501,2,4.0,60.0
2502,3,4.0,60.0
2504,1,4.0,60.0
2506,3,4.0,60.0
2508,1,4.0,60.0
2509,1,4.0,60.0
2510,2,4.0,60.0
2511,1,4.0,60.0
2512,1,4.0,60.0
2513,1,4.0,60.0
2514,1,4.0,60.0
2515,1,4.0,60.0
2516,1,4.0,60.0
2517,1,4.0,60.0
2518,1,4.0,60.0
2520,1,4.0,60.0
2521,1,4.0,60.0
2523,2,4.0,60.0
2528,1,4.0,60.0
2529,1,4.0,60.0
2531,3,4.0,60.0
2532,1,4.0,60.0
2533,2,4.0,60.0
2534,1,4.0,60.0
2536,2,4.0,60.0
2539,1,4.0,60.0
2540,1,4.0,60.0
2542,3,4.0,60.0
2544,3,4.0,60.0
2545,1,4.0,60.0
2546,2,4.0,60.0
2547,3,4.0,60.0
2548,3,4.0,60.0
2549,1,4.0,60.0
2550,1,4.0,60.0
2551,1,4.0,60.0
2552,1,4.0,60.0
2553,2,4.0,60.0
2554,1,4.0,60.0
2555,1,4.0,60.0
2557,1,4.0,60.0
2559,1,4.0,60.0
2561,1,4.0,60.0
2562,1,4.0,60.0
2565,1,4.0,60.0
2566,1,4.0,60.0
2567,2,4.0,60.0
2568,1,4.0,60.0
2570,1,4.0,60.0
2571,2,4.0,60.0
2573,1,4.0,60.0
2574,1,4.0,60.0
2575,5,4.0,60.0
2576,2,4.0,60.0
2577,1,4.0,60.0
2578,2,4.0,60.0
2579,2,4.0,60.0
2580,1,4.0,60.0
2582,1,4.0,60.0
2583,3,4.0,60.0
2584,1,4.0,60.0
2585,2,4.0,60.0
2586,2,4.0,60.0
2587,1,4.0,60.0
2588,2,4.0,60.0
2589,1,4.0,60.0
2590,1,4.0,60.0
2591,1,4.0,60.0
2592,2,4.0,60.0
2595,1,4.0,60.0
2596,1,4.0,60.0
2597,3,4.0,60.0
2598,3,4.0,60.0
2601,1,4.0,60.0
2605,1,4.0,60.0
2607,1,4.0,60.0
2608,1,4.0,60.0
2612,1,4.0,60.0
2613,1,4.0,60.0
2614,1,4.0,60.0
2615,2,4.0,60.0
2616,5,4.0,60.0
2619,1,4.0,60.0
2620,1,4.0,60.0
2621,2,4.0,60.0
2622,2,4.0,60.0
2623,2,4.0,60.0
2624,1,4.0,60.0
2625,1,4.0,60.0
2626,1,4.0,60.0
2627,2,4.0,60.0
2628,1,4.0,60.0
2629,2,4.0,60.0
2631,2,4.0,60.0
2632,1,4.0,60.0
2633,1,4.0,60.0
2634,1,4.0,60.0
2635,2,4.0,60.0
2637,2,4.0,60.0
2638,3,4.0,60.0
2641,2,4.0,60.0
2642,1,4.0,60.0
2643,1,4.0,60.0
2644,1,4.0,60.0
2646,3,4.0,60.0
2648,1,4.0,60.0
2650,1,4.0,60.0
2652,2,4.0,60.0
2653,2,4.0,60.0
2654,1,4.0,60.0
2655,1,4.0,60.0
2656,4,4.0,60.0
2658,1,4.0,60.0
2659,1,4.0,60.0
2661,2,4.0,60.0
2662,2,4.0,60.0
2664,4,4.0,60.0
2669,1,4.0,60.0
2670,2,4.0,60.0
2671,2,4.0,60.0
2674,1,4.0,60.0
2675,1,4.0,60.0
2677,2,4.0,60.0
2678,4,4.0,60.0
2679,1,4.0,60.0
2682,2,4.0,60.0
2683,3,4.0,60.0
2684,2,4.0,60.0
2685,1,4.0,60.0
2686,1,4.0,60.0
2687,1,4.0,60.0
2688,1,4.0,60.0
2689,2,4.0,60.0
2690,1,4.0,60.0
2693,1,4.0,60.0
2694,2,4.0,60.0
2695,2,4.0,60.0
2698,2,4.0,60.0
2699,1,4.0,60.0
2701,1,4.0,60.0
2702,2,4.0,60.0
2703,1,4.0,60.0
2704,1,4.0,60.0
2705,2,4.0,60.0
2707,2,4.0,60.0
2708,1,4.0,60.0
2709,2,4.0,60.0
2710,2,4.0,60.0
2711,1,4.0,60.0
2717,2,4.0,60.0
2720,2,4.0,60.0
2721,1,4.0,60.0
2723,1,4.0,60.0
2724,1,4.0,60.0
2727,1,4.0,60.0
2728,2,4.0,60.0
2729,1,4.0,60.0
2730,1,4.0,60.0
2731,1,4.0,60.0
2732,1,4.0,60.0
2733,3,4.0,60.0
2735,2,4.0,60.0
2736,2,4.0,60.0
2737,3,4.0,60.0
2738,3,4.0,60.0
2739,1,4.0,60.0
2740,4,4.0,60.0
2741,1,4.0,60.0
2742,2,4.0,60.0
2743,2,4.0,60.0
2744,2,4.0,60.0
2745,2,4.0,60.0
2747,2,4.0,60.0
2750,1,4.0,60.0
2752,1,4.0,60.0
2753,1,4.0,60.0
2756,1,4.0,60.0
2757,2,4.0,60.0
2759,1,4.0,60.0
2760,1,4.0,60.0
2761,1,4.0,60.0
2762,2,4.0,60.0
2763,1,4.0,60.0
2764,2,4.0,60.0
2770,3,4.0,60.0
2773,4,4.0,60.0
2774,1,4.0,60.0
2775,1,4.0,60.0
2777,1,4.0,60.0
2778,1,4.0,60.0
2779,1,4.0,60.0
2780,2,4.0,60.0
2781,2,4.0,60.0
2782,1,4.0,60.0
2784,1,4.0,60.0
2785,1,4.0,60.0
2787,1,4.0,60.0
2788,1,4.0,60.0
2789,2,4.0,60.0
2791,2,4.0,60.0
2792,1,4.0,60.0
2793,2,4.0,60.0
2795,2,4.0,60.0
2797,1,4.0,60.0
2799,1,4.0,60.0
2800,1,4.0,60.0
2807,1,4.0,60.0
2808,1,4.0,60.0
2810,1,4.0,60.0
2811,2,4.0,60.0
2813,1,4.0,60.0
2815,1,4.0,60.0
2816,1,4.0,60.0
2817,2,4.0,60.0
2819,4,4.0,60.0
2820,2,4.0,60.0
2821,2,4.0,60.0
2822,3,4.0,60.0
2823,3,4.0,60.0
2824,2,4.0,60.0
2830,2,4.0,60.0
2831,1,4.0,60.0
2834,2,4.0,60.0
2835,2,4.0,60.0
2836,4,4.0,60.0
2839,1,4.0,60.0
2841,1,4.0,60.0
2842,1,4.0,60.0
2843,1,4.0,60.0
2845,1,4.0,60.0
2847,3,4.0,60.0
2848,1,4.0,60.0
2850,1,4.0,60.0
2851,1,4.0,60.0
2853,1,4.0,60.0
2857,2,4.0,60.0
2861,2,4.0,60.0
2862,1,4.0,60.0
2863,1,4.0,60.0
2864,1,4.0,60.0
2867,1,4.0,60.0
2869,1,4.0,60.0
2870,2,4.0,60.0
2873,3,4.0,60.0
2874,1,4.0,60.0
2877,1,4.0,60.0
2882,1,4.0,60.0
2883,1,4.0,60.0
2884,1,4.0,60.0
2886,2,4.0,60.0
2892,1,4.0,60.0
2893,1,4.0,60.0
2897,1,4.0,60.0
2899,1,4.0,60.0
2900,2,4.0,60.0
2908,1,4.0,60.0
2909,1,4.0,60.0
2910,2,4.0,60.0
2913,1,4.0,60.0
2916,1,4.0,60.0
2917,2,4.0,60.0
2920,1,4.0,60.0
2921,1,4.0,60.0
2922,1,4.0,60.0
2924,1,4.0,60.0
2925,1,4.0,60.0
2926,1,4.0,60.0
2927,1,4.0,60.0
2930,3,4.0,60.0
2931,1,4.0,60.0
2933,2,4.0,60.0
2936,2,4.0,60.0
2941,3,4.0,60.0
2942,1,4.0,60.0
2943,1,4.0,60.0
2944,1,4.0,60.0
2945,1,4.0,60.0
2947,1,4.0,60.0
2949,2,4.0,60.0
2951,1,4.0,60.0
2952,1,4.0,60.0
2953,1,4.0,60.0
2954,1,4.0,60.0
2959,1,4.0,60.0
2960,1,4.0,60.0
2964,1,4.0,60.0
2968,4,4.0,60.0
2970,1,4.0,60.0
2971,2,4.0,60.0
2973,2,4.0,60.0
2974,2,4.0,60.0
2977,2,4.0,60.0
2978,1,4.0,60.0
2980,1,4.0,60.0
2983,1,4.0,60.0
2984,1,4.0,60.0
2985,1,4.0,60.0
2987,1,4.0,60.0
2989,1,4.0,60.0
2992,2,4.0,60.0
2994,1,4.0,60.0
2995,1,4.0,60.0
2997,1,4.0,60.0
3001,3,4.0,60.0
3003,1,4.0,60.0
3005,1,4.0,60.0
3007,2,4.0,60.0
3008,3,4.0,60.0
3009,1,4.0,60.0
3012,2,4.0,60.0
3013,1,4.0,60.0
3014,1,4.0,60.0
3015,4,4.0,60.0
3018,1,4.0,60.0
3019,1,4.0,60.0
3024,1,4.0,60.0
3026,2,4.0,60.0
3027,1,4.0,60.0
3028,2,4.0,60.0
3031,1,4.0,60.0
3034,1,4.0,60.0
3037,1,4.0,60.0
3038,1,4.0,60.0
3039,1,4.0,60.0
3040,1,4.0,60.0
3041,1,4.0,60.0
3042,1,4.0,60.0
3045,1,4.0,60.0
3047,2,4.0,60.0
3050,1,4.0,60.0
3052,1,4.0,60.0
3053,1,4.0,60.0
3057,3,4.0,60.0
3060,2,4.0,60.0
3061,1,4.0,60.0
3062,2,4.0,60.0
3063,1,4.0,60.0
3067,1,4.0,60.0
3070,2,4.0,60.0
3072,1,4.0,60.0
3073,1,4.0,60.0
3074,1,4.0,60.0
3076,3,4.0,60.0
3077,1,4.0,60.0
3080,1,4.0,60.0
3081,1,4.0,60.0
3082,2,4.0,60.0
3083,2,4.0,60.0
3085,2,4.0,60.0
3086,1,4.0,60.0
3087,1,4.0,60.0
3089,1,4.0,60.0
3090,1,4.0,60.0
3093,1,4.0,60.0
3094,2,4.0,60.0
3095,1,4.0,60.0
3097,1,4.0,60.0
3098,1,4.0,60.0
3099,1,4.0,60.0
3101,1,4.0,60.0
3104,1,4.0,60.0
3106,2,4.0,60.0
3111,1,4.0,60.0
3114,1,4.0,60.0
3118,1,4.0,60.0
3120,1,4.0,60.0
3121,1,4.0,60.0
3122,1,4.0,60.0
3123,2,4.0,60.0
3125,1,4.0,60.0
3128,1,4.0,60.0
3130,1,4.0,60.0
3132,2,4.0,60.0
3134,1,4.0,60.0
3135,1,4.0,60.0
3140,2,4.0,60.0
3142,1,4.0,60.0
3143,1,4.0,60.0
3144,1,4.0,60.0
3145,1,4.0,60.0
3146,1,4.0,60.0
3149,1,4.0,60.0
3153,2,4.0,60.0
3161,2,4.0,60.0
3163,2,4.0,60.0
3164,1,4.0,60.0
3166,3,4.0,60.0
3168,2,4.0,60.0
3169,1,4.0,60.0
3170,1,4.0,60.0
3172,1,4.0,60.0
3174,1,4.0,60.0
3175,1,4.0,60.0
3179,1,4.0,60.0
3180,2,4.0,60.0
3181,1,4.0,60.0
3184,1,4.0,60.0
3187,1,4.0,60.0
3188,2,4.0,60.0
3189,1,4.0,60.0
3190,1,4.0,60.0
3191,2,4.0,60.0
3194,1,4.0,60.0
3199,1,4.0,60.0
3200,2,4.0,60.0
3201,1,4.0,60.0
3202,1,4.0,60.0
3203,2,4.0,60.0
3205,2,4.0,60.0
3207,1,4.0,60.0
3208,1,4.0,60.0
3212,1,4.0,60.0
3213,1,4.0,60.0
3215,1,4.0,60.0
3221,1,4.0,60.0
3222,1,4.0,60.0
3223,1,4.0,60.0
3225,1,4.0,60.0
3226,1,4.0,60.0
3229,2,4.0,60.0
3230,1,4.0,60.0
3234,1,4.0,60.0
3235,1,4.0,60.0
3237,2,4.0,60.0
3239,1,4.0,60.0
3240,1,4.0,60.0
3243,2,4.0,60.0
3244,2,4.0,60.0
3245,1,4.0,60.0
3247,1,4.0,60.0
3252,1,4.0,60.0
3254,1,4.0,60.0
3260,1,4.0,60.0
3261,2,4.0,60.0
3263,2,4.0,60.0
3267,1,4.0,60.0
3268,1,4.0,60.0
3271,1,4.0,60.0
3273,1,4.0,60.0
3276,3,4.0,60.0
3277,1,4.0,60.0
3279,1,4.0,60.0
3281,1,4.0,60.0
3287,2,4.0,60.0
3288,1,4.0,60.0
3289,1,4.0,60.0
3292,1,4.0,60.0
3299,1,4.0,60.0
3305,1,4.0,60.0
3306,1,4.0,60.0
3308,1,4.0,60.0
3312,1,4.0,60.0
3314,1,4.0,60.0
3315,1,4.0,60.0
3317,1,4.0,60.0
3318,1,4.0,60.0
3319,1,4.0,60.0
3323,1,4.0,60.0
3324,1,4.0,60.0
3329,1,4.0,60.0
3332,1,4.0,60.0
3333,1,4.0,60.0
3335,1,4.0,60.0
3336,3,4.0,60.0
3337,1,4.0,60.0
3338,1,4.0,60.0
3342,1,4.0,60.0
3343,1,4.0,60.0
3345,1,4.0,60.0
3347,1,4.0,60.0
3352,1,4.0,60.0
3353,2,4.0,60.0
3354,2,4.0,60.0
3356,1,4.0,60.0
3358,1,4.0,60.0
3362,2,4.0,60.0
3366,2,4.0,60.0
3368,1,4.0,60.0
3372,1,4.0,60.0
3376,1,4.0,60.0
3379,1,4.0,60.0
3388,1,4.0,60.0
3392,2,4.0,60.0
3396,2,4.0,60.0
3399,1,4.0,60.0
3400,1,4.0,60.0
3403,2,4.0,60.0
3406,1,4.0,60.0
3408,1,4.0,60.0
3417,1,4.0,60.0
3418,1,4.0,60.0
3423,1,4.0,60.0
3424,1,4.0,60.0
3427,1,4.0,60.0
3430,1,4.0,60.0
3431,2,4.0,60.0
3434,2,4.0,60.0
3437,1,4.0,60.0
3443,1,4.0,60.0
3448,1,4.0,60.0
3451,1,4.0,60.0
3460,2,4.0,60.0
3461,1,4.0,60.0
3462,1,4.0,60.0
3463,2,4.0,60.0
3464,1,4.0,60.0
3465,1,4.0,60.0
3466,1,4.0,60.0
3468,1,4.0,60.0
3469,2,4.0,60.0
3472,2,4.0,60.0
3473,2,4.0,60.0
3478,1,4.0,60.0
3479,1,4.0,60.0
3480,2,4.0,60.0
3484,1,4.0,60.0
3487,3,4.0,60.0
3488,1,4.0,60.0
3492,1,4.0,60.0
3493,1,4.0,60.0
3495,2,4.0,60.0
3500,2,4.0,60.0
3501,1,4.0,60.0
3502,1,4.0,60.0
3503,2,4.0,60.0
3505,1,4.0,60.0
3511,1,4.0,60.0
3517,2,4.0,60.0
3519,1,4.0,60.0
3521,1,4.0,60.0
3533,1,4.0,60.0
3534,1,4.0,60.0
3539,1,4.0,60.0
3546,1,4.0,60.0
3550,1,4.0,60.0
3551,1,4.0,60.0
3552,1,4.0,60.0
3556,1,4.0,60.0
3559,2,4.0,60.0
3563,1,4.0,60.0
3566,1,4.0,60.0
3568,1,4.0,60.0
3570,1,4.0,60.0
3574,1,4.0,60.0
3576,1,4.0,60.0
3577,2,4.0,60.0
3579,1,4.0,60.0
3582,1,4.0,60.0
3587,1,4.0,60.0
3590,2,4.0,60.0
3592,1,4.0,60.0
3596,1,4.0,60.0
3597,1,4.0,60.0
3598,1,4.0,60.0
3599,2,4.0,60.0
3600,1,4.0,60.0
3601,1,4.0,60.0
3612,1,4.0,60.0
3614,1,4.0,60.0
3615,1,4.0,60.0
3616,1,4.0,60.0
3617,1,4.0,60.0
3618,1,4.0,60.0
3620,1,4.0,60.0
3625,1,4.0,60.0
3626,1,4.0,60.0
3631,2,4.0,60.0
3632,2,4.0,60.0
3634,1,4.0,60.0
3637,2,4.0,60.0
3640,1,4.0,60.0
3642,1,4.0,60.0
3651,1,4.0,60.0
3660,1,4.0,60.0
3663,1,4.0,60.0
3669,1,4.0,60.0
3673,1,4.0,60.0
3674,2,4.0,60.0
3676,1,4.0,60.0
3683,1,4.0,60.0
3686,1,4.0,60.0
3687,1,4.0,60.0
3694,1,4.0,60.0
3702,3,4.0,60.0
3704,1,4.0,60.0
3707,1,4.0,60.0
3711,1,4.0,60.0
3713,1,4.0,60.0
3721,1,4.0,60.0
3727,1,4.0,60.0
3731,1,4.0,60.0
3733,1,4.0,60.0
3738,1,4.0,60.0
3741,1,4.0,60.0
3742,1,4.0,60.0
3744,1,4.0,60.0
3747,1,4.0,60.0
3750,2,4.0,60.0
3752,1,4.0,60.0
3758,1,4.0,60.0
3760,1,4.0,60.0
3762,1,4.0,60.0
3764,1,4.0,60.0
3767,2,4.0,60.0
3769,1,4.0,60.0
3771,1,4.0,60.0
3773,1,4.0,60.0
3775,1,4.0,60.0
3777,1,4.0,60.0
3778,1,4.0,60.0
3779,2,4.0,60.0
3783,1,4.0,60.0
3786,2,4.0,60.0
3796,1,4.0,60.0
3797,1,4.0,60.0
3800,1,4.0,60.0
3802,1,4.0,60.0
3803,1,4.0,60.0
3813,1,4.0,60.0
3815,1,4.0,60.0
3820,2,4.0,60.0
3826,1,4.0,60.0
3829,1,4.0,60.0
3831,3,4.0,60.0
3835,2,4.0,60.0
3848,1,4.0,60.0
3852,1,4.0,60.0
3858,1,4.0,60.0
3860,1,4.0,60.0
3861,1,4.0,60.0
3862,1,4.0,60.0
3875,1,4.0,60.0
3876,1,4.0,60.0
3880,1,4.0,60.0
3882,1,4.0,60.0
3887,1,4.0,60.0
3888,1,4.0,60.0
3891,1,4.0,60.0
3897,1,4.0,60.0
3900,1,4.0,60.0
3907,1,4.0,60.0
3910,2,4.0,60.0
3911,1,4.0,60.0
3914,1,4.0,60.0
3916,1,4.0,60.0
3920,1,4.0,60.0
3921,1,4.0,60.0
3931,2,4.0,60.0
3934,1,4.0,60.0
3935,1,4.0,60.0
3945,1,4.0,60.0
3949,1,4.0,60.0
3961,1,4.0,60.0
3970,1,4.0,60.0
3976,1,4.0,60.0
3977,1,4.0,60.0
3978,1,4.0,60.0
3982,1,4.0,60.0
3984,1,4.0,60.0
3985,2,4.0,60.0
3986,1,4.0,60.0
3994,1,4.0,60.0
3997,2,4.0,60.0
4001,1,4.0,60.0
4003,1,4.0,60.0
4006,1,4.0,60.0
4008,2,4.0,60.0
4011,1,4.0,60.0
4018,1,4.0,60.0
4034,1,4.0,60.0
4040,1,4.0,60.0
4042,1,4.0,60.0
4045,1,4.0,60.0
4047,1,4.0,60.0
4049,1,4.0,60.0
4055,1,4.0,60.0
4059,1,4.0,60.0
4060,1,4.0,60.0
4062,1,4.0,60.0
4065,1,4.0,60.0
4068,2,4.0,60.0
4069,1,4.0,60.0
4072,1,4.0,60.0
4073,1,4.0,60.0
4082,2,4.0,60.0
4086,1,4.0,60.0
4088,1,4.0,60.0
4096,1,4.0,60.0
4102,1,4.0,60.0
4103,1,4.0,60.0
4104,1,4.0,60.0
4110,1,4.0,60.0
4112,1,4.0,60.0
4113,2,4.0,60.0
4114,1,4.0,60.0
4115,1,4.0,60.0
4116,1,4.0,60.0
4127,2,4.0,60.0
4131,1,4.0,60.0
4142,1,4.0,60.0
4143,1,4.0,60.0
4149,1,4.0,60.0
4154,1,4.0,60.0
4164,1,4.0,60.0
4165,1,4.0,60.0
4168,1,4.0,60.0
4177,1,4.0,60.0
4185,1,4.0,60.0
4186,1,4.0,60.0
4191,1,4.0,60.0
4193,1,4.0,60.0
4196,1,4.0,60.0
4202,1,4.0,60.0
4208,1,4.0,60.0
4214,1,4.0,60.0
4223,1,4.0,60.0
4225,1,4.0,60.0
4227,1,4.0,60.0
4229,2,4.0,60.0
4231,1,4.0,60.0
4243,1,4.0,60.0
4244,2,4.0,60.0
4245,1,4.0,60.0
4253,1,4.0,60.0
4260,1,4.0,60.0
4264,1,4.0,60.0
4269,1,4.0,60.0
4271,1,4.0,60.0
4274,1,4.0,60.0
4276,2,4.0,60.0
4293,1,4.0,60.0
4297,1,4.0,60.0
4300,1,4.0,60.0
4307,1,4.0,60.0
4318,1,4.0,60.0
4319,1,4.0,60.0
4323,1,4.0,60.0
4331,1,4.0,60.0
4355,1,4.0,60.0
4356,1,4.0,60.0
4357,1,4.0,60.0
4358,1,4.0,60.0
4361,1,4.0,60.0
4378,1,4.0,60.0
4381,1,4.0,60.0
4382,2,4.0,60.0
4383,1,4.0,60.0
4389,2,4.0,60.0
4397,1,4.0,60.0
4402,1,4.0,60.0
4405,1,4.0,60.0
4414,1,4.0,60.0
4416,1,4.0,60.0
4424,1,4.0,60.0
4427,2,4.0,60.0
4429,2,4.0,60.0
4431,1,4.0,60.0
4434,1,4.0,60.0
4436,2,4.0,60.0
4441,1,4.0,60.0
4443,1,4.0,60.0
4462,1,4.0,60.0
4468,1,4.0,60.0
4470,1,4.0,60.0
4479,1,4.0,60.0
4486,1,4.0,60.0
4489,1,4.0,60.0
4499,1,4.0,60.0
4506,1,4.0,60.0
4511,1,4.0,60.0
4513,1,4.0,60.0
4519,1,4.0,60.0
4526,1,4.0,60.0
4531,1,4.0,60.0
4543,1,4.0,60.0
4548,1,4.0,60.0
4552,1,4.0,60.0
4553,1,4.0,60.0
4554,1,4.0,60.0
4557,1,4.0,60.0
4558,1,4.0,60.0
4564,1,4.0,60.0
4574,1,4.0,60.0
4589,1,4.0,60.0
4590,1,4.0,60.0
4596,1,4.0,60.0
4599,1,4.0,60.0
4602,1,4.0,60.0
4605,1,4.0,60.0
4626,1,4.0,60.0
4636,1,4.0,60.0
4637,1,4.0,60.0
4642,1,4.0,60.0
4650,1,4.0,60.0
4656,1,4.0,60.0
4670,1,4.0,60.0
4675,2,4.0,60.0
4684,1,4.0,60.0
4697,1,4.0,60.0
4720,1,4.0,60.0
4721,2,4.0,60.0
4723,1,4.0,60.0
4726,1,4.0,60.0
4727,1,4.0,60.0
4738,1,4.0,60.0
4747,1,4.0,60.0
4757,1,4.0,60.0
4761,1,4.0,60.0
4764,1,4.0,60.0
4767,1,4.0,60.0
4774,2,4.0,60.0
4775,1,4.0,60.0
4779,1,4.0,60.0
4781,1,4.0,60.0
4787,2,4.0,60.0
4789,1,4.0,60.0
4792,1,4.0,60.0
4817,1,4.0,60.0
4826,1,4.0,60.0
4835,1,4.0,60.0
4837,1,4.0,60.0
4839,1,4.0,60.0
4840,1,4.0,60.0
4861,1,4.0,60.0
4862,2,4.0,60.0
4864,2,4.0,60.0
4866,1,4.0,60.0
4867,2,4.0,60.0
4869,1,4.0,60.0
4874,1,4.0,60.0
4880,1,4.0,60.0
4884,1,4.0,60.0
4895,1,4.0,60.0
4902,1,4.0,60.0
4905,1,4.0,60.0
4906,2,4.0,60.0
4954,1,4.0,60.0
4970,1,4.0,60.0
4971,1,4.0,60.0
4975,1,4.0,60.0
4987,1,4.0,60.0
4997,1,4.0,60.0
5005,1,4.0,60.0
5015,1,4.0,60.0
5019,1,4.0,60.0
5028,1,4.0,60.0
5029,1,4.0,60.0
5051,1,4.0,60.0
5053,1,4.0,60.0
5059,1,4.0,60.0
5067,1,4.0,60.0
5074,1,4.0,60.0
5075,1,4.0,60.0
5092,2,4.0,60.0
5096,2,4.0,60.0
5099,1,4.0,60.0
5107,1,4.0,60.0
5111,1,4.0,60.0
5168,1,4.0,60.0
5170,1,4.0,60.0
5172,1,4.0,60.0
5183,1,4.0,60.0
5193,1,4.0,60.0
5209,1,4.0,60.0
5237,1,4.0,60.0
5246,1,4.0,60.0
5266,1,4.0,60.0
5271,1,4.0,60.0
5277,1,4.0,60.0
5284,1,4.0,60.0
5308,1,4.0,60.0
5312,2,4.0,60.0
5325,1,4.0,60.0
5326,1,4.0,60.0
5329,1,4.0,60.0
5348,2,4.0,60.0
5352,1,4.0,60.0
5369,1,4.0,60.0
5381,1,4.0,60.0
5387,1,4.0,60.0
5392,1,4.0,60.0
5424,1,4.0,60.0
5426,1,4.0,60.0
5428,1,4.0,60.0
5445,1,4.0,60.0
5447,2,4.0,60.0
5455,1,4.0,60.0
5460,1,4.0,60.0
5490,1,4.0,60.0
5495,1,4.0,60.0
5502,1,4.0,60.0
5504,1,4.0,60.0
5510,1,4.0,60.0
5514,1,4.0,60.0
5522,1,4.0,60.0
5530,1,4.0,60.0
5532,1,4.0,60.0
5596,1,4.0,60.0
5620,1,4.0,60.0
5622,1,4.0,60.0
5643,1,4.0,60.0
5666,1,4.0,60.0
5671,1,4.0,60.0
5683,1,4.0,60.0
5693,1,4.0,60.0
5704,1,4.0,60.0
5708,1,4.0,60.0
5710,1,4.0,60.0
5738,1,4.0,60.0
5784,1,4.0,60.0
5823,1,4.0,60.0
5829,1,4.0,60.0
5899,1,4.0,60.0
6013,1,4.0,60.0
6035,1,4.0,60.0
6043,1,4.0,60.0
6053,1,4.0,60.0
6054,1,4.0,60.0
6104,1,4.0,60.0
6124,1,4.0,60.0
6139,1,4.0,60.0
6168,1,4.0,60.0
6208,1,4.0,60.0
6274,1,4.0,60.0
6289,1,4.0,60.0
6299,1,4.0,60.0
6334,1,4.0,60.0
6354,1,4.0,60.0
6372,1,4.0,60.0
6378,1,4.0,60.0
6421,1,4.0,60.0
6456,2,4.0,60.0
6475,1,4.0,60.0
6520,1,4.0,60.0
6539,1,4.0,60.0
6629,1,4.0,60.0
6638,1,4.0,60.0
6639,1,4.0,60.0
6676,1,4.0,60.0
6703,1,4.0,60.0
6755,1,4.0,60.0
6762,1,4.0,60.0
6848,1,4.0,60.0
6956,1,4.0,60.0
6999,1,4.0,60.0
7075,1,4.0,60.0
7092,1,4.0,60.0
7116,1,4.0,60.0
7179,1,4.0,60.0
7217,1,4.0,60.0
7249,1,4.0,60.0
7274,1,4.0,60.0
7287,1,4.0,60.0
7292,1,4.0,60.0
7360,1,4.0,60.0
7475,1,4.0,60.0
7528,1,4.0,60.0
7562,1,4.0,60.0
7566,1,4.0,60.0
7651,1,4.0,60.0
7718,1,4.0,60.0
7735,1,4.0,60.0
7848,1,4.0,60.0
7923,1,4.0,60.0
8289,1,4.0,60.0
8357,1,4.0,60.0
8950,1,4.0,60.0
9295,1,4.0,60.0
